  0
SECTION
  2
HEADER
  9
$ACADVER
  1
AC1027
  9
$ACADMAINTVER
 70
105
  9
$DWGCODEPAGE
  3
ANSI_1252
  9
$LASTSAVEDBY
  1
ezdxf
  9
$REQUIREDVERSIONS
160
0
  9
$INSBASE
 10
0.0
 20
0.0
 30
0.0
  9
$EXTMIN
 10
1e+20
 20
1e+20
 30
1e+20
  9
$EXTMAX
 10
-1e+20
 20
-1e+20
 30
-1e+20
  9
$LIMMIN
 10
0.0
 20
0.0
  9
$LIMMAX
 10
420.0
 20
297.0
  9
$ORTHOMODE
 70
0
  9
$REGENMODE
 70
1
  9
$FILLMODE
 70
1
  9
$QTEXTMODE
 70
0
  9
$MIRRTEXT
 70
1
  9
$LTSCALE
 40
1.0
  9
$ATTMODE
 70
1
  9
$TEXTSIZE
 40
2.5
  9
$TRACEWID
 40
1.0
  9
$TEXTSTYLE
  7
OpenSans
  9
$CLAYER
  8
0
  9
$CELTYPE
  6
ByLayer
  9
$CECOLOR
 62
256
  9
$CELTSCALE
 40
1.0
  9
$DISPSILH
 70
0
  9
$DIMSCALE
 40
1.0
  9
$DIMASZ
 40
0.175
  9
$DIMEXO
 40
0.125
  9
$DIMDLI
 40
3.75
  9
$DIMRND
 40
0.0
  9
$DIMDLE
 40
0.0
  9
$DIMEXE
 40
0.375
  9
$DIMTP
 40
0.0
  9
$DIMTM
 40
0.0
  9
$DIMTXT
 40
0.25
  9
$DIMCEN
 40
2.5
  9
$DIMTSZ
 40
0.0
  9
$DIMTOL
 70
0
  9
$DIMLIM
 70
0
  9
$DIMTIH
 70
0
  9
$DIMTOH
 70
0
  9
$DIMSE1
 70
0
  9
$DIMSE2
 70
0
  9
$DIMTAD
 70
1
  9
$DIMZIN
 70
12
  9
$DIMBLK
  1
ARCHTICK
  9
$DIMASO
 70
1
  9
$DIMSHO
 70
1
  9
$DIMPOST
  1

  9
$DIMAPOST
  1

  9
$DIMALT
 70
0
  9
$DIMALTD
 70
3
  9
$DIMALTF
 40
0.03937007874
  9
$DIMLFAC
 40
100.0
  9
$DIMTOFL
 70
1
  9
$DIMTVP
 40
0.0
  9
$DIMTIX
 70
0
  9
$DIMSOXD
 70
0
  9
$DIMSAH
 70
0
  9
$DIMBLK1
  1

  9
$DIMBLK2
  1

  9
$DIMSTYLE
  2
EZDXF
  9
$DIMCLRD
 70
0
  9
$DIMCLRE
 70
0
  9
$DIMCLRT
 70
0
  9
$DIMTFAC
 40
0.5
  9
$DIMGAP
 40
0.1
  9
$DIMJUST
 70
0
  9
$DIMSD1
 70
0
  9
$DIMSD2
 70
0
  9
$DIMTOLJ
 70
0
  9
$DIMTZIN
 70
8
  9
$DIMALTZ
 70
0
  9
$DIMALTTZ
 70
0
  9
$DIMUPT
 70
1
  9
$DIMDEC
 70
2
  9
$DIMTDEC
 70
2
  9
$DIMALTU
 70
2
  9
$DIMALTTD
 70
3
  9
$DIMTXSTY
  7
OpenSansCondensed-Light
  9
$DIMAUNIT
 70
0
  9
$DIMADEC
 70
2
  9
$DIMALTRND
 40
0.0
  9
$DIMAZIN
 70
3
  9
$DIMDSEP
 70
46
  9
$DIMATFIT
 70
3
  9
$DIMFRAC
 70
0
  9
$DIMLDRBLK
  1

  9
$DIMLUNIT
 70
2
  9
$DIMLWD
 70
-2
  9
$DIMLWE
 70
-2
  9
$DIMTMOVE
 70
2
  9
$DIMFXL
 40
1.0
  9
$DIMFXLON
 70
0
  9
$DIMJOGANG
 40
0.785398163397
  9
$DIMTFILL
 70
0
  9
$DIMTFILLCLR
 70
0
  9
$DIMARCSYM
 70
0
  9
$DIMLTYPE
  6

  9
$DIMLTEX1
  6

  9
$DIMLTEX2
  6

  9
$DIMTXTDIRECTION
 70
0
  9
$LUNITS
 70
2
  9
$LUPREC
 70
4
  9
$SKETCHINC
 40
1.0
  9
$FILLETRAD
 40
10.0
  9
$AUNITS
 70
0
  9
$AUPREC
 70
2
  9
$MENU
  1
.
  9
$ELEVATION
 40
0.0
  9
$PELEVATION
 40
0.0
  9
$THICKNESS
 40
0.0
  9
$LIMCHECK
 70
0
  9
$CHAMFERA
 40
0.0
  9
$CHAMFERB
 40
0.0
  9
$CHAMFERC
 40
0.0
  9
$CHAMFERD
 40
0.0
  9
$SKPOLY
 70
0
  9
$TDCREATE
 40
2461058.7505092593
  9
$TDUCREATE
 40
2458532.153996898
  9
$TDUPDATE
 40
2461058.7505208333
  9
$TDUUPDATE
 40
2458532.1544311
  9
$TDINDWG
 40
0.0
  9
$TDUSRTIMER
 40
0.0
  9
$USRTIMER
 70
1
  9
$ANGBASE
 50
0.0
  9
$ANGDIR
 70
0
  9
$PDMODE
 70
0
  9
$PDSIZE
 40
0.0
  9
$PLINEWID
 40
0.0
  9
$SPLFRAME
 70
0
  9
$SPLINETYPE
 70
6
  9
$SPLINESEGS
 70
8
  9
$HANDSEED
  5
F6
  9
$SURFTAB1
 70
6
  9
$SURFTAB2
 70
6
  9
$SURFTYPE
 70
6
  9
$SURFU
 70
6
  9
$SURFV
 70
6
  9
$UCSBASE
  2

  9
$UCSNAME
  2

  9
$UCSORG
 10
0.0
 20
0.0
 30
0.0
  9
$UCSXDIR
 10
1.0
 20
0.0
 30
0.0
  9
$UCSYDIR
 10
0.0
 20
1.0
 30
0.0
  9
$UCSORTHOREF
  2

  9
$UCSORTHOVIEW
 70
0
  9
$UCSORGTOP
 10
0.0
 20
0.0
 30
0.0
  9
$UCSORGBOTTOM
 10
0.0
 20
0.0
 30
0.0
  9
$UCSORGLEFT
 10
0.0
 20
0.0
 30
0.0
  9
$UCSORGRIGHT
 10
0.0
 20
0.0
 30
0.0
  9
$UCSORGFRONT
 10
0.0
 20
0.0
 30
0.0
  9
$UCSORGBACK
 10
0.0
 20
0.0
 30
0.0
  9
$PUCSBASE
  2

  9
$PUCSNAME
  2

  9
$PUCSORG
 10
0.0
 20
0.0
 30
0.0
  9
$PUCSXDIR
 10
1.0
 20
0.0
 30
0.0
  9
$PUCSYDIR
 10
0.0
 20
1.0
 30
0.0
  9
$PUCSORTHOREF
  2

  9
$PUCSORTHOVIEW
 70
0
  9
$PUCSORGTOP
 10
0.0
 20
0.0
 30
0.0
  9
$PUCSORGBOTTOM
 10
0.0
 20
0.0
 30
0.0
  9
$PUCSORGLEFT
 10
0.0
 20
0.0
 30
0.0
  9
$PUCSORGRIGHT
 10
0.0
 20
0.0
 30
0.0
  9
$PUCSORGFRONT
 10
0.0
 20
0.0
 30
0.0
  9
$PUCSORGBACK
 10
0.0
 20
0.0
 30
0.0
  9
$USERI1
 70
0
  9
$USERI2
 70
0
  9
$USERI3
 70
0
  9
$USERI4
 70
0
  9
$USERI5
 70
0
  9
$USERR1
 40
0.0
  9
$USERR2
 40
0.0
  9
$USERR3
 40
0.0
  9
$USERR4
 40
0.0
  9
$USERR5
 40
0.0
  9
$WORLDVIEW
 70
1
  9
$SHADEDGE
 70
3
  9
$SHADEDIF
 70
70
  9
$TILEMODE
 70
1
  9
$MAXACTVP
 70
64
  9
$PINSBASE
 10
0.0
 20
0.0
 30
0.0
  9
$PLIMCHECK
 70
0
  9
$PEXTMIN
 10
1e+20
 20
1e+20
 30
1e+20
  9
$PEXTMAX
 10
-1e+20
 20
-1e+20
 30
-1e+20
  9
$PLIMMIN
 10
0.0
 20
0.0
  9
$PLIMMAX
 10
420.0
 20
297.0
  9
$UNITMODE
 70
0
  9
$VISRETAIN
 70
1
  9
$PLINEGEN
 70
0
  9
$PSLTSCALE
 70
1
  9
$TREEDEPTH
 70
3020
  9
$CMLSTYLE
  2
Standard
  9
$CMLJUST
 70
0
  9
$CMLSCALE
 40
20.0
  9
$PROXYGRAPHICS
 70
1
  9
$MEASUREMENT
 70
1
  9
$CELWEIGHT
370
-1
  9
$ENDCAPS
280
0
  9
$JOINSTYLE
280
0
  9
$LWDISPLAY
290
0
  9
$INSUNITS
 70
6
  9
$HYPERLINKBASE
  1

  9
$STYLESHEET
  1

  9
$XEDIT
290
1
  9
$CEPSNTYPE
380
0
  9
$PSTYLEMODE
290
1
  9
$FINGERPRINTGUID
  2
{265CAA2F-ED69-4955-B495-F748790AE8B5}
  9
$VERSIONGUID
  2
{ED6D5364-1D46-4554-8C42-D8C89A904100}
  9
$EXTNAMES
290
1
  9
$PSVPSCALE
 40
0.0
  9
$OLESTARTUP
290
0
  9
$SORTENTS
280
127
  9
$INDEXCTL
280
0
  9
$HIDETEXT
280
1
  9
$XCLIPFRAME
280
1
  9
$HALOGAP
280
0
  9
$OBSCOLOR
 70
257
  9
$OBSLTYPE
280
0
  9
$INTERSECTIONDISPLAY
280
0
  9
$INTERSECTIONCOLOR
 70
257
  9
$DIMASSOC
280
2
  9
$PROJECTNAME
  1

  9
$CAMERADISPLAY
290
0
  9
$LENSLENGTH
 40
50.0
  9
$CAMERAHEIGHT
 40
0.0
  9
$STEPSPERSEC
 40
24.0
  9
$STEPSIZE
 40
100.0
  9
$3DDWFPREC
 40
2.0
  9
$PSOLWIDTH
 40
0.005
  9
$PSOLHEIGHT
 40
0.08
  9
$LOFTANG1
 40
1.570796326795
  9
$LOFTANG2
 40
1.570796326795
  9
$LOFTMAG1
 40
0.0
  9
$LOFTMAG2
 40
0.0
  9
$LOFTPARAM
 70
7
  9
$LOFTNORMALS
280
1
  9
$LATITUDE
 40
37.795
  9
$LONGITUDE
 40
-122.394
  9
$NORTHDIRECTION
 40
0.0
  9
$TIMEZONE
 70
-8000
  9
$LIGHTGLYPHDISPLAY
280
1
  9
$TILEMODELIGHTSYNCH
280
1
  9
$CMATERIAL
347
20
  9
$SOLIDHIST
280
0
  9
$SHOWHIST
280
1
  9
$DWFFRAME
280
2
  9
$DGNFRAME
280
2
  9
$REALWORLDSCALE
290
1
  9
$INTERFERECOLOR
 62
256
  9
$CSHADOW
280
0
  9
$SHADOWPLANELOCATION
 40
0.0
  0
ENDSEC
  0
SECTION
  2
CLASSES
  0
CLASS
  1
ACDBDICTIONARYWDFLT
  2
AcDbDictionaryWithDefault
  3
ObjectDBX Classes
 90
0
 91
0
280
0
281
0
  0
CLASS
  1
SUN
  2
AcDbSun
  3
SCENEOE
 90
1153
 91
0
280
0
281
0
  0
CLASS
  1
VISUALSTYLE
  2
AcDbVisualStyle
  3
ObjectDBX Classes
 90
4095
 91
0
280
0
281
0
  0
CLASS
  1
MATERIAL
  2
AcDbMaterial
  3
ObjectDBX Classes
 90
1153
 91
0
280
0
281
0
  0
CLASS
  1
SCALE
  2
AcDbScale
  3
ObjectDBX Classes
 90
1153
 91
0
280
0
281
0
  0
CLASS
  1
TABLESTYLE
  2
AcDbTableStyle
  3
ObjectDBX Classes
 90
4095
 91
0
280
0
281
0
  0
CLASS
  1
MLEADERSTYLE
  2
AcDbMLeaderStyle
  3
ACDB_MLEADERSTYLE_CLASS
 90
4095
 91
0
280
0
281
0
  0
CLASS
  1
DICTIONARYVAR
  2
AcDbDictionaryVar
  3
ObjectDBX Classes
 90
0
 91
0
280
0
281
0
  0
CLASS
  1
CELLSTYLEMAP
  2
AcDbCellStyleMap
  3
ObjectDBX Classes
 90
1152
 91
0
280
0
281
0
  0
CLASS
  1
MENTALRAYRENDERSETTINGS
  2
AcDbMentalRayRenderSettings
  3
SCENEOE
 90
1024
 91
0
280
0
281
0
  0
CLASS
  1
ACDBDETAILVIEWSTYLE
  2
AcDbDetailViewStyle
  3
ObjectDBX Classes
 90
1025
 91
0
280
0
281
0
  0
CLASS
  1
ACDBSECTIONVIEWSTYLE
  2
AcDbSectionViewStyle
  3
ObjectDBX Classes
 90
1025
 91
0
280
0
281
0
  0
CLASS
  1
RASTERVARIABLES
  2
AcDbRasterVariables
  3
ISM
 90
0
 91
0
280
0
281
0
  0
CLASS
  1
ACDBPLACEHOLDER
  2
AcDbPlaceHolder
  3
ObjectDBX Classes
 90
0
 91
0
280
0
281
0
  0
CLASS
  1
LAYOUT
  2
AcDbLayout
  3
ObjectDBX Classes
 90
0
 91
0
280
0
281
0
  0
ENDSEC
  0
SECTION
  2
TABLES
  0
TABLE
  2
VPORT
  5
8
330
0
100
AcDbSymbolTable
 70
1
  0
VPORT
  5
23
330
8
100
AcDbSymbolTableRecord
100
AcDbViewportTableRecord
  2
*Active
 70
0
 10
0.0
 20
0.0
 11
1.0
 21
1.0
 12
0.0
 22
0.0
 13
0.0
 23
0.0
 14
0.5
 24
0.5
 15
0.5
 25
0.5
 16
0.0
 26
0.0
 36
1.0
 17
0.0
 27
0.0
 37
0.0
 40
1000.0
 41
1.34
 42
50.0
 43
0.0
 44
0.0
 50
0.0
 51
0.0
 71
0
 72
1000
 73
1
 74
3
 75
0
 76
0
 77
0
 78
0
281
0
 65
0
146
0.0
  0
ENDTAB
  0
TABLE
  2
LTYPE
  5
2
330
0
100
AcDbSymbolTable
 70
21
  0
LTYPE
  5
24
330
2
100
AcDbSymbolTableRecord
100
AcDbLinetypeTableRecord
  2
ByBlock
 70
0
  3

 72
65
 73
0
 40
0.0
  0
LTYPE
  5
25
330
2
100
AcDbSymbolTableRecord
100
AcDbLinetypeTableRecord
  2
ByLayer
 70
0
  3

 72
65
 73
0
 40
0.0
  0
LTYPE
  5
26
330
2
100
AcDbSymbolTableRecord
100
AcDbLinetypeTableRecord
  2
Continuous
 70
0
  3

 72
65
 73
0
 40
0.0
  0
LTYPE
  5
2F
330
2
100
AcDbSymbolTableRecord
100
AcDbLinetypeTableRecord
  2
CENTER
 70
0
  3
Center ____ _ ____ _ ____ _ ____ _ ____ _ ____
 72
65
 73
4
 40
5.08
 49
3.175
 74
0
 49
-0.635
 74
0
 49
0.635
 74
0
 49
-0.635
 74
0
  0
LTYPE
  5
30
330
2
100
AcDbSymbolTableRecord
100
AcDbLinetypeTableRecord
  2
CENTERX2
 70
0
  3
Center (2x) ________  __  ________  __  ________
 72
65
 73
4
 40
8.89
 49
6.35
 74
0
 49
-0.635
 74
0
 49
1.27
 74
0
 49
-0.635
 74
0
  0
LTYPE
  5
31
330
2
100
AcDbSymbolTableRecord
100
AcDbLinetypeTableRecord
  2
CENTER2
 70
0
  3
Center (.5x) ____ _ ____ _ ____ _ ____ _ ____
 72
65
 73
4
 40
2.54
 49
1.587
 74
0
 49
-0.318
 74
0
 49
0.318
 74
0
 49
-0.318
 74
0
  0
LTYPE
  5
32
330
2
100
AcDbSymbolTableRecord
100
AcDbLinetypeTableRecord
  2
DASHED
 70
0
  3
Dashed __ __ __ __ __ __ __ __ __ __ __ __ __ _
 72
65
 73
2
 40
1.524
 49
1.27
 74
0
 49
-0.254
 74
0
  0
LTYPE
  5
33
330
2
100
AcDbSymbolTableRecord
100
AcDbLinetypeTableRecord
  2
DASHEDX2
 70
0
  3
Dashed (2x) ____  ____  ____  ____  ____  ____
 72
65
 73
2
 40
3.048
 49
2.54
 74
0
 49
-0.508
 74
0
  0
LTYPE
  5
34
330
2
100
AcDbSymbolTableRecord
100
AcDbLinetypeTableRecord
  2
DASHED2
 70
0
  3
Dashed (.5x) _ _ _ _ _ _ _ _ _ _ _ _ _ _
 72
65
 73
2
 40
0.762
 49
0.635
 74
0
 49
-0.127
 74
0
  0
LTYPE
  5
35
330
2
100
AcDbSymbolTableRecord
100
AcDbLinetypeTableRecord
  2
PHANTOM
 70
0
  3
Phantom ______  __  __  ______  __  __  ______
 72
65
 73
6
 40
6.35
 49
3.175
 74
0
 49
-0.635
 74
0
 49
0.635
 74
0
 49
-0.635
 74
0
 49
0.635
 74
0
 49
-0.635
 74
0
  0
LTYPE
  5
36
330
2
100
AcDbSymbolTableRecord
100
AcDbLinetypeTableRecord
  2
PHANTOMX2
 70
0
  3
Phantom (2x)____________    ____    ____    ____________
 72
65
 73
6
 40
10.795
 49
6.35
 74
0
 49
-0.635
 74
0
 49
1.27
 74
0
 49
-0.635
 74
0
 49
1.27
 74
0
 49
-0.635
 74
0
  0
LTYPE
  5
37
330
2
100
AcDbSymbolTableRecord
100
AcDbLinetypeTableRecord
  2
PHANTOM2
 70
0
  3
Phantom (.5x) ___ _ _ ___ _ _ ___ _ _ ___ _ _ ___
 72
65
 73
6
 40
3.175
 49
1.587
 74
0
 49
-0.318
 74
0
 49
0.318
 74
0
 49
-0.318
 74
0
 49
0.318
 74
0
 49
-0.318
 74
0
  0
LTYPE
  5
38
330
2
100
AcDbSymbolTableRecord
100
AcDbLinetypeTableRecord
  2
DASHDOT
 70
0
  3
Dash dot __ . __ . __ . __ . __ . __ . __ . __
 72
65
 73
4
 40
3.556
 49
2.54
 74
0
 49
-0.508
 74
0
 49
0.0
 74
0
 49
-0.508
 74
0
  0
LTYPE
  5
39
330
2
100
AcDbSymbolTableRecord
100
AcDbLinetypeTableRecord
  2
DASHDOTX2
 70
0
  3
Dash dot (2x) ____  .  ____  .  ____  .  ____
 72
65
 73
4
 40
6.096
 49
5.08
 74
0
 49
-0.508
 74
0
 49
0.0
 74
0
 49
-0.508
 74
0
  0
LTYPE
  5
3A
330
2
100
AcDbSymbolTableRecord
100
AcDbLinetypeTableRecord
  2
DASHDOT2
 70
0
  3
Dash dot (.5x) _ . _ . _ . _ . _ . _ . _ . _
 72
65
 73
4
 40
1.778
 49
1.27
 74
0
 49
-0.254
 74
0
 49
0.0
 74
0
 49
-0.254
 74
0
  0
LTYPE
  5
3B
330
2
100
AcDbSymbolTableRecord
100
AcDbLinetypeTableRecord
  2
DOT
 70
0
  3
Dot .  .  .  .  .  .  .  .  .  .  .  .  .  .  .  .
 72
65
 73
2
 40
0.508
 49
0.0
 74
0
 49
-0.508
 74
0
  0
LTYPE
  5
3C
330
2
100
AcDbSymbolTableRecord
100
AcDbLinetypeTableRecord
  2
DOTX2
 70
0
  3
Dot (2x) .    .    .    .    .    .    .    . 
 72
65
 73
2
 40
1.016
 49
0.0
 74
0
 49
-1.016
 74
0
  0
LTYPE
  5
3D
330
2
100
AcDbSymbolTableRecord
100
AcDbLinetypeTableRecord
  2
DOT2
 70
0
  3
Dot (.5) . . . . . . . . . . . . . . . . . . . 
 72
65
 73
2
 40
0.254
 49
0.0
 74
0
 49
-0.254
 74
0
  0
LTYPE
  5
3E
330
2
100
AcDbSymbolTableRecord
100
AcDbLinetypeTableRecord
  2
DIVIDE
 70
0
  3
Divide __ . . __ . . __ . . __ . . __ . . __
 72
65
 73
6
 40
4.064
 49
2.54
 74
0
 49
-0.508
 74
0
 49
0.0
 74
0
 49
-0.508
 74
0
 49
0.0
 74
0
 49
-0.508
 74
0
  0
LTYPE
  5
3F
330
2
100
AcDbSymbolTableRecord
100
AcDbLinetypeTableRecord
  2
DIVIDEX2
 70
0
  3
Divide (2x) ____  . .  ____  . .  ____  . .  ____
 72
65
 73
6
 40
6.604
 49
5.08
 74
0
 49
-0.508
 74
0
 49
0.0
 74
0
 49
-0.508
 74
0
 49
0.0
 74
0
 49
-0.508
 74
0
  0
LTYPE
  5
40
330
2
100
AcDbSymbolTableRecord
100
AcDbLinetypeTableRecord
  2
DIVIDE2
 70
0
  3
Divide(.5x) _ . _ . _ . _ . _ . _ . _ . _
 72
65
 73
6
 40
2.032
 49
1.27
 74
0
 49
-0.254
 74
0
 49
0.0
 74
0
 49
-0.254
 74
0
 49
0.0
 74
0
 49
-0.254
 74
0
  0
ENDTAB
  0
TABLE
  2
LAYER
  5
1
330
0
100
AcDbSymbolTable
 70
3
  0
LAYER
  5
27
330
1
100
AcDbSymbolTableRecord
100
AcDbLayerTableRecord
  2
0
 70
0
 62
7
  6
Continuous
370
-3
390
13
347
21
  0
LAYER
  5
28
330
1
100
AcDbSymbolTableRecord
100
AcDbLayerTableRecord
  2
Defpoints
 70
0
 62
7
  6
Continuous
290
0
370
-3
390
13
347
21
  0
LAYER
  5
8A
330
1
100
AcDbSymbolTableRecord
100
AcDbLayerTableRecord
  2
CURB
 70
0
 62
7
  6
Continuous
370
-3
390
13
347
21
  0
ENDTAB
  0
TABLE
  2
STYLE
  5
5
330
0
100
AcDbSymbolTable
 70
26
  0
STYLE
  5
29
330
5
100
AcDbSymbolTableRecord
100
AcDbTextStyleTableRecord
  2
Standard
 70
0
 40
0.0
 41
1.0
 50
0.0
 71
0
 42
2.5
  3
txt
  4

  0
STYLE
  5
41
330
5
100
AcDbSymbolTableRecord
100
AcDbTextStyleTableRecord
  2
OpenSans-Light
 70
0
 40
0.0
 41
1.0
 50
0.0
 71
0
 42
2.5
  3
OpenSans-Light.ttf
  4

  0
STYLE
  5
42
330
5
100
AcDbSymbolTableRecord
100
AcDbTextStyleTableRecord
  2
OpenSans-Light-Italic
 70
0
 40
0.0
 41
1.0
 50
0.0
 71
0
 42
2.5
  3
OpenSans-LightItalic.ttf
  4

  0
STYLE
  5
43
330
5
100
AcDbSymbolTableRecord
100
AcDbTextStyleTableRecord
  2
OpenSans
 70
0
 40
0.0
 41
1.0
 50
0.0
 71
0
 42
2.5
  3
OpenSans-Regular.ttf
  4

  0
STYLE
  5
44
330
5
100
AcDbSymbolTableRecord
100
AcDbTextStyleTableRecord
  2
OpenSans-Italic
 70
0
 40
0.0
 41
1.0
 50
0.0
 71
0
 42
2.5
  3
OpenSans-Italic.ttf
  4

  0
STYLE
  5
45
330
5
100
AcDbSymbolTableRecord
100
AcDbTextStyleTableRecord
  2
OpenSans-SemiBold
 70
0
 40
0.0
 41
1.0
 50
0.0
 71
0
 42
2.5
  3
OpenSans-SemiBold.ttf
  4

  0
STYLE
  5
46
330
5
100
AcDbSymbolTableRecord
100
AcDbTextStyleTableRecord
  2
OpenSans-SemiBoldItalic
 70
0
 40
0.0
 41
1.0
 50
0.0
 71
0
 42
2.5
  3
OpenSans-SemiBoldItalic.ttf
  4

  0
STYLE
  5
47
330
5
100
AcDbSymbolTableRecord
100
AcDbTextStyleTableRecord
  2
OpenSans-Bold
 70
0
 40
0.0
 41
1.0
 50
0.0
 71
0
 42
2.5
  3
OpenSans-Bold.ttf
  4

  0
STYLE
  5
48
330
5
100
AcDbSymbolTableRecord
100
AcDbTextStyleTableRecord
  2
OpenSans-BoldItalic
 70
0
 40
0.0
 41
1.0
 50
0.0
 71
0
 42
2.5
  3
OpenSans-BoldItalic.ttf
  4

  0
STYLE
  5
49
330
5
100
AcDbSymbolTableRecord
100
AcDbTextStyleTableRecord
  2
OpenSans-ExtraBold
 70
0
 40
0.0
 41
1.0
 50
0.0
 71
0
 42
2.5
  3
OpenSans-ExtraBold.ttf
  4

  0
STYLE
  5
4A
330
5
100
AcDbSymbolTableRecord
100
AcDbTextStyleTableRecord
  2
OpenSans-ExtraBoldItalic
 70
0
 40
0.0
 41
1.0
 50
0.0
 71
0
 42
2.5
  3
OpenSans-ExtraBoldItalic.ttf
  4

  0
STYLE
  5
4B
330
5
100
AcDbSymbolTableRecord
100
AcDbTextStyleTableRecord
  2
OpenSansCondensed-Bold
 70
0
 40
0.0
 41
1.0
 50
0.0
 71
0
 42
2.5
  3
OpenSansCondensed-Bold.ttf
  4

  0
STYLE
  5
4C
330
5
100
AcDbSymbolTableRecord
100
AcDbTextStyleTableRecord
  2
OpenSansCondensed-Light
 70
0
 40
0.0
 41
1.0
 50
0.0
 71
0
 42
2.5
  3
OpenSansCondensed-Light.ttf
  4

  0
STYLE
  5
4D
330
5
100
AcDbSymbolTableRecord
100
AcDbTextStyleTableRecord
  2
OpenSansCondensed-Italic
 70
0
 40
0.0
 41
1.0
 50
0.0
 71
0
 42
2.5
  3
OpenSansCondensed-LightItalic.ttf
  4

  0
STYLE
  5
4E
330
5
100
AcDbSymbolTableRecord
100
AcDbTextStyleTableRecord
  2
LiberationSans
 70
0
 40
0.0
 41
1.0
 50
0.0
 71
0
 42
2.5
  3
LiberationSans-Regular.ttf
  4

  0
STYLE
  5
4F
330
5
100
AcDbSymbolTableRecord
100
AcDbTextStyleTableRecord
  2
LiberationSans-Bold
 70
0
 40
0.0
 41
1.0
 50
0.0
 71
0
 42
2.5
  3
LiberationSans-Bold.ttf
  4

  0
STYLE
  5
50
330
5
100
AcDbSymbolTableRecord
100
AcDbTextStyleTableRecord
  2
LiberationSans-BoldItalic
 70
0
 40
0.0
 41
1.0
 50
0.0
 71
0
 42
2.5
  3
LiberationSans-BoldItalic.ttf
  4

  0
STYLE
  5
51
330
5
100
AcDbSymbolTableRecord
100
AcDbTextStyleTableRecord
  2
LiberationSans-Italic
 70
0
 40
0.0
 41
1.0
 50
0.0
 71
0
 42
2.5
  3
LiberationSans-Italic.ttf
  4

  0
STYLE
  5
52
330
5
100
AcDbSymbolTableRecord
100
AcDbTextStyleTableRecord
  2
LiberationSerif
 70
0
 40
0.0
 41
1.0
 50
0.0
 71
0
 42
2.5
  3
LiberationSerif-Regular.ttf
  4

  0
STYLE
  5
53
330
5
100
AcDbSymbolTableRecord
100
AcDbTextStyleTableRecord
  2
LiberationSerif-Bold
 70
0
 40
0.0
 41
1.0
 50
0.0
 71
0
 42
2.5
  3
LiberationSerif-Bold.ttf
  4

  0
STYLE
  5
54
330
5
100
AcDbSymbolTableRecord
100
AcDbTextStyleTableRecord
  2
LiberationSerif-BoldItalic
 70
0
 40
0.0
 41
1.0
 50
0.0
 71
0
 42
2.5
  3
LiberationSerif-BoldItalic.ttf
  4

  0
STYLE
  5
55
330
5
100
AcDbSymbolTableRecord
100
AcDbTextStyleTableRecord
  2
LiberationSerif-Italic
 70
0
 40
0.0
 41
1.0
 50
0.0
 71
0
 42
2.5
  3
LiberationSerif-Italic.ttf
  4

  0
STYLE
  5
56
330
5
100
AcDbSymbolTableRecord
100
AcDbTextStyleTableRecord
  2
LiberationMono
 70
0
 40
0.0
 41
1.0
 50
0.0
 71
0
 42
2.5
  3
LiberationMono-Regular.ttf
  4

  0
STYLE
  5
57
330
5
100
AcDbSymbolTableRecord
100
AcDbTextStyleTableRecord
  2
LiberationMono-Bold
 70
0
 40
0.0
 41
1.0
 50
0.0
 71
0
 42
2.5
  3
LiberationMono-Bold.ttf
  4

  0
STYLE
  5
58
330
5
100
AcDbSymbolTableRecord
100
AcDbTextStyleTableRecord
  2
LiberationMono-BoldItalic
 70
0
 40
0.0
 41
1.0
 50
0.0
 71
0
 42
2.5
  3
LiberationMono-BoldItalic.ttf
  4

  0
STYLE
  5
59
330
5
100
AcDbSymbolTableRecord
100
AcDbTextStyleTableRecord
  2
LiberationMono-Italic
 70
0
 40
0.0
 41
1.0
 50
0.0
 71
0
 42
2.5
  3
LiberationMono-Italic.ttf
  4

  0
ENDTAB
  0
TABLE
  2
VIEW
  5
7
330
0
100
AcDbSymbolTable
 70
0
  0
ENDTAB
  0
TABLE
  2
UCS
  5
6
330
0
100
AcDbSymbolTable
 70
0
  0
ENDTAB
  0
TABLE
  2
APPID
  5
3
330
0
100
AcDbSymbolTable
 70
3
  0
APPID
  5
2A
330
3
100
AcDbSymbolTableRecord
100
AcDbRegAppTableRecord
  2
ACAD
 70
0
  0
APPID
  5
F3
330
3
100
AcDbSymbolTableRecord
100
AcDbRegAppTableRecord
  2
HATCHBACKGROUNDCOLOR
 70
0
  0
APPID
  5
F4
330
3
100
AcDbSymbolTableRecord
100
AcDbRegAppTableRecord
  2
EZDXF
 70
0
  0
ENDTAB
  0
TABLE
  2
DIMSTYLE
  5
4
330
0
100
AcDbSymbolTable
 70
12
100
AcDbDimStyleTable
  0
DIMSTYLE
105
2B
330
4
100
AcDbSymbolTableRecord
100
AcDbDimStyleTableRecord
  2
Standard
 70
0
 40
1.0
 41
2.5
 42
0.625
 43
3.75
 44
1.25
 45
0.0
 46
0.0
 47
0.0
 48
0.0
 49
2.5
140
2.5
141
2.5
142
0.0
143
0.03937007874
144
1.0
145
0.0
146
1.0
147
0.625
148
0.0
 69
0
 70
0
 71
0
 72
0
 73
0
 74
0
 75
0
 76
0
 77
1
 78
8
 79
3
170
0
171
3
172
1
173
0
174
0
175
0
176
0
177
0
178
0
179
2
271
2
272
2
273
2
274
3
275
0
276
0
277
2
278
44
279
0
280
0
281
0
282
0
283
0
284
8
285
0
286
0
288
0
289
3
290
0
371
-2
372
-2
  0
DIMSTYLE
105
73
330
4
100
AcDbSymbolTableRecord
100
AcDbDimStyleTableRecord
  2
EZDXF
 70
0
 40
1.0
 41
0.175
 42
0.125
 43
3.75
 44
0.375
 45
0.0
 46
0.0
 47
0.0
 48
0.0
 49
2.5
140
0.25
141
2.5
142
0.0
143
0.03937007874
144
100.0
145
0.0
146
0.5
147
0.1
148
0.0
 69
0
 70
0
 71
0
 72
0
 73
0
 74
0
 75
0
 76
0
 77
1
 78
12
 79
3
170
0
171
3
172
1
173
0
174
0
175
0
176
0
177
0
178
0
179
2
271
2
272
2
273
2
274
3
275
0
276
0
277
2
278
46
279
2
280
0
281
0
282
0
283
0
284
8
285
0
286
0
288
1
289
3
290
0
340
4C
342
74
371
-2
372
-2
  0
DIMSTYLE
105
7C
330
4
100
AcDbSymbolTableRecord
100
AcDbDimStyleTableRecord
  2
EZ_M_100_H25_CM
 70
0
 40
1.0
 41
0.25
 42
0.125
 43
3.75
 44
0.375
 45
0.0
 46
0.0
 47
0.0
 48
0.0
 49
2.5
140
0.25
141
2.5
142
0.125
143
0.03937007874
144
100.0
145
0.0
146
0.5
147
0.1
148
0.0
 69
0
 70
0
 71
0
 72
0
 73
0
 74
0
 75
0
 76
0
 77
1
 78
12
 79
3
170
0
171
3
172
1
173
0
174
0
175
0
176
0
177
0
178
0
179
2
271
2
272
2
273
2
274
3
275
0
276
0
277
2
278
46
279
2
280
0
281
0
282
0
283
0
284
8
285
0
286
0
288
1
289
3
290
0
340
4C
371
-2
372
-2
  0
DIMSTYLE
105
7D
330
4
100
AcDbSymbolTableRecord
100
AcDbDimStyleTableRecord
  2
EZ_M_50_H25_CM
 70
0
 40
1.0
 41
0.125
 42
0.0625
 43
3.75
 44
0.1875
 45
0.0
 46
0.0
 47
0.0
 48
0.0
 49
2.5
140
0.125
141
2.5
142
0.0625
143
0.03937007874
144
100.0
145
0.0
146
0.5
147
0.05
148
0.0
 69
0
 70
0
 71
0
 72
0
 73
0
 74
0
 75
0
 76
0
 77
1
 78
12
 79
3
170
0
171
3
172
1
173
0
174
0
175
0
176
0
177
0
178
0
179
2
271
2
272
2
273
2
274
3
275
0
276
0
277
2
278
46
279
2
280
0
281
0
282
0
283
0
284
8
285
0
286
0
288
1
289
3
290
0
340
4C
371
-2
372
-2
  0
DIMSTYLE
105
7E
330
4
100
AcDbSymbolTableRecord
100
AcDbDimStyleTableRecord
  2
EZ_M_25_H25_CM
 70
0
 40
1.0
 41
0.0625
 42
0.03125
 43
3.75
 44
0.09375
 45
0.0
 46
0.0
 47
0.0
 48
0.0
 49
2.5
140
0.0625
141
2.5
142
0.03125
143
0.03937007874
144
100.0
145
0.0
146
0.5
147
0.025
148
0.0
 69
0
 70
0
 71
0
 72
0
 73
0
 74
0
 75
0
 76
0
 77
1
 78
12
 79
3
170
0
171
3
172
1
173
0
174
0
175
0
176
0
177
0
178
0
179
2
271
2
272
2
273
2
274
3
275
0
276
0
277
2
278
46
279
2
280
0
281
0
282
0
283
0
284
8
285
0
286
0
288
1
289
3
290
0
340
4C
371
-2
372
-2
  0
DIMSTYLE
105
7F
330
4
100
AcDbSymbolTableRecord
100
AcDbDimStyleTableRecord
  2
EZ_M_20_H25_CM
 70
0
 40
1.0
 41
0.05
 42
0.025
 43
3.75
 44
0.07500000000000001
 45
0.0
 46
0.0
 47
0.0
 48
0.0
 49
2.5
140
0.05
141
2.5
142
0.025
143
0.03937007874
144
100.0
145
0.0
146
0.5
147
0.020000000000000004
148
0.0
 69
0
 70
0
 71
0
 72
0
 73
0
 74
0
 75
0
 76
0
 77
1
 78
12
 79
3
170
0
171
3
172
1
173
0
174
0
175
0
176
0
177
0
178
0
179
2
271
2
272
2
273
2
274
3
275
0
276
0
277
2
278
46
279
2
280
0
281
0
282
0
283
0
284
8
285
0
286
0
288
1
289
3
290
0
340
4C
371
-2
372
-2
  0
DIMSTYLE
105
80
330
4
100
AcDbSymbolTableRecord
100
AcDbDimStyleTableRecord
  2
EZ_M_10_H25_CM
 70
0
 40
1.0
 41
0.025
 42
0.0125
 43
3.75
 44
0.037500000000000006
 45
0.0
 46
0.0
 47
0.0
 48
0.0
 49
2.5
140
0.025
141
2.5
142
0.0125
143
0.03937007874
144
100.0
145
0.0
146
0.5
147
0.010000000000000002
148
0.0
 69
0
 70
0
 71
0
 72
0
 73
0
 74
0
 75
0
 76
0
 77
1
 78
12
 79
3
170
0
171
3
172
1
173
0
174
0
175
0
176
0
177
0
178
0
179
2
271
2
272
2
273
2
274
3
275
0
276
0
277
2
278
46
279
2
280
0
281
0
282
0
283
0
284
8
285
0
286
0
288
1
289
3
290
0
340
4C
371
-2
372
-2
  0
DIMSTYLE
105
81
330
4
100
AcDbSymbolTableRecord
100
AcDbDimStyleTableRecord
  2
EZ_M_5_H25_CM
 70
0
 40
1.0
 41
0.0125
 42
0.00625
 43
3.75
 44
0.018750000000000003
 45
0.0
 46
0.0
 47
0.0
 48
0.0
 49
2.5
140
0.0125
141
2.5
142
0.00625
143
0.03937007874
144
100.0
145
0.0
146
0.5
147
0.005000000000000001
148
0.0
 69
0
 70
0
 71
0
 72
0
 73
0
 74
0
 75
0
 76
0
 77
1
 78
12
 79
3
170
0
171
3
172
1
173
0
174
0
175
0
176
0
177
0
178
0
179
2
271
2
272
2
273
2
274
3
275
0
276
0
277
2
278
46
279
2
280
0
281
0
282
0
283
0
284
8
285
0
286
0
288
1
289
3
290
0
340
4C
371
-2
372
-2
  0
DIMSTYLE
105
82
330
4
100
AcDbSymbolTableRecord
100
AcDbDimStyleTableRecord
  2
EZ_M_1_H25_CM
 70
0
 40
1.0
 41
0.0025
 42
0.00125
 43
3.75
 44
0.00375
 45
0.0
 46
0.0
 47
0.0
 48
0.0
 49
2.5
140
0.0025
141
2.5
142
0.00125
143
0.03937007874
144
100.0
145
0.0
146
0.5
147
0.001
148
0.0
 69
0
 70
0
 71
0
 72
0
 73
0
 74
0
 75
0
 76
0
 77
1
 78
12
 79
3
170
0
171
3
172
1
173
0
174
0
175
0
176
0
177
0
178
0
179
2
271
2
272
2
273
2
274
3
275
0
276
0
277
2
278
46
279
2
280
0
281
0
282
0
283
0
284
8
285
0
286
0
288
1
289
3
290
0
340
4C
371
-2
372
-2
  0
DIMSTYLE
105
83
330
4
100
AcDbSymbolTableRecord
100
AcDbDimStyleTableRecord
  2
EZ_RADIUS
 70
0
 40
1.0
 41
0.25
 42
0.125
 43
3.75
 44
0.375
 45
0.0
 46
0.0
 47
0.0
 48
0.0
 49
2.5
140
0.25
141
0.0
142
0.0
143
0.03937007874
144
100.0
145
0.0
146
0.5
147
0.1
148
0.0
 69
0
 70
0
 71
0
 72
0
 73
0
 74
0
 75
0
 76
0
 77
1
 78
12
 79
3
170
0
171
3
172
0
173
0
174
0
175
0
176
0
177
0
178
0
179
2
271
2
272
2
273
2
274
3
275
0
276
0
277
2
278
46
279
1
280
0
281
0
282
0
283
0
284
8
285
0
286
0
288
1
289
3
290
0
340
4C
342
84
371
-2
372
-2
  0
DIMSTYLE
105
88
330
4
100
AcDbSymbolTableRecord
100
AcDbDimStyleTableRecord
  2
EZ_RADIUS_INSIDE
 70
0
 40
1.0
 41
0.25
 42
0.125
 43
3.75
 44
0.375
 45
0.0
 46
0.0
 47
0.0
 48
0.0
 49
2.5
140
0.25
141
0.0
142
0.0
143
0.03937007874
144
100.0
145
0.0
146
0.5
147
0.1
148
0.0
 69
0
 70
0
 71
0
 72
0
 73
0
 74
0
 75
0
 76
0
 77
0
 78
12
 79
3
170
0
171
3
172
0
173
0
174
1
175
0
176
0
177
0
178
0
179
2
271
2
272
2
273
2
274
3
275
0
276
0
277
2
278
46
279
0
280
0
281
0
282
0
283
0
284
8
285
0
286
0
288
1
289
0
290
0
340
4C
342
84
371
-2
372
-2
  0
DIMSTYLE
105
89
330
4
100
AcDbSymbolTableRecord
100
AcDbDimStyleTableRecord
  2
EZ_CURVED
 70
0
 40
1.0
 41
0.25
 42
0.125
 43
3.75
 44
0.375
 45
0.0
 46
0.0
 47
0.0
 48
0.0
 49
2.5
140
0.25
141
2.5
142
0.0
143
0.03937007874
144
100.0
145
0.0
146
0.5
147
0.1
148
0.0
 69
0
 70
0
 71
0
 72
0
 73
0
 74
0
 75
0
 76
0
 77
1
 78
12
 79
2
 90
2
170
0
171
3
172
1
173
0
174
0
175
0
176
0
177
0
178
0
179
2
271
2
272
2
273
2
274
3
275
0
276
0
277
2
278
46
279
2
280
0
281
0
282
0
283
0
284
8
285
0
286
0
288
1
289
3
290
0
340
4C
371
-2
372
-2
  0
ENDTAB
  0
TABLE
  2
BLOCK_RECORD
  5
9
330
0
100
AcDbSymbolTable
 70
5
  0
BLOCK_RECORD
  5
17
330
9
100
AcDbSymbolTableRecord
100
AcDbBlockTableRecord
  2
*Model_Space
340
1A
 70
0
280
1
281
0
  0
BLOCK_RECORD
  5
1B
330
9
100
AcDbSymbolTableRecord
100
AcDbBlockTableRecord
  2
*Paper_Space
340
1E
 70
0
280
1
281
0
  0
BLOCK_RECORD
  5
74
330
9
100
AcDbSymbolTableRecord
100
AcDbBlockTableRecord
  2
_ARCHTICK
340
0
 70
0
280
1
281
0
  0
BLOCK_RECORD
  5
78
330
9
100
AcDbSymbolTableRecord
100
AcDbBlockTableRecord
  2
_CLOSEDFILLED
340
0
 70
0
280
1
281
0
  0
BLOCK_RECORD
  5
84
330
9
100
AcDbSymbolTableRecord
100
AcDbBlockTableRecord
  2
_CLOSEDBLANK
340
0
 70
0
280
1
281
0
  0
ENDTAB
  0
ENDSEC
  0
SECTION
  2
BLOCKS
  0
BLOCK
  5
18
330
17
100
AcDbEntity
  8
0
100
AcDbBlockBegin
  2
*Model_Space
 70
0
 10
0.0
 20
0.0
 30
0.0
  3
*Model_Space
  1

  0
ENDBLK
  5
19
330
17
100
AcDbEntity
  8
0
100
AcDbBlockEnd
  0
BLOCK
  5
1C
330
1B
100
AcDbEntity
  8
0
100
AcDbBlockBegin
  2
*Paper_Space
 70
0
 10
0.0
 20
0.0
 30
0.0
  3
*Paper_Space
  1

  0
ENDBLK
  5
1D
330
1B
100
AcDbEntity
  8
0
100
AcDbBlockEnd
  0
BLOCK
  5
75
330
74
100
AcDbEntity
  8
0
100
AcDbBlockBegin
  2
_ARCHTICK
 70
0
 10
0.0
 20
0.0
 30
0.0
  3
_ARCHTICK
  1

  0
LWPOLYLINE
  5
77
330
74
100
AcDbEntity
  8
0
  6
BYBLOCK
 62
0
100
AcDbPolyline
 90
2
 70
0
 43
0.15
 10
-0.5
 20
-0.5
 10
0.5
 20
0.5
  0
ENDBLK
  5
76
330
74
100
AcDbEntity
  8
0
100
AcDbBlockEnd
  0
BLOCK
  5
79
330
78
100
AcDbEntity
  8
0
100
AcDbBlockBegin
  2
_CLOSEDFILLED
 70
0
 10
0.0
 20
0.0
 30
0.0
  3
_CLOSEDFILLED
  1

  0
SOLID
  5
7B
330
78
100
AcDbEntity
  8
0
  6
BYBLOCK
 62
0
100
AcDbTrace
 10
-1.0
 20
0.16439898372402537
 30
0.0
 11
0.0
 21
0.0
 31
0.0
 12
-1.0
 22
-0.16439898372402537
 32
0.0
 13
-1.0
 23
-0.16439898372402537
 33
0.0
  0
ENDBLK
  5
7A
330
78
100
AcDbEntity
  8
0
100
AcDbBlockEnd
  0
BLOCK
  5
85
330
84
100
AcDbEntity
  8
0
100
AcDbBlockBegin
  2
_CLOSEDBLANK
 70
0
 10
0.0
 20
0.0
 30
0.0
  3
_CLOSEDBLANK
  1

  0
LWPOLYLINE
  5
87
330
84
100
AcDbEntity
  8
0
  6
BYBLOCK
 62
0
100
AcDbPolyline
 90
3
 70
1
 10
-1.0
 20
0.16439898372402537
 10
0.0
 20
0.0
 10
-1.0
 20
-0.16439898372402537
  0
ENDBLK
  5
86
330
84
100
AcDbEntity
  8
0
100
AcDbBlockEnd
  0
ENDSEC
  0
SECTION
  2
ENTITIES
  0
LWPOLYLINE
  5
8B
330
17
100
AcDbEntity
  8
CURB
370
25
100
AcDbPolyline
 90
124
 70
0
 10
685.0
 20
141.0
 10
684.5
 20
140.5
 10
684.0
 20
140.5
 10
683.5
 20
140.5
 10
683.0
 20
140.5
 10
682.5
 20
140.5
 10
682.0
 20
140.5
 10
681.5
 20
140.5
 10
681.0
 20
140.5
 10
680.5
 20
140.5
 10
680.5
 20
140.0
 10
680.0
 20
139.5
 10
679.5
 20
139.5
 10
679.5
 20
139.0
 10
679.0
 20
138.5
 10
679.0
 20
138.0
 10
679.0
 20
137.5
 10
679.0
 20
137.0
 10
679.0
 20
136.5
 10
679.0
 20
136.0
 10
679.0
 20
135.5
 10
679.0
 20
135.0
 10
679.0
 20
134.5
 10
679.0
 20
134.0
 10
678.5
 20
133.5
 10
678.5
 20
133.0
 10
678.5
 20
132.5
 10
678.5
 20
132.0
 10
678.5
 20
131.5
 10
678.5
 20
131.0
 10
678.5
 20
130.5
 10
679.0
 20
130.0
 10
679.5
 20
129.5
 10
680.0
 20
129.5
 10
680.5
 20
129.0
 10
681.0
 20
129.0
 10
681.5
 20
129.0
 10
682.0
 20
129.0
 10
682.5
 20
129.0
 10
683.0
 20
129.5
 10
683.5
 20
129.5
 10
683.5
 20
130.0
 10
684.0
 20
130.5
 10
684.5
 20
131.0
 10
685.0
 20
131.0
 10
685.5
 20
131.0
 10
685.5
 20
131.5
 10
685.5
 20
132.0
 10
686.0
 20
132.5
 10
686.5
 20
132.5
 10
687.0
 20
133.0
 10
687.5
 20
133.0
 10
688.0
 20
133.0
 10
688.5
 20
133.0
 10
689.0
 20
133.0
 10
689.5
 20
133.0
 10
690.0
 20
133.0
 10
690.5
 20
133.0
 10
691.0
 20
133.0
 10
691.5
 20
132.5
 10
692.0
 20
132.5
 10
692.5
 20
132.5
 10
693.0
 20
132.5
 10
693.5
 20
132.5
 10
694.0
 20
132.5
 10
694.5
 20
132.0
 10
695.0
 20
132.0
 10
695.5
 20
132.0
 10
696.0
 20
132.0
 10
696.5
 20
131.5
 10
697.0
 20
131.5
 10
697.5
 20
131.5
 10
698.0
 20
131.5
 10
698.5
 20
131.5
 10
699.0
 20
131.5
 10
699.5
 20
131.5
 10
700.0
 20
131.5
 10
700.0
 20
132.0
 10
700.5
 20
132.5
 10
700.5
 20
133.0
 10
700.5
 20
133.5
 10
700.5
 20
134.0
 10
700.5
 20
134.5
 10
700.5
 20
135.0
 10
700.5
 20
135.5
 10
700.5
 20
136.0
 10
701.0
 20
136.5
 10
701.0
 20
137.0
 10
701.0
 20
137.5
 10
701.0
 20
138.0
 10
701.0
 20
138.5
 10
700.5
 20
139.0
 10
700.5
 20
139.5
 10
700.5
 20
140.0
 10
700.0
 20
140.0
 10
699.5
 20
140.0
 10
699.0
 20
140.0
 10
698.5
 20
140.0
 10
698.0
 20
140.0
 10
697.5
 20
140.0
 10
697.0
 20
140.0
 10
696.5
 20
140.0
 10
696.0
 20
140.5
 10
695.5
 20
140.5
 10
695.0
 20
140.5
 10
694.5
 20
140.5
 10
694.0
 20
140.5
 10
693.5
 20
140.5
 10
693.0
 20
140.5
 10
692.5
 20
140.5
 10
692.0
 20
140.5
 10
691.5
 20
140.5
 10
691.0
 20
140.5
 10
690.5
 20
141.0
 10
690.0
 20
141.0
 10
689.5
 20
141.0
 10
689.0
 20
141.0
 10
688.5
 20
141.0
 10
688.0
 20
141.0
 10
687.5
 20
141.0
 10
687.0
 20
141.0
 10
686.5
 20
141.0
 10
686.0
 20
141.0
 10
685.5
 20
141.0
  0
LWPOLYLINE
  5
8C
330
17
100
AcDbEntity
  8
CURB
370
25
100
AcDbPolyline
 90
282
 70
0
 10
581.5
 20
151.0
 10
581.5
 20
150.5
 10
581.5
 20
150.0
 10
581.5
 20
149.5
 10
581.5
 20
149.0
 10
581.5
 20
148.5
 10
581.5
 20
148.0
 10
581.5
 20
147.5
 10
581.0
 20
147.0
 10
581.0
 20
146.5
 10
581.0
 20
146.0
 10
581.0
 20
145.5
 10
580.5
 20
145.0
 10
580.5
 20
144.5
 10
580.5
 20
144.0
 10
580.5
 20
143.5
 10
580.5
 20
143.0
 10
580.0
 20
142.5
 10
580.0
 20
142.0
 10
580.0
 20
141.5
 10
580.0
 20
141.0
 10
580.0
 20
140.5
 10
580.0
 20
140.0
 10
580.0
 20
139.5
 10
580.0
 20
139.0
 10
580.0
 20
138.5
 10
580.0
 20
138.0
 10
580.0
 20
137.5
 10
580.5
 20
137.0
 10
580.5
 20
136.5
 10
580.5
 20
136.0
 10
581.0
 20
136.0
 10
581.5
 20
136.0
 10
582.0
 20
136.0
 10
582.5
 20
135.5
 10
582.5
 20
135.0
 10
582.5
 20
134.5
 10
582.5
 20
134.0
 10
582.5
 20
133.5
 10
583.0
 20
133.0
 10
583.0
 20
132.5
 10
583.0
 20
132.0
 10
583.0
 20
131.5
 10
583.0
 20
131.0
 10
583.0
 20
130.5
 10
583.0
 20
130.0
 10
583.0
 20
129.5
 10
583.0
 20
129.0
 10
583.0
 20
128.5
 10
582.5
 20
128.0
 10
582.5
 20
127.5
 10
582.5
 20
127.0
 10
582.5
 20
126.5
 10
582.0
 20
126.0
 10
582.0
 20
125.5
 10
582.0
 20
125.0
 10
582.0
 20
124.5
 10
582.0
 20
124.0
 10
582.0
 20
123.5
 10
582.5
 20
123.5
 10
582.5
 20
124.0
 10
582.5
 20
124.5
 10
582.5
 20
125.0
 10
583.0
 20
125.5
 10
583.0
 20
126.0
 10
583.0
 20
126.5
 10
583.0
 20
127.0
 10
583.5
 20
127.5
 10
583.5
 20
128.0
 10
583.5
 20
128.5
 10
583.5
 20
129.0
 10
583.5
 20
129.5
 10
583.5
 20
130.0
 10
583.5
 20
130.5
 10
583.5
 20
131.0
 10
583.5
 20
131.5
 10
583.5
 20
132.0
 10
583.5
 20
132.5
 10
583.5
 20
133.0
 10
583.5
 20
133.5
 10
583.5
 20
134.0
 10
583.0
 20
134.5
 10
583.0
 20
135.0
 10
583.0
 20
135.5
 10
583.0
 20
136.0
 10
583.0
 20
136.5
 10
582.5
 20
136.5
 10
582.0
 20
136.5
 10
581.5
 20
136.5
 10
581.0
 20
137.0
 10
581.0
 20
137.5
 10
581.0
 20
138.0
 10
580.5
 20
138.5
 10
580.5
 20
139.0
 10
580.5
 20
139.5
 10
580.5
 20
140.0
 10
580.5
 20
140.5
 10
580.5
 20
141.0
 10
580.5
 20
141.5
 10
581.0
 20
142.0
 10
581.0
 20
142.5
 10
581.0
 20
143.0
 10
581.0
 20
143.5
 10
581.0
 20
144.0
 10
581.5
 20
144.5
 10
581.5
 20
145.0
 10
581.5
 20
145.5
 10
581.5
 20
146.0
 10
582.0
 20
146.5
 10
582.0
 20
147.0
 10
582.0
 20
147.5
 10
582.0
 20
148.0
 10
582.0
 20
148.5
 10
582.0
 20
149.0
 10
582.0
 20
149.5
 10
582.0
 20
150.0
 10
582.5
 20
150.5
 10
583.0
 20
150.5
 10
583.5
 20
150.5
 10
584.0
 20
150.5
 10
584.5
 20
150.5
 10
585.0
 20
150.5
 10
585.5
 20
150.5
 10
586.0
 20
150.5
 10
586.5
 20
150.5
 10
587.0
 20
150.5
 10
587.5
 20
150.5
 10
588.0
 20
150.5
 10
588.5
 20
150.5
 10
589.0
 20
150.5
 10
589.5
 20
150.5
 10
590.0
 20
150.5
 10
590.5
 20
150.5
 10
591.0
 20
150.5
 10
591.5
 20
150.5
 10
592.0
 20
150.0
 10
592.5
 20
149.5
 10
593.0
 20
149.5
 10
593.5
 20
149.0
 10
593.5
 20
148.5
 10
593.5
 20
148.0
 10
593.5
 20
147.5
 10
593.5
 20
147.0
 10
593.5
 20
146.5
 10
593.5
 20
146.0
 10
593.5
 20
145.5
 10
593.5
 20
145.0
 10
593.5
 20
144.5
 10
593.5
 20
144.0
 10
593.5
 20
143.5
 10
593.5
 20
143.0
 10
593.5
 20
142.5
 10
593.5
 20
142.0
 10
593.5
 20
141.5
 10
593.5
 20
141.0
 10
593.5
 20
140.5
 10
593.5
 20
140.0
 10
593.5
 20
139.5
 10
593.5
 20
139.0
 10
593.0
 20
138.5
 10
593.0
 20
138.0
 10
593.0
 20
137.5
 10
592.5
 20
137.0
 10
592.5
 20
136.5
 10
592.5
 20
136.0
 10
592.5
 20
135.5
 10
592.5
 20
135.0
 10
592.5
 20
134.5
 10
592.0
 20
134.0
 10
592.0
 20
133.5
 10
592.0
 20
133.0
 10
592.0
 20
132.5
 10
592.0
 20
132.0
 10
592.0
 20
131.5
 10
591.5
 20
131.0
 10
591.0
 20
131.0
 10
590.5
 20
130.5
 10
590.0
 20
130.5
 10
589.5
 20
130.5
 10
589.0
 20
130.5
 10
588.5
 20
130.5
 10
588.0
 20
130.5
 10
587.5
 20
130.0
 10
587.0
 20
129.5
 10
586.5
 20
129.5
 10
586.5
 20
129.0
 10
586.5
 20
128.5
 10
586.0
 20
128.0
 10
586.0
 20
127.5
 10
586.0
 20
127.0
 10
585.5
 20
126.5
 10
585.5
 20
126.0
 10
585.0
 20
125.5
 10
585.0
 20
125.0
 10
585.0
 20
124.5
 10
585.0
 20
124.0
 10
585.0
 20
123.5
 10
585.5
 20
123.5
 10
585.5
 20
124.0
 10
585.5
 20
124.5
 10
586.0
 20
125.0
 10
586.0
 20
125.5
 10
586.5
 20
126.0
 10
586.5
 20
126.5
 10
586.5
 20
127.0
 10
587.0
 20
127.5
 10
587.0
 20
128.0
 10
587.0
 20
128.5
 10
587.5
 20
129.0
 10
588.0
 20
129.0
 10
588.5
 20
129.5
 10
589.0
 20
130.0
 10
589.5
 20
130.0
 10
590.0
 20
130.0
 10
590.5
 20
130.0
 10
591.0
 20
130.0
 10
591.5
 20
130.0
 10
592.0
 20
130.5
 10
592.5
 20
130.5
 10
592.5
 20
131.0
 10
592.5
 20
131.5
 10
592.5
 20
132.0
 10
592.5
 20
132.5
 10
592.5
 20
133.0
 10
593.0
 20
133.5
 10
593.0
 20
134.0
 10
593.0
 20
134.5
 10
593.0
 20
135.0
 10
593.0
 20
135.5
 10
593.0
 20
136.0
 10
593.5
 20
136.5
 10
593.5
 20
137.0
 10
593.5
 20
137.5
 10
594.0
 20
138.0
 10
594.0
 20
138.5
 10
594.0
 20
139.0
 10
594.0
 20
139.5
 10
594.0
 20
140.0
 10
594.0
 20
140.5
 10
594.0
 20
141.0
 10
594.0
 20
141.5
 10
594.0
 20
142.0
 10
594.0
 20
142.5
 10
594.0
 20
143.0
 10
594.0
 20
143.5
 10
594.0
 20
144.0
 10
594.0
 20
144.5
 10
594.0
 20
145.0
 10
594.0
 20
145.5
 10
594.0
 20
146.0
 10
594.0
 20
146.5
 10
594.0
 20
147.0
 10
594.0
 20
147.5
 10
594.0
 20
148.0
 10
594.0
 20
148.5
 10
594.0
 20
149.0
 10
594.0
 20
149.5
 10
594.0
 20
150.0
 10
593.5
 20
150.0
 10
593.0
 20
150.5
 10
592.5
 20
151.0
 10
592.0
 20
151.0
 10
591.5
 20
151.0
 10
591.0
 20
151.0
 10
590.5
 20
151.0
 10
590.0
 20
151.0
 10
589.5
 20
151.0
 10
589.0
 20
151.0
 10
588.5
 20
151.0
 10
588.0
 20
151.0
 10
587.5
 20
151.0
 10
587.0
 20
151.0
 10
586.5
 20
151.0
 10
586.0
 20
151.0
 10
585.5
 20
151.0
 10
585.0
 20
151.0
 10
584.5
 20
151.0
 10
584.0
 20
151.0
 10
583.5
 20
151.0
 10
583.0
 20
151.0
 10
582.5
 20
151.0
 10
582.0
 20
151.0
  0
LWPOLYLINE
  5
8D
330
17
100
AcDbEntity
  8
CURB
370
25
100
AcDbPolyline
 90
168
 70
0
 10
497.5
 20
151.5
 10
497.5
 20
151.0
 10
497.5
 20
150.5
 10
497.5
 20
150.0
 10
497.5
 20
149.5
 10
497.5
 20
149.0
 10
497.5
 20
148.5
 10
497.5
 20
148.0
 10
497.5
 20
147.5
 10
497.5
 20
147.0
 10
497.5
 20
146.5
 10
497.0
 20
146.0
 10
497.0
 20
145.5
 10
496.5
 20
145.0
 10
496.5
 20
144.5
 10
496.0
 20
144.0
 10
495.5
 20
144.0
 10
495.0
 20
144.0
 10
494.5
 20
144.0
 10
494.0
 20
144.0
 10
493.5
 20
144.0
 10
493.0
 20
144.0
 10
493.0
 20
143.5
 10
493.0
 20
143.0
 10
493.0
 20
142.5
 10
493.0
 20
142.0
 10
493.0
 20
141.5
 10
493.0
 20
141.0
 10
493.0
 20
140.5
 10
493.0
 20
140.0
 10
493.0
 20
139.5
 10
493.0
 20
139.0
 10
493.0
 20
138.5
 10
493.0
 20
138.0
 10
493.0
 20
137.5
 10
493.0
 20
137.0
 10
493.0
 20
136.5
 10
493.5
 20
136.5
 10
494.0
 20
136.5
 10
494.5
 20
136.5
 10
495.0
 20
136.5
 10
495.5
 20
136.0
 10
496.0
 20
136.0
 10
496.5
 20
136.0
 10
497.0
 20
136.0
 10
497.5
 20
136.0
 10
498.0
 20
136.0
 10
498.5
 20
136.0
 10
499.0
 20
136.0
 10
499.5
 20
136.0
 10
500.0
 20
136.0
 10
500.5
 20
136.0
 10
501.0
 20
136.0
 10
501.5
 20
136.0
 10
502.0
 20
136.0
 10
502.0
 20
136.5
 10
502.0
 20
137.0
 10
502.0
 20
137.5
 10
502.0
 20
138.0
 10
502.0
 20
138.5
 10
502.0
 20
139.0
 10
502.0
 20
139.5
 10
502.5
 20
140.0
 10
502.5
 20
140.5
 10
502.5
 20
141.0
 10
502.5
 20
141.5
 10
502.5
 20
142.0
 10
502.5
 20
142.5
 10
502.5
 20
143.0
 10
502.5
 20
143.5
 10
503.0
 20
144.0
 10
503.5
 20
144.5
 10
504.0
 20
145.0
 10
504.5
 20
145.5
 10
505.0
 20
145.5
 10
505.5
 20
145.5
 10
506.0
 20
145.5
 10
506.5
 20
145.5
 10
507.0
 20
145.5
 10
507.5
 20
145.5
 10
508.0
 20
145.5
 10
508.5
 20
145.5
 10
509.0
 20
145.5
 10
509.5
 20
145.5
 10
510.0
 20
145.5
 10
510.5
 20
145.5
 10
511.0
 20
145.0
 10
511.0
 20
144.5
 10
511.0
 20
144.0
 10
511.5
 20
144.0
 10
512.0
 20
144.0
 10
512.5
 20
143.5
 10
512.5
 20
143.0
 10
512.5
 20
142.5
 10
512.5
 20
142.0
 10
512.5
 20
141.5
 10
512.5
 20
141.0
 10
512.5
 20
140.5
 10
512.5
 20
140.0
 10
512.5
 20
139.5
 10
512.5
 20
139.0
 10
513.0
 20
139.0
 10
513.5
 20
139.0
 10
514.0
 20
139.0
 10
514.5
 20
139.0
 10
515.0
 20
139.0
 10
515.0
 20
139.5
 10
515.0
 20
140.0
 10
515.0
 20
140.5
 10
515.0
 20
141.0
 10
515.0
 20
141.5
 10
515.0
 20
142.0
 10
515.0
 20
142.5
 10
515.0
 20
143.0
 10
515.0
 20
143.5
 10
515.0
 20
144.0
 10
515.0
 20
144.5
 10
515.0
 20
145.0
 10
515.0
 20
145.5
 10
515.0
 20
146.0
 10
515.0
 20
146.5
 10
515.0
 20
147.0
 10
515.5
 20
147.5
 10
516.0
 20
147.5
 10
516.5
 20
147.5
 10
516.5
 20
148.0
 10
516.5
 20
148.5
 10
516.5
 20
149.0
 10
516.5
 20
149.5
 10
516.0
 20
149.5
 10
515.5
 20
149.5
 10
515.0
 20
150.0
 10
515.0
 20
150.5
 10
515.0
 20
151.0
 10
514.5
 20
151.0
 10
514.0
 20
151.0
 10
513.5
 20
151.0
 10
513.0
 20
151.0
 10
512.5
 20
151.0
 10
512.0
 20
151.0
 10
511.5
 20
151.0
 10
511.0
 20
151.0
 10
510.5
 20
151.0
 10
510.0
 20
151.0
 10
509.5
 20
151.0
 10
509.0
 20
151.0
 10
508.5
 20
151.0
 10
508.0
 20
151.0
 10
507.5
 20
151.0
 10
507.0
 20
151.0
 10
506.5
 20
151.0
 10
506.0
 20
151.0
 10
505.5
 20
151.0
 10
505.0
 20
151.0
 10
504.5
 20
151.5
 10
504.0
 20
151.5
 10
503.5
 20
151.5
 10
503.0
 20
151.5
 10
502.5
 20
151.5
 10
502.0
 20
151.5
 10
501.5
 20
151.5
 10
501.0
 20
151.5
 10
500.5
 20
151.5
 10
500.0
 20
151.5
 10
499.5
 20
151.5
 10
499.0
 20
151.5
 10
498.5
 20
151.5
 10
498.0
 20
151.5
  0
LWPOLYLINE
  5
8E
330
17
100
AcDbEntity
  8
CURB
370
25
100
AcDbPolyline
 90
110
 70
0
 10
382.0
 20
151.5
 10
381.5
 20
151.0
 10
381.5
 20
150.5
 10
381.0
 20
150.0
 10
380.5
 20
149.5
 10
380.5
 20
149.0
 10
380.5
 20
148.5
 10
380.5
 20
148.0
 10
380.5
 20
147.5
 10
380.5
 20
147.0
 10
380.5
 20
146.5
 10
380.5
 20
146.0
 10
380.5
 20
145.5
 10
381.0
 20
145.0
 10
381.0
 20
144.5
 10
381.0
 20
144.0
 10
381.5
 20
143.5
 10
382.0
 20
143.5
 10
382.5
 20
143.5
 10
383.0
 20
143.5
 10
383.5
 20
143.5
 10
384.0
 20
143.5
 10
384.5
 20
144.0
 10
385.0
 20
144.0
 10
385.5
 20
144.5
 10
386.0
 20
144.5
 10
386.5
 20
145.0
 10
387.0
 20
145.0
 10
387.5
 20
145.0
 10
388.0
 20
145.5
 10
388.5
 20
145.5
 10
389.0
 20
146.0
 10
389.5
 20
146.0
 10
390.0
 20
146.0
 10
390.5
 20
146.0
 10
391.0
 20
146.0
 10
391.5
 20
146.0
 10
392.0
 20
146.0
 10
392.5
 20
146.0
 10
393.0
 20
145.5
 10
393.5
 20
145.5
 10
394.0
 20
145.0
 10
394.5
 20
144.5
 10
395.0
 20
144.5
 10
395.5
 20
144.0
 10
395.5
 20
143.5
 10
396.0
 20
143.0
 10
396.5
 20
143.0
 10
397.0
 20
143.0
 10
397.5
 20
143.0
 10
398.0
 20
143.0
 10
398.5
 20
143.0
 10
399.0
 20
143.0
 10
399.5
 20
143.0
 10
399.5
 20
143.5
 10
399.5
 20
144.0
 10
399.5
 20
144.5
 10
399.5
 20
145.0
 10
399.5
 20
145.5
 10
399.5
 20
146.0
 10
400.0
 20
146.5
 10
400.0
 20
147.0
 10
400.5
 20
147.5
 10
401.0
 20
147.5
 10
401.5
 20
147.5
 10
401.5
 20
148.0
 10
401.5
 20
148.5
 10
401.5
 20
149.0
 10
401.5
 20
149.5
 10
401.5
 20
150.0
 10
401.0
 20
150.0
 10
400.5
 20
150.0
 10
400.0
 20
150.5
 10
400.0
 20
151.0
 10
400.0
 20
151.5
 10
399.5
 20
151.5
 10
399.0
 20
151.5
 10
398.5
 20
151.5
 10
398.0
 20
151.5
 10
397.5
 20
151.5
 10
397.0
 20
151.5
 10
396.5
 20
151.5
 10
396.0
 20
151.5
 10
395.5
 20
151.5
 10
395.0
 20
151.5
 10
394.5
 20
151.5
 10
394.0
 20
151.5
 10
393.5
 20
151.5
 10
393.0
 20
151.5
 10
392.5
 20
151.5
 10
392.0
 20
151.5
 10
391.5
 20
151.5
 10
391.0
 20
151.5
 10
390.5
 20
151.5
 10
390.0
 20
151.5
 10
389.5
 20
151.5
 10
389.0
 20
151.5
 10
388.5
 20
151.5
 10
388.0
 20
151.5
 10
387.5
 20
151.5
 10
387.0
 20
151.5
 10
386.5
 20
151.5
 10
386.0
 20
151.5
 10
385.5
 20
151.5
 10
385.0
 20
151.5
 10
384.5
 20
151.5
 10
384.0
 20
151.5
 10
383.5
 20
151.5
 10
383.0
 20
151.5
 10
382.5
 20
151.5
  0
LWPOLYLINE
  5
8F
330
17
100
AcDbEntity
  8
CURB
370
25
100
AcDbPolyline
 90
99
 70
0
 10
55.5
 20
154.0
 10
55.0
 20
153.5
 10
54.5
 20
153.5
 10
54.0
 20
153.0
 10
53.5
 20
153.0
 10
53.0
 20
153.0
 10
52.5
 20
153.0
 10
52.5
 20
152.5
 10
52.5
 20
152.0
 10
52.5
 20
151.5
 10
52.5
 20
151.0
 10
52.5
 20
150.5
 10
52.5
 20
150.0
 10
52.0
 20
149.5
 10
52.0
 20
149.0
 10
52.0
 20
148.5
 10
52.0
 20
148.0
 10
52.0
 20
147.5
 10
52.0
 20
147.0
 10
52.0
 20
146.5
 10
52.0
 20
146.0
 10
52.0
 20
145.5
 10
52.0
 20
145.0
 10
52.0
 20
144.5
 10
52.0
 20
144.0
 10
52.5
 20
143.5
 10
53.0
 20
143.5
 10
53.5
 20
143.0
 10
53.5
 20
142.5
 10
54.0
 20
142.5
 10
54.5
 20
142.0
 10
55.0
 20
142.0
 10
55.5
 20
142.0
 10
56.0
 20
142.0
 10
56.5
 20
142.0
 10
57.0
 20
142.0
 10
57.5
 20
142.0
 10
58.0
 20
142.0
 10
58.5
 20
142.0
 10
59.0
 20
142.0
 10
59.5
 20
142.0
 10
60.0
 20
142.0
 10
60.5
 20
142.0
 10
61.0
 20
142.0
 10
61.5
 20
142.0
 10
62.0
 20
142.0
 10
62.5
 20
142.0
 10
63.0
 20
142.0
 10
63.5
 20
142.0
 10
64.0
 20
142.0
 10
64.5
 20
142.0
 10
65.0
 20
142.0
 10
65.5
 20
142.0
 10
66.0
 20
142.5
 10
66.5
 20
142.5
 10
67.0
 20
143.0
 10
67.5
 20
143.0
 10
68.0
 20
143.5
 10
68.5
 20
144.0
 10
68.5
 20
144.5
 10
68.5
 20
145.0
 10
68.5
 20
145.5
 10
68.5
 20
146.0
 10
68.5
 20
146.5
 10
68.0
 20
147.0
 10
68.0
 20
147.5
 10
68.0
 20
148.0
 10
68.0
 20
148.5
 10
68.0
 20
149.0
 10
68.0
 20
149.5
 10
67.5
 20
149.5
 10
67.0
 20
149.5
 10
66.5
 20
150.0
 10
66.0
 20
150.5
 10
66.0
 20
151.0
 10
66.0
 20
151.5
 10
66.0
 20
152.0
 10
66.0
 20
152.5
 10
66.0
 20
153.0
 10
65.5
 20
153.0
 10
65.0
 20
153.5
 10
64.5
 20
153.5
 10
64.0
 20
153.5
 10
63.5
 20
153.5
 10
63.0
 20
153.5
 10
62.5
 20
153.5
 10
62.0
 20
153.5
 10
61.5
 20
153.5
 10
61.0
 20
154.0
 10
60.5
 20
154.0
 10
60.0
 20
154.0
 10
59.5
 20
154.0
 10
59.0
 20
154.0
 10
58.5
 20
154.0
 10
58.0
 20
154.0
 10
57.5
 20
154.0
 10
57.0
 20
154.0
 10
56.5
 20
154.0
 10
56.0
 20
154.0
  0
LWPOLYLINE
  5
90
330
17
100
AcDbEntity
  8
CURB
370
25
100
AcDbPolyline
 90
133
 70
0
 10
312.0
 20
156.0
 10
311.5
 20
155.5
 10
311.0
 20
155.5
 10
310.5
 20
155.5
 10
310.0
 20
155.5
 10
309.5
 20
155.5
 10
309.0
 20
155.5
 10
308.5
 20
155.5
 10
308.0
 20
155.5
 10
307.5
 20
155.5
 10
307.0
 20
155.5
 10
306.5
 20
155.0
 10
306.0
 20
155.0
 10
305.5
 20
155.0
 10
305.0
 20
155.0
 10
304.5
 20
155.0
 10
304.0
 20
155.0
 10
303.5
 20
155.0
 10
303.0
 20
155.0
 10
302.5
 20
155.0
 10
302.5
 20
154.5
 10
302.5
 20
154.0
 10
302.5
 20
153.5
 10
302.5
 20
153.0
 10
302.5
 20
152.5
 10
302.5
 20
152.0
 10
302.5
 20
151.5
 10
303.0
 20
151.5
 10
303.5
 20
151.5
 10
304.0
 20
151.5
 10
304.5
 20
151.5
 10
305.0
 20
151.5
 10
305.5
 20
151.5
 10
306.0
 20
151.5
 10
306.5
 20
151.0
 10
306.5
 20
150.5
 10
306.5
 20
150.0
 10
306.5
 20
149.5
 10
307.0
 20
149.5
 10
307.5
 20
149.5
 10
308.0
 20
149.5
 10
308.5
 20
149.0
 10
309.0
 20
148.5
 10
309.5
 20
148.5
 10
310.0
 20
148.0
 10
310.5
 20
147.5
 10
310.5
 20
147.0
 10
310.5
 20
146.5
 10
310.5
 20
146.0
 10
310.5
 20
145.5
 10
310.5
 20
145.0
 10
310.5
 20
144.5
 10
310.5
 20
144.0
 10
310.5
 20
143.5
 10
310.5
 20
143.0
 10
310.5
 20
142.5
 10
310.5
 20
142.0
 10
310.5
 20
141.5
 10
310.0
 20
141.0
 10
309.5
 20
140.5
 10
309.0
 20
140.0
 10
308.5
 20
139.5
 10
308.0
 20
139.0
 10
307.5
 20
138.5
 10
307.0
 20
138.5
 10
307.0
 20
138.0
 10
307.0
 20
137.5
 10
307.0
 20
137.0
 10
307.0
 20
136.5
 10
307.0
 20
136.0
 10
307.5
 20
136.0
 10
308.0
 20
136.0
 10
308.5
 20
136.0
 10
309.0
 20
135.5
 10
309.5
 20
135.5
 10
310.0
 20
135.5
 10
310.5
 20
135.5
 10
311.0
 20
135.5
 10
311.5
 20
135.5
 10
312.0
 20
135.5
 10
312.5
 20
135.5
 10
313.0
 20
135.5
 10
313.5
 20
135.5
 10
314.0
 20
135.5
 10
314.5
 20
135.5
 10
315.0
 20
136.0
 10
315.5
 20
136.0
 10
316.0
 20
136.5
 10
316.5
 20
136.5
 10
316.5
 20
137.0
 10
316.5
 20
137.5
 10
316.5
 20
138.0
 10
316.5
 20
138.5
 10
316.5
 20
139.0
 10
316.5
 20
139.5
 10
316.5
 20
140.0
 10
316.5
 20
140.5
 10
316.5
 20
141.0
 10
316.0
 20
141.5
 10
316.0
 20
142.0
 10
316.0
 20
142.5
 10
316.0
 20
143.0
 10
316.0
 20
143.5
 10
316.0
 20
144.0
 10
316.0
 20
144.5
 10
316.0
 20
145.0
 10
316.0
 20
145.5
 10
316.0
 20
146.0
 10
316.0
 20
146.5
 10
316.0
 20
147.0
 10
316.0
 20
147.5
 10
316.0
 20
148.0
 10
315.5
 20
148.5
 10
315.5
 20
149.0
 10
315.5
 20
149.5
 10
315.5
 20
150.0
 10
315.5
 20
150.5
 10
315.5
 20
151.0
 10
315.5
 20
151.5
 10
315.5
 20
152.0
 10
315.5
 20
152.5
 10
315.5
 20
153.0
 10
315.5
 20
153.5
 10
315.5
 20
154.0
 10
315.5
 20
154.5
 10
315.5
 20
155.0
 10
315.0
 20
155.0
 10
314.5
 20
155.5
 10
314.5
 20
156.0
 10
314.0
 20
156.0
 10
313.5
 20
156.0
 10
313.0
 20
156.0
 10
312.5
 20
156.0
  0
LWPOLYLINE
  5
91
330
17
100
AcDbEntity
  8
CURB
370
25
100
AcDbPolyline
 90
139
 70
0
 10
738.0
 20
157.0
 10
737.5
 20
156.5
 10
737.0
 20
156.0
 10
736.5
 20
155.5
 10
736.0
 20
155.0
 10
735.5
 20
155.0
 10
735.0
 20
155.0
 10
734.5
 20
154.5
 10
734.0
 20
154.5
 10
733.5
 20
154.5
 10
733.0
 20
154.5
 10
732.5
 20
154.5
 10
732.0
 20
154.5
 10
731.5
 20
154.5
 10
731.0
 20
154.5
 10
730.5
 20
155.0
 10
730.0
 20
155.0
 10
729.5
 20
155.0
 10
729.0
 20
155.0
 10
728.5
 20
155.0
 10
728.5
 20
154.5
 10
728.5
 20
154.0
 10
728.5
 20
153.5
 10
728.0
 20
153.0
 10
727.5
 20
152.5
 10
727.0
 20
152.0
 10
727.0
 20
151.5
 10
727.0
 20
151.0
 10
727.0
 20
150.5
 10
727.0
 20
150.0
 10
727.0
 20
149.5
 10
727.0
 20
149.0
 10
727.0
 20
148.5
 10
727.0
 20
148.0
 10
727.0
 20
147.5
 10
727.0
 20
147.0
 10
727.0
 20
146.5
 10
727.0
 20
146.0
 10
727.0
 20
145.5
 10
727.0
 20
145.0
 10
727.0
 20
144.5
 10
727.0
 20
144.0
 10
727.0
 20
143.5
 10
727.0
 20
143.0
 10
727.5
 20
142.5
 10
728.0
 20
142.0
 10
728.0
 20
141.5
 10
728.0
 20
141.0
 10
728.0
 20
140.5
 10
728.5
 20
140.5
 10
729.0
 20
140.5
 10
729.5
 20
140.5
 10
730.0
 20
140.5
 10
730.5
 20
141.0
 10
731.0
 20
141.0
 10
731.5
 20
141.0
 10
732.0
 20
141.0
 10
732.5
 20
141.0
 10
733.0
 20
141.0
 10
733.5
 20
141.0
 10
734.0
 20
141.0
 10
734.5
 20
141.0
 10
735.0
 20
141.0
 10
735.5
 20
141.0
 10
736.0
 20
141.0
 10
736.5
 20
141.0
 10
737.0
 20
141.0
 10
737.5
 20
141.0
 10
738.0
 20
141.0
 10
738.5
 20
141.0
 10
739.0
 20
141.0
 10
739.5
 20
141.0
 10
740.0
 20
141.0
 10
740.5
 20
141.0
 10
741.0
 20
141.0
 10
741.5
 20
141.0
 10
742.0
 20
141.0
 10
742.5
 20
141.0
 10
743.0
 20
141.0
 10
743.5
 20
141.0
 10
744.0
 20
141.0
 10
744.5
 20
141.0
 10
745.0
 20
141.0
 10
745.5
 20
141.0
 10
746.0
 20
141.0
 10
746.5
 20
141.5
 10
747.0
 20
142.0
 10
747.5
 20
142.0
 10
748.0
 20
142.0
 10
748.0
 20
142.5
 10
748.0
 20
143.0
 10
748.0
 20
143.5
 10
748.0
 20
144.0
 10
748.0
 20
144.5
 10
748.0
 20
145.0
 10
748.5
 20
145.5
 10
749.0
 20
146.0
 10
749.0
 20
146.5
 10
749.0
 20
147.0
 10
749.0
 20
147.5
 10
749.5
 20
148.0
 10
749.5
 20
148.5
 10
749.5
 20
149.0
 10
749.5
 20
149.5
 10
749.5
 20
150.0
 10
749.5
 20
150.5
 10
749.5
 20
151.0
 10
749.5
 20
151.5
 10
749.5
 20
152.0
 10
749.0
 20
152.5
 10
748.5
 20
153.0
 10
748.5
 20
153.5
 10
748.5
 20
154.0
 10
748.5
 20
154.5
 10
748.5
 20
155.0
 10
748.5
 20
155.5
 10
748.5
 20
156.0
 10
748.5
 20
156.5
 10
748.5
 20
157.0
 10
748.0
 20
157.0
 10
747.5
 20
157.0
 10
747.0
 20
157.0
 10
746.5
 20
157.0
 10
746.0
 20
157.0
 10
745.5
 20
157.0
 10
745.0
 20
157.0
 10
744.5
 20
157.0
 10
744.0
 20
157.0
 10
743.5
 20
157.0
 10
743.0
 20
157.0
 10
742.5
 20
157.0
 10
742.0
 20
157.0
 10
741.5
 20
157.0
 10
741.0
 20
157.0
 10
740.5
 20
157.0
 10
740.0
 20
157.0
 10
739.5
 20
157.0
 10
739.0
 20
157.0
 10
738.5
 20
157.0
  0
LWPOLYLINE
  5
92
330
17
100
AcDbEntity
  8
CURB
370
25
100
AcDbPolyline
 90
145
 70
0
 10
231.5
 20
159.0
 10
231.0
 20
158.5
 10
231.0
 20
158.0
 10
231.0
 20
157.5
 10
231.0
 20
157.0
 10
231.0
 20
156.5
 10
231.0
 20
156.0
 10
231.0
 20
155.5
 10
231.0
 20
155.0
 10
231.0
 20
154.5
 10
231.0
 20
154.0
 10
231.0
 20
153.5
 10
231.0
 20
153.0
 10
231.5
 20
153.0
 10
232.0
 20
152.5
 10
232.0
 20
152.0
 10
232.5
 20
151.5
 10
232.5
 20
151.0
 10
233.0
 20
150.5
 10
233.0
 20
150.0
 10
233.0
 20
149.5
 10
233.0
 20
149.0
 10
233.0
 20
148.5
 10
233.0
 20
148.0
 10
233.0
 20
147.5
 10
233.0
 20
147.0
 10
233.0
 20
146.5
 10
233.0
 20
146.0
 10
233.0
 20
145.5
 10
233.0
 20
145.0
 10
233.0
 20
144.5
 10
233.0
 20
144.0
 10
232.5
 20
143.5
 10
232.5
 20
143.0
 10
232.5
 20
142.5
 10
232.5
 20
142.0
 10
232.5
 20
141.5
 10
232.5
 20
141.0
 10
232.5
 20
140.5
 10
232.5
 20
140.0
 10
232.5
 20
139.5
 10
232.5
 20
139.0
 10
232.5
 20
138.5
 10
232.5
 20
138.0
 10
232.5
 20
137.5
 10
232.5
 20
137.0
 10
233.0
 20
137.0
 10
233.5
 20
136.5
 10
234.0
 20
136.5
 10
234.5
 20
136.0
 10
234.5
 20
135.5
 10
235.0
 20
135.5
 10
235.5
 20
135.5
 10
236.0
 20
135.5
 10
236.5
 20
135.5
 10
237.0
 20
135.5
 10
237.5
 20
135.5
 10
238.0
 20
135.5
 10
238.5
 20
135.5
 10
239.0
 20
135.5
 10
239.5
 20
135.5
 10
240.0
 20
135.5
 10
240.5
 20
135.5
 10
241.0
 20
135.5
 10
241.5
 20
135.5
 10
242.0
 20
135.5
 10
242.5
 20
135.5
 10
243.0
 20
136.0
 10
243.5
 20
136.0
 10
244.0
 20
136.0
 10
244.0
 20
136.5
 10
244.5
 20
137.0
 10
245.0
 20
137.0
 10
245.0
 20
137.5
 10
245.0
 20
138.0
 10
245.0
 20
138.5
 10
245.0
 20
139.0
 10
245.0
 20
139.5
 10
245.0
 20
140.0
 10
245.0
 20
140.5
 10
245.0
 20
141.0
 10
245.0
 20
141.5
 10
245.0
 20
142.0
 10
244.5
 20
142.5
 10
244.5
 20
143.0
 10
244.5
 20
143.5
 10
244.5
 20
144.0
 10
244.0
 20
144.0
 10
243.5
 20
144.0
 10
243.0
 20
144.0
 10
242.5
 20
144.5
 10
242.5
 20
145.0
 10
242.5
 20
145.5
 10
242.5
 20
146.0
 10
242.5
 20
146.5
 10
242.5
 20
147.0
 10
242.5
 20
147.5
 10
242.5
 20
148.0
 10
243.0
 20
148.5
 10
243.5
 20
149.0
 10
244.0
 20
149.0
 10
244.5
 20
149.0
 10
244.5
 20
149.5
 10
244.5
 20
150.0
 10
244.5
 20
150.5
 10
244.5
 20
151.0
 10
245.0
 20
151.5
 10
245.5
 20
152.0
 10
245.5
 20
152.5
 10
245.5
 20
153.0
 10
245.5
 20
153.5
 10
245.5
 20
154.0
 10
245.5
 20
154.5
 10
245.0
 20
154.5
 10
244.5
 20
154.5
 10
244.0
 20
154.5
 10
243.5
 20
154.5
 10
243.0
 20
154.5
 10
242.5
 20
154.5
 10
242.0
 20
154.5
 10
241.5
 20
154.5
 10
241.0
 20
154.5
 10
240.5
 20
154.5
 10
240.0
 20
154.5
 10
239.5
 20
154.5
 10
239.0
 20
154.5
 10
238.5
 20
154.5
 10
238.0
 20
155.0
 10
237.5
 20
155.0
 10
237.0
 20
155.0
 10
236.5
 20
155.0
 10
236.0
 20
155.5
 10
235.5
 20
155.5
 10
235.0
 20
156.0
 10
235.0
 20
156.5
 10
235.0
 20
157.0
 10
235.0
 20
157.5
 10
235.0
 20
158.0
 10
235.0
 20
158.5
 10
234.5
 20
159.0
 10
234.0
 20
159.0
 10
233.5
 20
159.0
 10
233.0
 20
159.0
 10
232.5
 20
159.0
 10
232.0
 20
159.0
  0
LWPOLYLINE
  5
93
330
17
100
AcDbEntity
  8
CURB
370
25
100
AcDbPolyline
 90
279
 70
0
 10
839.5
 20
160.0
 10
839.5
 20
159.5
 10
839.0
 20
159.0
 10
838.5
 20
159.0
 10
838.0
 20
159.0
 10
837.5
 20
158.5
 10
837.0
 20
158.5
 10
837.0
 20
158.0
 10
836.5
 20
157.5
 10
836.5
 20
157.0
 10
836.0
 20
156.5
 10
835.5
 20
156.5
 10
835.5
 20
156.0
 10
835.5
 20
155.5
 10
835.0
 20
155.0
 10
835.0
 20
154.5
 10
834.5
 20
154.0
 10
834.5
 20
153.5
 10
834.5
 20
153.0
 10
834.5
 20
152.5
 10
834.5
 20
152.0
 10
834.5
 20
151.5
 10
834.5
 20
151.0
 10
834.5
 20
150.5
 10
834.5
 20
150.0
 10
834.5
 20
149.5
 10
835.0
 20
149.0
 10
835.5
 20
149.0
 10
836.0
 20
149.0
 10
836.5
 20
149.0
 10
837.0
 20
149.0
 10
837.5
 20
149.0
 10
838.0
 20
149.0
 10
838.5
 20
149.0
 10
839.0
 20
149.0
 10
839.5
 20
149.0
 10
840.0
 20
149.0
 10
840.5
 20
149.0
 10
841.0
 20
149.0
 10
841.5
 20
149.0
 10
842.0
 20
149.0
 10
842.5
 20
149.0
 10
843.0
 20
149.0
 10
843.5
 20
148.5
 10
844.0
 20
148.5
 10
844.5
 20
148.5
 10
845.0
 20
148.0
 10
845.0
 20
147.5
 10
845.0
 20
147.0
 10
845.5
 20
147.0
 10
846.0
 20
147.0
 10
846.5
 20
147.0
 10
847.0
 20
147.0
 10
847.5
 20
147.0
 10
848.0
 20
147.0
 10
848.0
 20
147.5
 10
848.0
 20
148.0
 10
848.0
 20
148.5
 10
848.0
 20
149.0
 10
848.0
 20
149.5
 10
848.0
 20
150.0
 10
848.0
 20
150.5
 10
848.5
 20
151.0
 10
849.0
 20
151.0
 10
849.5
 20
151.0
 10
850.0
 20
151.0
 10
850.5
 20
151.0
 10
850.5
 20
151.5
 10
850.5
 20
152.0
 10
851.0
 20
152.5
 10
851.0
 20
153.0
 10
851.5
 20
153.5
 10
851.5
 20
154.0
 10
852.0
 20
154.5
 10
852.5
 20
154.5
 10
853.0
 20
154.5
 10
853.5
 20
154.5
 10
854.0
 20
154.5
 10
854.5
 20
154.5
 10
855.0
 20
154.5
 10
855.5
 20
154.0
 10
856.0
 20
153.5
 10
856.5
 20
153.5
 10
857.0
 20
153.0
 10
857.5
 20
153.0
 10
858.0
 20
152.5
 10
858.5
 20
152.5
 10
859.0
 20
152.5
 10
859.5
 20
152.5
 10
860.0
 20
152.5
 10
860.5
 20
152.5
 10
861.0
 20
152.5
 10
861.5
 20
152.5
 10
862.0
 20
152.0
 10
862.5
 20
151.5
 10
862.5
 20
151.0
 10
863.0
 20
150.5
 10
863.5
 20
150.0
 10
864.0
 20
149.5
 10
864.0
 20
149.0
 10
864.0
 20
148.5
 10
864.5
 20
148.0
 10
865.0
 20
147.5
 10
865.0
 20
147.0
 10
865.0
 20
146.5
 10
865.0
 20
146.0
 10
865.0
 20
145.5
 10
865.0
 20
145.0
 10
865.0
 20
144.5
 10
865.0
 20
144.0
 10
864.5
 20
143.5
 10
864.5
 20
143.0
 10
864.0
 20
142.5
 10
863.5
 20
142.0
 10
863.0
 20
142.0
 10
862.5
 20
142.0
 10
862.0
 20
142.0
 10
861.5
 20
142.0
 10
861.0
 20
142.0
 10
860.5
 20
142.0
 10
860.0
 20
142.0
 10
859.5
 20
142.0
 10
859.0
 20
142.5
 10
859.0
 20
143.0
 10
858.5
 20
143.5
 10
858.5
 20
144.0
 10
858.0
 20
144.0
 10
857.5
 20
144.0
 10
857.0
 20
144.0
 10
856.5
 20
144.0
 10
856.0
 20
144.0
 10
855.5
 20
144.0
 10
855.0
 20
144.0
 10
854.5
 20
143.5
 10
854.0
 20
143.0
 10
854.0
 20
142.5
 10
854.0
 20
142.0
 10
854.0
 20
141.5
 10
854.0
 20
141.0
 10
854.5
 20
140.5
 10
854.5
 20
140.0
 10
854.5
 20
139.5
 10
854.5
 20
139.0
 10
854.5
 20
138.5
 10
854.5
 20
138.0
 10
854.5
 20
137.5
 10
854.5
 20
137.0
 10
855.0
 20
137.0
 10
855.5
 20
136.5
 10
856.0
 20
136.5
 10
856.5
 20
136.0
 10
857.0
 20
136.0
 10
857.5
 20
136.0
 10
858.0
 20
136.0
 10
858.5
 20
136.0
 10
859.0
 20
136.5
 10
859.5
 20
136.5
 10
860.0
 20
136.5
 10
860.5
 20
136.5
 10
861.0
 20
136.5
 10
861.5
 20
136.5
 10
862.0
 20
136.5
 10
862.5
 20
136.5
 10
863.0
 20
136.5
 10
863.5
 20
136.5
 10
864.0
 20
136.5
 10
864.5
 20
136.5
 10
865.0
 20
136.5
 10
865.5
 20
136.5
 10
866.0
 20
136.5
 10
866.5
 20
136.5
 10
867.0
 20
136.5
 10
867.5
 20
136.5
 10
868.0
 20
137.0
 10
868.5
 20
137.0
 10
869.0
 20
137.0
 10
869.5
 20
137.0
 10
869.5
 20
137.5
 10
869.5
 20
138.0
 10
869.5
 20
138.5
 10
869.5
 20
139.0
 10
869.5
 20
139.5
 10
869.5
 20
140.0
 10
869.5
 20
140.5
 10
869.5
 20
141.0
 10
869.5
 20
141.5
 10
869.5
 20
142.0
 10
869.5
 20
142.5
 10
869.5
 20
143.0
 10
869.5
 20
143.5
 10
869.5
 20
144.0
 10
869.5
 20
144.5
 10
869.5
 20
145.0
 10
869.5
 20
145.5
 10
869.5
 20
146.0
 10
869.5
 20
146.5
 10
869.5
 20
147.0
 10
869.5
 20
147.5
 10
869.5
 20
148.0
 10
869.5
 20
148.5
 10
869.5
 20
149.0
 10
869.5
 20
149.5
 10
869.5
 20
150.0
 10
869.5
 20
150.5
 10
869.5
 20
151.0
 10
869.5
 20
151.5
 10
869.5
 20
152.0
 10
869.5
 20
152.5
 10
869.5
 20
153.0
 10
869.5
 20
153.5
 10
869.0
 20
154.0
 10
869.0
 20
154.5
 10
869.0
 20
155.0
 10
868.5
 20
155.5
 10
868.0
 20
155.5
 10
867.5
 20
156.0
 10
867.0
 20
156.0
 10
866.5
 20
156.0
 10
866.0
 20
156.0
 10
865.5
 20
156.0
 10
865.0
 20
156.0
 10
864.5
 20
156.0
 10
864.0
 20
156.0
 10
863.5
 20
156.0
 10
863.0
 20
156.5
 10
862.5
 20
156.5
 10
862.0
 20
156.5
 10
861.5
 20
156.5
 10
861.0
 20
156.5
 10
860.5
 20
156.5
 10
860.0
 20
156.5
 10
859.5
 20
156.5
 10
859.0
 20
156.5
 10
858.5
 20
157.0
 10
858.5
 20
157.5
 10
858.5
 20
158.0
 10
858.5
 20
158.5
 10
858.0
 20
158.5
 10
857.5
 20
158.5
 10
857.0
 20
158.5
 10
856.5
 20
158.5
 10
856.0
 20
158.5
 10
855.5
 20
158.5
 10
855.0
 20
158.5
 10
854.5
 20
158.5
 10
854.0
 20
158.0
 10
853.5
 20
158.0
 10
853.0
 20
158.0
 10
852.5
 20
158.0
 10
852.0
 20
158.0
 10
851.5
 20
158.0
 10
851.0
 20
158.0
 10
850.5
 20
158.0
 10
850.0
 20
158.0
 10
849.5
 20
157.5
 10
849.0
 20
157.5
 10
848.5
 20
157.0
 10
848.0
 20
157.0
 10
847.5
 20
156.5
 10
847.0
 20
156.5
 10
846.5
 20
156.5
 10
846.0
 20
156.5
 10
845.5
 20
156.5
 10
845.0
 20
156.5
 10
844.5
 20
156.5
 10
844.0
 20
156.5
 10
843.5
 20
156.5
 10
843.0
 20
156.5
 10
842.5
 20
157.0
 10
842.5
 20
157.5
 10
842.5
 20
158.0
 10
842.5
 20
158.5
 10
842.5
 20
159.0
 10
842.5
 20
159.5
 10
842.0
 20
159.5
 10
841.5
 20
160.0
 10
841.0
 20
160.0
 10
840.5
 20
160.0
 10
840.0
 20
160.0
  0
LWPOLYLINE
  5
94
330
17
100
AcDbEntity
  8
CURB
370
25
100
AcDbPolyline
 90
370
 70
0
 10
895.5
 20
160.5
 10
895.0
 20
160.0
 10
894.5
 20
160.0
 10
894.0
 20
160.0
 10
893.5
 20
160.0
 10
893.0
 20
159.5
 10
892.5
 20
159.0
 10
892.5
 20
158.5
 10
892.0
 20
158.0
 10
892.0
 20
157.5
 10
892.0
 20
157.0
 10
891.5
 20
156.5
 10
891.5
 20
156.0
 10
891.5
 20
155.5
 10
891.0
 20
155.0
 10
891.0
 20
154.5
 10
890.5
 20
154.0
 10
890.5
 20
153.5
 10
890.5
 20
153.0
 10
890.5
 20
152.5
 10
890.5
 20
152.0
 10
890.5
 20
151.5
 10
891.0
 20
151.0
 10
891.0
 20
150.5
 10
891.0
 20
150.0
 10
891.0
 20
149.5
 10
891.0
 20
149.0
 10
891.0
 20
148.5
 10
891.0
 20
148.0
 10
891.0
 20
147.5
 10
891.0
 20
147.0
 10
891.0
 20
146.5
 10
891.0
 20
146.0
 10
891.0
 20
145.5
 10
891.0
 20
145.0
 10
891.0
 20
144.5
 10
891.0
 20
144.0
 10
891.0
 20
143.5
 10
891.0
 20
143.0
 10
891.0
 20
142.5
 10
891.0
 20
142.0
 10
891.0
 20
141.5
 10
891.5
 20
141.5
 10
892.0
 20
141.0
 10
892.0
 20
140.5
 10
892.5
 20
140.5
 10
893.0
 20
140.5
 10
893.5
 20
140.5
 10
894.0
 20
140.5
 10
894.5
 20
140.5
 10
895.0
 20
140.5
 10
895.5
 20
140.0
 10
896.0
 20
139.5
 10
896.5
 20
139.0
 10
897.0
 20
139.0
 10
897.5
 20
138.5
 10
897.5
 20
138.0
 10
897.5
 20
137.5
 10
897.5
 20
137.0
 10
898.0
 20
136.5
 10
898.0
 20
136.0
 10
898.0
 20
135.5
 10
898.5
 20
135.0
 10
898.5
 20
134.5
 10
898.5
 20
134.0
 10
898.5
 20
133.5
 10
898.5
 20
133.0
 10
899.0
 20
132.5
 10
899.0
 20
132.0
 10
899.5
 20
131.5
 10
899.5
 20
131.0
 10
899.5
 20
130.5
 10
899.5
 20
130.0
 10
900.0
 20
129.5
 10
900.5
 20
129.0
 10
900.5
 20
128.5
 10
900.5
 20
128.0
 10
900.5
 20
127.5
 10
900.5
 20
127.0
 10
900.5
 20
126.5
 10
900.5
 20
126.0
 10
900.5
 20
125.5
 10
900.5
 20
125.0
 10
900.5
 20
124.5
 10
900.5
 20
124.0
 10
900.5
 20
123.5
 10
901.0
 20
123.5
 10
901.0
 20
124.0
 10
901.0
 20
124.5
 10
901.0
 20
125.0
 10
901.0
 20
125.5
 10
901.0
 20
126.0
 10
901.0
 20
126.5
 10
901.0
 20
127.0
 10
901.0
 20
127.5
 10
901.0
 20
128.0
 10
901.0
 20
128.5
 10
901.0
 20
129.0
 10
901.0
 20
129.5
 10
901.0
 20
130.0
 10
900.5
 20
130.5
 10
900.0
 20
131.0
 10
900.0
 20
131.5
 10
900.0
 20
132.0
 10
900.0
 20
132.5
 10
899.5
 20
133.0
 10
899.5
 20
133.5
 10
899.0
 20
134.0
 10
899.0
 20
134.5
 10
899.0
 20
135.0
 10
899.0
 20
135.5
 10
899.0
 20
136.0
 10
898.5
 20
136.5
 10
898.5
 20
137.0
 10
898.5
 20
137.5
 10
898.0
 20
138.0
 10
898.0
 20
138.5
 10
898.0
 20
139.0
 10
898.0
 20
139.5
 10
897.5
 20
139.5
 10
897.0
 20
140.0
 10
896.5
 20
140.5
 10
896.0
 20
141.0
 10
895.5
 20
141.0
 10
895.0
 20
141.0
 10
894.5
 20
141.0
 10
894.0
 20
141.0
 10
893.5
 20
141.0
 10
893.0
 20
141.0
 10
892.5
 20
141.5
 10
892.5
 20
142.0
 10
892.0
 20
142.0
 10
891.5
 20
142.5
 10
891.5
 20
143.0
 10
891.5
 20
143.5
 10
891.5
 20
144.0
 10
891.5
 20
144.5
 10
891.5
 20
145.0
 10
891.5
 20
145.5
 10
891.5
 20
146.0
 10
891.5
 20
146.5
 10
891.5
 20
147.0
 10
891.5
 20
147.5
 10
891.5
 20
148.0
 10
891.5
 20
148.5
 10
891.5
 20
149.0
 10
891.5
 20
149.5
 10
891.5
 20
150.0
 10
891.5
 20
150.5
 10
891.5
 20
151.0
 10
891.5
 20
151.5
 10
891.5
 20
152.0
 10
891.0
 20
152.5
 10
891.0
 20
153.0
 10
891.5
 20
153.5
 10
891.5
 20
154.0
 10
892.0
 20
154.5
 10
892.0
 20
155.0
 10
892.0
 20
155.5
 10
892.5
 20
156.0
 10
892.5
 20
156.5
 10
892.5
 20
157.0
 10
893.0
 20
157.5
 10
893.0
 20
158.0
 10
893.5
 20
158.5
 10
894.0
 20
159.0
 10
894.5
 20
159.5
 10
895.0
 20
159.5
 10
895.5
 20
159.5
 10
896.0
 20
159.5
 10
896.5
 20
160.0
 10
897.0
 20
159.5
 10
897.5
 20
159.5
 10
898.0
 20
159.5
 10
898.5
 20
159.0
 10
898.5
 20
158.5
 10
898.5
 20
158.0
 10
898.5
 20
157.5
 10
898.5
 20
157.0
 10
898.5
 20
156.5
 10
898.5
 20
156.0
 10
898.5
 20
155.5
 10
898.5
 20
155.0
 10
899.0
 20
154.5
 10
899.0
 20
154.0
 10
899.5
 20
154.0
 10
900.0
 20
154.0
 10
900.5
 20
154.0
 10
901.0
 20
154.0
 10
901.5
 20
154.0
 10
902.0
 20
154.0
 10
902.5
 20
154.0
 10
903.0
 20
154.0
 10
903.5
 20
154.0
 10
904.0
 20
154.0
 10
904.5
 20
154.0
 10
905.0
 20
154.5
 10
905.5
 20
155.0
 10
906.0
 20
155.0
 10
906.5
 20
155.0
 10
907.0
 20
155.0
 10
907.5
 20
154.5
 10
907.5
 20
154.0
 10
907.5
 20
153.5
 10
907.5
 20
153.0
 10
907.0
 20
152.5
 10
907.0
 20
152.0
 10
906.5
 20
151.5
 10
906.0
 20
151.5
 10
906.0
 20
151.0
 10
905.5
 20
150.5
 10
905.0
 20
150.5
 10
905.0
 20
150.0
 10
904.5
 20
149.5
 10
904.5
 20
149.0
 10
904.5
 20
148.5
 10
904.5
 20
148.0
 10
904.5
 20
147.5
 10
904.5
 20
147.0
 10
904.5
 20
146.5
 10
904.5
 20
146.0
 10
904.5
 20
145.5
 10
904.5
 20
145.0
 10
904.5
 20
144.5
 10
904.5
 20
144.0
 10
904.5
 20
143.5
 10
904.5
 20
143.0
 10
904.5
 20
142.5
 10
904.5
 20
142.0
 10
905.0
 20
142.0
 10
905.5
 20
142.0
 10
906.0
 20
141.5
 10
906.0
 20
141.0
 10
906.0
 20
140.5
 10
906.0
 20
140.0
 10
906.0
 20
139.5
 10
906.0
 20
139.0
 10
906.0
 20
138.5
 10
906.0
 20
138.0
 10
906.0
 20
137.5
 10
906.0
 20
137.0
 10
906.0
 20
136.5
 10
906.0
 20
136.0
 10
906.0
 20
135.5
 10
906.0
 20
135.0
 10
906.0
 20
134.5
 10
906.0
 20
134.0
 10
906.0
 20
133.5
 10
906.0
 20
133.0
 10
906.0
 20
132.5
 10
906.0
 20
132.0
 10
906.0
 20
131.5
 10
906.0
 20
131.0
 10
906.0
 20
130.5
 10
906.0
 20
130.0
 10
906.0
 20
129.5
 10
906.0
 20
129.0
 10
906.0
 20
128.5
 10
906.0
 20
128.0
 10
906.0
 20
127.5
 10
906.0
 20
127.0
 10
906.0
 20
126.5
 10
906.0
 20
126.0
 10
906.0
 20
125.5
 10
906.5
 20
125.0
 10
906.5
 20
124.5
 10
906.5
 20
124.0
 10
906.5
 20
123.5
 10
907.0
 20
123.5
 10
907.0
 20
124.0
 10
907.0
 20
124.5
 10
907.0
 20
125.0
 10
907.0
 20
125.5
 10
907.0
 20
126.0
 10
906.5
 20
126.5
 10
906.5
 20
127.0
 10
906.5
 20
127.5
 10
906.5
 20
128.0
 10
906.5
 20
128.5
 10
906.5
 20
129.0
 10
906.5
 20
129.5
 10
906.5
 20
130.0
 10
906.5
 20
130.5
 10
906.5
 20
131.0
 10
906.5
 20
131.5
 10
906.5
 20
132.0
 10
906.5
 20
132.5
 10
906.5
 20
133.0
 10
906.5
 20
133.5
 10
906.5
 20
134.0
 10
906.5
 20
134.5
 10
906.5
 20
135.0
 10
906.5
 20
135.5
 10
906.5
 20
136.0
 10
906.5
 20
136.5
 10
906.5
 20
137.0
 10
906.5
 20
137.5
 10
906.5
 20
138.0
 10
906.5
 20
138.5
 10
906.5
 20
139.0
 10
906.5
 20
139.5
 10
906.5
 20
140.0
 10
906.5
 20
140.5
 10
906.5
 20
141.0
 10
906.5
 20
141.5
 10
906.5
 20
142.0
 10
906.5
 20
142.5
 10
906.0
 20
142.5
 10
905.5
 20
142.5
 10
905.0
 20
143.0
 10
905.0
 20
143.5
 10
905.0
 20
144.0
 10
905.0
 20
144.5
 10
905.0
 20
145.0
 10
905.0
 20
145.5
 10
905.0
 20
146.0
 10
905.0
 20
146.5
 10
905.0
 20
147.0
 10
905.0
 20
147.5
 10
905.0
 20
148.0
 10
905.0
 20
148.5
 10
905.5
 20
149.0
 10
905.5
 20
149.5
 10
906.0
 20
150.0
 10
906.5
 20
150.0
 10
906.5
 20
150.5
 10
907.0
 20
151.0
 10
907.5
 20
151.0
 10
907.5
 20
151.5
 10
908.0
 20
152.0
 10
908.0
 20
152.5
 10
908.0
 20
153.0
 10
908.0
 20
153.5
 10
908.0
 20
154.0
 10
908.0
 20
154.5
 10
908.0
 20
155.0
 10
908.0
 20
155.5
 10
907.5
 20
155.5
 10
907.0
 20
155.5
 10
906.5
 20
155.5
 10
906.0
 20
155.5
 10
905.5
 20
155.5
 10
905.0
 20
155.5
 10
904.5
 20
155.5
 10
904.0
 20
155.0
 10
903.5
 20
154.5
 10
903.0
 20
154.5
 10
902.5
 20
154.5
 10
902.0
 20
154.5
 10
901.5
 20
154.5
 10
901.0
 20
154.5
 10
900.5
 20
154.5
 10
900.0
 20
154.5
 10
899.5
 20
155.0
 10
899.5
 20
155.5
 10
899.0
 20
156.0
 10
899.0
 20
156.5
 10
899.0
 20
157.0
 10
899.0
 20
157.5
 10
899.0
 20
158.0
 10
899.0
 20
158.5
 10
899.0
 20
159.0
 10
899.0
 20
159.5
 10
899.0
 20
160.0
 10
898.5
 20
160.0
 10
898.0
 20
160.0
 10
897.5
 20
160.5
 10
897.0
 20
160.5
 10
896.5
 20
160.5
 10
896.0
 20
160.5
  0
LWPOLYLINE
  5
95
330
17
100
AcDbEntity
  8
CURB
370
25
100
AcDbPolyline
 90
400
 70
0
 10
342.5
 20
169.0
 10
342.5
 20
168.5
 10
342.5
 20
168.0
 10
342.5
 20
167.5
 10
342.5
 20
167.0
 10
342.5
 20
166.5
 10
342.5
 20
166.0
 10
342.5
 20
165.5
 10
342.5
 20
165.0
 10
343.0
 20
164.5
 10
343.5
 20
164.5
 10
344.0
 20
164.0
 10
344.5
 20
163.5
 10
344.5
 20
163.0
 10
344.5
 20
162.5
 10
344.5
 20
162.0
 10
344.5
 20
161.5
 10
345.0
 20
161.0
 10
345.5
 20
160.5
 10
345.5
 20
160.0
 10
346.0
 20
159.5
 10
346.0
 20
159.0
 10
346.5
 20
158.5
 10
346.5
 20
158.0
 10
346.5
 20
157.5
 10
346.5
 20
157.0
 10
346.5
 20
156.5
 10
346.5
 20
156.0
 10
346.5
 20
155.5
 10
346.5
 20
155.0
 10
346.5
 20
154.5
 10
346.5
 20
154.0
 10
346.5
 20
153.5
 10
346.5
 20
153.0
 10
346.5
 20
152.5
 10
346.5
 20
152.0
 10
346.5
 20
151.5
 10
346.5
 20
151.0
 10
346.5
 20
150.5
 10
346.5
 20
150.0
 10
346.5
 20
149.5
 10
346.5
 20
149.0
 10
346.5
 20
148.5
 10
346.5
 20
148.0
 10
346.5
 20
147.5
 10
346.5
 20
147.0
 10
346.5
 20
146.5
 10
346.5
 20
146.0
 10
346.5
 20
145.5
 10
346.5
 20
145.0
 10
347.0
 20
144.5
 10
347.0
 20
144.0
 10
347.0
 20
143.5
 10
347.0
 20
143.0
 10
347.0
 20
142.5
 10
347.0
 20
142.0
 10
347.0
 20
141.5
 10
347.0
 20
141.0
 10
347.0
 20
140.5
 10
347.0
 20
140.0
 10
347.0
 20
139.5
 10
347.0
 20
139.0
 10
347.0
 20
138.5
 10
347.0
 20
138.0
 10
347.0
 20
137.5
 10
347.0
 20
137.0
 10
347.0
 20
136.5
 10
347.0
 20
136.0
 10
347.0
 20
135.5
 10
347.0
 20
135.0
 10
347.0
 20
134.5
 10
347.0
 20
134.0
 10
347.0
 20
133.5
 10
347.0
 20
133.0
 10
347.0
 20
132.5
 10
346.5
 20
132.0
 10
346.5
 20
131.5
 10
346.0
 20
131.0
 10
346.0
 20
130.5
 10
345.5
 20
130.0
 10
345.5
 20
129.5
 10
345.0
 20
129.0
 10
345.0
 20
128.5
 10
344.5
 20
128.0
 10
344.5
 20
127.5
 10
344.0
 20
127.0
 10
344.0
 20
126.5
 10
344.0
 20
126.0
 10
343.5
 20
125.5
 10
343.5
 20
125.0
 10
343.5
 20
124.5
 10
343.5
 20
124.0
 10
343.5
 20
123.5
 10
344.0
 20
123.5
 10
344.0
 20
124.0
 10
344.0
 20
124.5
 10
344.5
 20
125.0
 10
344.5
 20
125.5
 10
344.5
 20
126.0
 10
345.0
 20
126.5
 10
345.0
 20
127.0
 10
345.5
 20
127.5
 10
345.5
 20
128.0
 10
346.0
 20
128.5
 10
346.0
 20
129.0
 10
346.5
 20
129.5
 10
346.5
 20
130.0
 10
347.0
 20
130.5
 10
347.0
 20
131.0
 10
347.5
 20
131.5
 10
347.5
 20
132.0
 10
347.5
 20
132.5
 10
347.5
 20
133.0
 10
347.5
 20
133.5
 10
347.5
 20
134.0
 10
347.5
 20
134.5
 10
347.5
 20
135.0
 10
347.5
 20
135.5
 10
347.5
 20
136.0
 10
347.5
 20
136.5
 10
347.5
 20
137.0
 10
347.5
 20
137.5
 10
347.5
 20
138.0
 10
347.5
 20
138.5
 10
347.5
 20
139.0
 10
347.5
 20
139.5
 10
347.5
 20
140.0
 10
347.5
 20
140.5
 10
347.5
 20
141.0
 10
347.5
 20
141.5
 10
347.5
 20
142.0
 10
347.5
 20
142.5
 10
347.5
 20
143.0
 10
347.5
 20
143.5
 10
347.5
 20
144.0
 10
347.5
 20
144.5
 10
347.5
 20
145.0
 10
347.5
 20
145.5
 10
347.0
 20
146.0
 10
347.0
 20
146.5
 10
347.0
 20
147.0
 10
347.0
 20
147.5
 10
347.0
 20
148.0
 10
347.0
 20
148.5
 10
347.0
 20
149.0
 10
347.0
 20
149.5
 10
347.0
 20
150.0
 10
347.0
 20
150.5
 10
347.0
 20
151.0
 10
347.0
 20
151.5
 10
347.0
 20
152.0
 10
347.0
 20
152.5
 10
347.0
 20
153.0
 10
347.0
 20
153.5
 10
347.0
 20
154.0
 10
347.0
 20
154.5
 10
347.0
 20
155.0
 10
347.0
 20
155.5
 10
347.0
 20
156.0
 10
347.0
 20
156.5
 10
347.0
 20
157.0
 10
347.0
 20
157.5
 10
347.0
 20
158.0
 10
347.0
 20
158.5
 10
347.0
 20
159.0
 10
347.0
 20
159.5
 10
346.5
 20
160.0
 10
346.5
 20
160.5
 10
346.0
 20
161.0
 10
346.0
 20
161.5
 10
345.5
 20
162.0
 10
345.0
 20
162.5
 10
345.0
 20
163.0
 10
345.0
 20
163.5
 10
345.0
 20
164.0
 10
345.0
 20
164.5
 10
344.5
 20
165.0
 10
344.0
 20
165.0
 10
343.5
 20
165.5
 10
343.0
 20
166.0
 10
343.0
 20
166.5
 10
343.0
 20
167.0
 10
343.0
 20
167.5
 10
343.0
 20
168.0
 10
343.5
 20
168.5
 10
344.0
 20
168.5
 10
344.5
 20
168.5
 10
345.0
 20
168.5
 10
345.5
 20
168.5
 10
346.0
 20
168.5
 10
346.5
 20
168.5
 10
347.0
 20
168.5
 10
347.5
 20
168.0
 10
348.0
 20
167.5
 10
348.0
 20
167.0
 10
348.0
 20
166.5
 10
348.0
 20
166.0
 10
348.5
 20
166.0
 10
349.0
 20
166.0
 10
349.5
 20
166.0
 10
350.0
 20
165.5
 10
350.0
 20
165.0
 10
350.0
 20
164.5
 10
350.0
 20
164.0
 10
350.0
 20
163.5
 10
349.5
 20
163.0
 10
349.0
 20
162.5
 10
349.0
 20
162.0
 10
349.0
 20
161.5
 10
349.0
 20
161.0
 10
349.0
 20
160.5
 10
349.0
 20
160.0
 10
349.0
 20
159.5
 10
349.0
 20
159.0
 10
349.0
 20
158.5
 10
349.0
 20
158.0
 10
349.5
 20
157.5
 10
350.0
 20
157.0
 10
350.5
 20
156.5
 10
351.0
 20
156.5
 10
351.5
 20
156.0
 10
351.5
 20
155.5
 10
352.0
 20
155.0
 10
352.5
 20
154.5
 10
352.5
 20
154.0
 10
353.0
 20
154.0
 10
353.5
 20
153.5
 10
354.0
 20
153.5
 10
354.5
 20
153.0
 10
354.5
 20
152.5
 10
354.5
 20
152.0
 10
354.5
 20
151.5
 10
354.5
 20
151.0
 10
354.5
 20
150.5
 10
354.5
 20
150.0
 10
354.5
 20
149.5
 10
355.0
 20
149.0
 10
355.0
 20
148.5
 10
355.0
 20
148.0
 10
355.0
 20
147.5
 10
354.5
 20
147.0
 10
354.5
 20
146.5
 10
354.5
 20
146.0
 10
354.5
 20
145.5
 10
354.5
 20
145.0
 10
354.0
 20
144.5
 10
353.5
 20
144.0
 10
353.5
 20
143.5
 10
353.0
 20
143.0
 10
352.5
 20
142.5
 10
352.5
 20
142.0
 10
352.5
 20
141.5
 10
352.5
 20
141.0
 10
352.5
 20
140.5
 10
352.5
 20
140.0
 10
352.5
 20
139.5
 10
352.5
 20
139.0
 10
352.5
 20
138.5
 10
352.5
 20
138.0
 10
353.0
 20
137.5
 10
353.0
 20
137.0
 10
353.0
 20
136.5
 10
353.5
 20
136.0
 10
353.5
 20
135.5
 10
354.0
 20
135.0
 10
354.5
 20
135.0
 10
355.0
 20
134.5
 10
355.0
 20
134.0
 10
355.0
 20
133.5
 10
355.5
 20
133.0
 10
356.0
 20
133.0
 10
356.5
 20
132.5
 10
356.5
 20
132.0
 10
357.0
 20
131.5
 10
357.5
 20
131.0
 10
357.5
 20
130.5
 10
357.5
 20
130.0
 10
357.5
 20
129.5
 10
357.5
 20
129.0
 10
357.5
 20
128.5
 10
357.5
 20
128.0
 10
357.5
 20
127.5
 10
357.5
 20
127.0
 10
357.5
 20
126.5
 10
357.5
 20
126.0
 10
357.5
 20
125.5
 10
357.5
 20
125.0
 10
357.5
 20
124.5
 10
357.5
 20
124.0
 10
357.5
 20
123.5
 10
358.0
 20
123.5
 10
358.0
 20
124.0
 10
358.0
 20
124.5
 10
358.0
 20
125.0
 10
358.0
 20
125.5
 10
358.0
 20
126.0
 10
358.0
 20
126.5
 10
358.0
 20
127.0
 10
358.0
 20
127.5
 10
358.0
 20
128.0
 10
358.0
 20
128.5
 10
358.0
 20
129.0
 10
358.0
 20
129.5
 10
358.0
 20
130.0
 10
358.0
 20
130.5
 10
358.0
 20
131.0
 10
358.0
 20
131.5
 10
358.0
 20
132.0
 10
357.5
 20
132.5
 10
357.0
 20
133.0
 10
357.0
 20
133.5
 10
356.5
 20
133.5
 10
356.0
 20
134.0
 10
355.5
 20
134.5
 10
355.5
 20
135.0
 10
355.5
 20
135.5
 10
355.0
 20
135.5
 10
354.5
 20
136.0
 10
354.0
 20
136.5
 10
354.0
 20
137.0
 10
353.5
 20
137.5
 10
353.5
 20
138.0
 10
353.5
 20
138.5
 10
353.0
 20
139.0
 10
353.0
 20
139.5
 10
353.0
 20
140.0
 10
353.0
 20
140.5
 10
353.0
 20
141.0
 10
353.0
 20
141.5
 10
353.5
 20
142.0
 10
354.0
 20
142.5
 10
354.0
 20
143.0
 10
354.5
 20
143.5
 10
355.0
 20
144.0
 10
355.0
 20
144.5
 10
355.0
 20
145.0
 10
355.0
 20
145.5
 10
355.0
 20
146.0
 10
355.5
 20
146.5
 10
355.5
 20
147.0
 10
355.5
 20
147.5
 10
355.5
 20
148.0
 10
355.5
 20
148.5
 10
355.5
 20
149.0
 10
355.5
 20
149.5
 10
355.5
 20
150.0
 10
355.0
 20
150.5
 10
355.0
 20
151.0
 10
355.0
 20
151.5
 10
355.0
 20
152.0
 10
355.0
 20
152.5
 10
355.0
 20
153.0
 10
355.0
 20
153.5
 10
355.0
 20
154.0
 10
354.5
 20
154.0
 10
354.0
 20
154.5
 10
353.5
 20
154.5
 10
353.0
 20
155.0
 10
353.0
 20
155.5
 10
352.5
 20
156.0
 10
352.0
 20
156.5
 10
352.0
 20
157.0
 10
351.5
 20
157.0
 10
351.0
 20
157.5
 10
350.5
 20
158.0
 10
350.0
 20
158.5
 10
349.5
 20
159.0
 10
349.5
 20
159.5
 10
349.5
 20
160.0
 10
349.5
 20
160.5
 10
349.5
 20
161.0
 10
349.5
 20
161.5
 10
350.0
 20
162.0
 10
350.5
 20
162.5
 10
350.5
 20
163.0
 10
350.5
 20
163.5
 10
350.5
 20
164.0
 10
350.5
 20
164.5
 10
350.5
 20
165.0
 10
350.5
 20
165.5
 10
350.5
 20
166.0
 10
350.5
 20
166.5
 10
350.0
 20
166.5
 10
349.5
 20
166.5
 10
349.0
 20
166.5
 10
348.5
 20
167.0
 10
348.5
 20
167.5
 10
348.5
 20
168.0
 10
348.5
 20
168.5
 10
348.0
 20
169.0
 10
347.5
 20
169.0
 10
347.0
 20
169.0
 10
346.5
 20
169.0
 10
346.0
 20
169.0
 10
345.5
 20
169.0
 10
345.0
 20
169.0
 10
344.5
 20
169.0
 10
344.0
 20
169.0
 10
343.5
 20
169.0
 10
343.0
 20
169.0
  0
LWPOLYLINE
  5
96
330
17
100
AcDbEntity
  8
CURB
370
25
100
AcDbPolyline
 90
207
 70
0
 10
920.5
 20
182.0
 10
920.5
 20
181.5
 10
920.5
 20
181.0
 10
920.5
 20
180.5
 10
920.5
 20
180.0
 10
920.5
 20
179.5
 10
920.5
 20
179.0
 10
920.5
 20
178.5
 10
920.5
 20
178.0
 10
921.0
 20
178.0
 10
921.5
 20
178.0
 10
922.0
 20
178.0
 10
922.5
 20
178.0
 10
923.0
 20
178.0
 10
923.5
 20
178.0
 10
924.0
 20
178.0
 10
924.5
 20
178.0
 10
925.0
 20
178.0
 10
925.5
 20
177.5
 10
926.0
 20
177.0
 10
926.5
 20
177.0
 10
927.0
 20
177.0
 10
927.5
 20
177.0
 10
928.0
 20
177.0
 10
928.5
 20
177.0
 10
929.0
 20
177.0
 10
929.5
 20
177.0
 10
930.0
 20
177.0
 10
930.5
 20
177.0
 10
931.0
 20
177.0
 10
931.5
 20
177.0
 10
932.0
 20
177.0
 10
932.5
 20
177.0
 10
933.0
 20
177.0
 10
933.5
 20
177.0
 10
934.0
 20
177.0
 10
934.5
 20
177.0
 10
935.0
 20
177.0
 10
935.5
 20
177.0
 10
936.0
 20
177.0
 10
936.5
 20
177.0
 10
937.0
 20
177.0
 10
937.5
 20
177.0
 10
938.0
 20
177.0
 10
938.5
 20
177.0
 10
939.0
 20
177.0
 10
939.5
 20
177.0
 10
940.0
 20
177.0
 10
940.5
 20
177.0
 10
941.0
 20
177.0
 10
941.5
 20
177.0
 10
942.0
 20
177.0
 10
942.5
 20
177.0
 10
943.0
 20
177.0
 10
943.5
 20
177.0
 10
944.0
 20
177.0
 10
944.5
 20
177.0
 10
945.0
 20
177.0
 10
945.5
 20
177.0
 10
946.0
 20
177.0
 10
946.5
 20
177.0
 10
947.0
 20
177.0
 10
947.5
 20
177.0
 10
948.0
 20
177.0
 10
948.5
 20
177.0
 10
949.0
 20
177.0
 10
949.5
 20
177.0
 10
950.0
 20
177.0
 10
950.5
 20
177.0
 10
951.0
 20
177.0
 10
951.5
 20
177.0
 10
952.0
 20
177.0
 10
952.5
 20
177.0
 10
953.0
 20
177.0
 10
953.5
 20
177.0
 10
954.0
 20
177.0
 10
954.5
 20
177.0
 10
955.0
 20
177.0
 10
955.5
 20
177.0
 10
956.0
 20
177.0
 10
956.5
 20
177.0
 10
957.0
 20
177.0
 10
957.5
 20
177.0
 10
958.0
 20
177.0
 10
958.5
 20
177.0
 10
959.0
 20
177.0
 10
959.5
 20
177.0
 10
960.0
 20
177.0
 10
960.5
 20
177.0
 10
961.0
 20
177.0
 10
961.5
 20
177.0
 10
962.0
 20
177.0
 10
962.5
 20
177.0
 10
963.0
 20
177.0
 10
963.5
 20
177.0
 10
964.0
 20
177.0
 10
964.5
 20
177.0
 10
965.0
 20
177.0
 10
965.5
 20
177.0
 10
966.0
 20
177.0
 10
966.5
 20
177.0
 10
967.0
 20
177.0
 10
967.5
 20
177.0
 10
968.0
 20
177.0
 10
968.5
 20
177.0
 10
968.5
 20
177.5
 10
968.5
 20
178.0
 10
968.5
 20
178.5
 10
968.5
 20
179.0
 10
968.5
 20
179.5
 10
968.5
 20
180.0
 10
968.0
 20
180.0
 10
967.5
 20
180.5
 10
967.5
 20
181.0
 10
967.0
 20
181.0
 10
966.5
 20
181.0
 10
966.0
 20
181.0
 10
965.5
 20
181.0
 10
965.0
 20
181.0
 10
964.5
 20
181.0
 10
964.0
 20
181.0
 10
963.5
 20
181.0
 10
963.0
 20
181.0
 10
962.5
 20
181.0
 10
962.0
 20
181.0
 10
961.5
 20
181.0
 10
961.0
 20
181.0
 10
960.5
 20
181.0
 10
960.0
 20
181.0
 10
959.5
 20
181.0
 10
959.0
 20
181.0
 10
958.5
 20
181.0
 10
958.0
 20
181.0
 10
957.5
 20
181.0
 10
957.0
 20
181.0
 10
956.5
 20
181.0
 10
956.0
 20
181.0
 10
955.5
 20
181.5
 10
955.0
 20
181.5
 10
954.5
 20
181.5
 10
954.0
 20
181.5
 10
953.5
 20
181.5
 10
953.0
 20
181.5
 10
952.5
 20
181.5
 10
952.0
 20
181.5
 10
951.5
 20
181.5
 10
951.0
 20
181.5
 10
950.5
 20
181.5
 10
950.0
 20
181.5
 10
949.5
 20
181.5
 10
949.0
 20
181.5
 10
948.5
 20
181.5
 10
948.0
 20
181.5
 10
947.5
 20
181.5
 10
947.0
 20
181.5
 10
946.5
 20
181.5
 10
946.0
 20
181.5
 10
945.5
 20
181.5
 10
945.0
 20
181.5
 10
944.5
 20
181.5
 10
944.0
 20
181.5
 10
943.5
 20
181.5
 10
943.0
 20
181.5
 10
942.5
 20
181.5
 10
942.0
 20
181.5
 10
941.5
 20
181.5
 10
941.0
 20
181.5
 10
940.5
 20
181.5
 10
940.0
 20
181.5
 10
939.5
 20
181.5
 10
939.0
 20
181.0
 10
938.5
 20
181.0
 10
938.0
 20
181.0
 10
937.5
 20
181.0
 10
937.0
 20
181.0
 10
936.5
 20
181.0
 10
936.0
 20
181.0
 10
935.5
 20
181.0
 10
935.0
 20
181.0
 10
934.5
 20
181.0
 10
934.0
 20
181.0
 10
933.5
 20
181.5
 10
933.0
 20
181.5
 10
932.5
 20
181.5
 10
932.0
 20
181.5
 10
931.5
 20
181.5
 10
931.0
 20
181.5
 10
930.5
 20
181.5
 10
930.0
 20
181.5
 10
929.5
 20
181.5
 10
929.0
 20
181.5
 10
928.5
 20
181.5
 10
928.0
 20
181.5
 10
927.5
 20
181.5
 10
927.0
 20
181.5
 10
926.5
 20
181.5
 10
926.0
 20
181.5
 10
925.5
 20
181.5
 10
925.0
 20
182.0
 10
924.5
 20
182.0
 10
924.0
 20
182.0
 10
923.5
 20
182.0
 10
923.0
 20
182.0
 10
922.5
 20
182.0
 10
922.0
 20
182.0
 10
921.5
 20
182.0
 10
921.0
 20
182.0
  0
LWPOLYLINE
  5
97
330
17
100
AcDbEntity
  8
CURB
370
25
100
AcDbPolyline
 90
202
 70
0
 10
114.0
 20
188.5
 10
113.5
 20
188.0
 10
113.0
 20
188.0
 10
112.5
 20
188.0
 10
112.0
 20
188.0
 10
111.5
 20
188.0
 10
111.0
 20
188.0
 10
110.5
 20
188.0
 10
110.0
 20
188.0
 10
109.5
 20
188.0
 10
109.0
 20
188.0
 10
108.5
 20
188.0
 10
108.0
 20
188.0
 10
107.5
 20
188.0
 10
107.0
 20
188.0
 10
106.5
 20
188.0
 10
106.0
 20
188.0
 10
105.5
 20
188.0
 10
105.0
 20
187.5
 10
104.5
 20
187.5
 10
104.0
 20
187.5
 10
103.5
 20
187.0
 10
103.0
 20
187.0
 10
102.5
 20
187.0
 10
102.0
 20
187.0
 10
101.5
 20
187.0
 10
101.0
 20
187.0
 10
100.5
 20
187.5
 10
100.0
 20
187.5
 10
99.5
 20
187.5
 10
99.0
 20
187.5
 10
98.5
 20
187.5
 10
98.0
 20
187.5
 10
97.5
 20
187.5
 10
97.0
 20
187.5
 10
96.5
 20
187.5
 10
96.0
 20
187.5
 10
95.5
 20
187.5
 10
95.0
 20
187.5
 10
94.5
 20
187.5
 10
94.0
 20
187.5
 10
93.5
 20
187.5
 10
93.0
 20
187.5
 10
92.5
 20
187.5
 10
92.0
 20
187.5
 10
91.5
 20
187.5
 10
91.0
 20
187.5
 10
90.5
 20
187.5
 10
90.0
 20
187.5
 10
89.5
 20
187.5
 10
89.0
 20
187.5
 10
88.5
 20
187.5
 10
88.0
 20
187.5
 10
87.5
 20
187.5
 10
87.0
 20
187.5
 10
86.5
 20
187.5
 10
86.0
 20
187.5
 10
85.5
 20
187.5
 10
85.5
 20
187.0
 10
85.5
 20
186.5
 10
85.5
 20
186.0
 10
85.5
 20
185.5
 10
86.0
 20
185.5
 10
86.5
 20
185.5
 10
87.0
 20
185.5
 10
87.5
 20
185.5
 10
88.0
 20
185.5
 10
88.5
 20
185.5
 10
89.0
 20
185.5
 10
89.5
 20
185.5
 10
90.0
 20
185.5
 10
90.5
 20
185.5
 10
91.0
 20
185.5
 10
91.5
 20
185.5
 10
92.0
 20
185.0
 10
92.0
 20
184.5
 10
92.0
 20
184.0
 10
92.0
 20
183.5
 10
92.0
 20
183.0
 10
92.0
 20
182.5
 10
92.5
 20
182.0
 10
93.0
 20
182.0
 10
93.5
 20
181.5
 10
93.5
 20
181.0
 10
93.5
 20
180.5
 10
93.5
 20
180.0
 10
93.5
 20
179.5
 10
93.5
 20
179.0
 10
93.5
 20
178.5
 10
93.0
 20
178.0
 10
92.5
 20
178.0
 10
92.0
 20
177.5
 10
92.0
 20
177.0
 10
92.0
 20
176.5
 10
92.0
 20
176.0
 10
92.0
 20
175.5
 10
92.5
 20
175.0
 10
93.0
 20
175.0
 10
93.5
 20
174.5
 10
94.0
 20
174.5
 10
94.5
 20
174.5
 10
95.0
 20
174.0
 10
95.5
 20
173.5
 10
96.0
 20
173.5
 10
96.5
 20
173.5
 10
97.0
 20
173.5
 10
97.5
 20
173.5
 10
98.0
 20
173.5
 10
98.5
 20
173.5
 10
99.0
 20
173.5
 10
99.5
 20
173.5
 10
100.0
 20
173.5
 10
100.0
 20
174.0
 10
100.5
 20
174.5
 10
101.0
 20
175.0
 10
101.5
 20
175.0
 10
102.0
 20
175.5
 10
102.5
 20
175.5
 10
103.0
 20
175.5
 10
103.5
 20
175.5
 10
104.0
 20
175.5
 10
104.5
 20
175.5
 10
105.0
 20
175.5
 10
105.0
 20
176.0
 10
105.5
 20
176.5
 10
106.0
 20
177.0
 10
106.5
 20
177.0
 10
107.0
 20
177.0
 10
107.5
 20
177.0
 10
108.0
 20
177.0
 10
108.5
 20
177.0
 10
109.0
 20
177.0
 10
109.5
 20
177.0
 10
110.0
 20
177.0
 10
110.5
 20
177.0
 10
111.0
 20
177.0
 10
111.5
 20
177.0
 10
112.0
 20
177.0
 10
112.0
 20
177.5
 10
112.0
 20
178.0
 10
112.0
 20
178.5
 10
112.0
 20
179.0
 10
112.0
 20
179.5
 10
112.0
 20
180.0
 10
112.5
 20
180.5
 10
113.0
 20
181.0
 10
113.5
 20
181.0
 10
114.0
 20
181.0
 10
114.5
 20
181.0
 10
114.5
 20
181.5
 10
114.5
 20
182.0
 10
114.5
 20
182.5
 10
115.0
 20
183.0
 10
115.5
 20
183.0
 10
116.0
 20
183.0
 10
116.5
 20
183.0
 10
116.5
 20
183.5
 10
116.5
 20
184.0
 10
116.5
 20
184.5
 10
116.5
 20
185.0
 10
117.0
 20
185.5
 10
117.5
 20
185.5
 10
118.0
 20
185.5
 10
118.5
 20
185.5
 10
119.0
 20
185.5
 10
119.5
 20
185.5
 10
120.0
 20
185.5
 10
120.5
 20
185.5
 10
121.0
 20
185.5
 10
121.5
 20
185.5
 10
122.0
 20
185.5
 10
122.5
 20
186.0
 10
123.0
 20
186.0
 10
123.5
 20
186.0
 10
124.0
 20
186.0
 10
124.5
 20
186.5
 10
125.0
 20
186.5
 10
125.0
 20
187.0
 10
125.0
 20
187.5
 10
125.0
 20
188.0
 10
125.0
 20
188.5
 10
124.5
 20
188.5
 10
124.0
 20
188.5
 10
123.5
 20
188.5
 10
123.0
 20
188.5
 10
122.5
 20
188.5
 10
122.0
 20
188.5
 10
121.5
 20
188.5
 10
121.0
 20
188.5
 10
120.5
 20
188.5
 10
120.0
 20
188.5
 10
119.5
 20
188.5
 10
119.0
 20
188.5
 10
118.5
 20
188.5
 10
118.0
 20
188.5
 10
117.5
 20
188.5
 10
117.0
 20
188.5
 10
116.5
 20
188.5
 10
116.0
 20
188.5
 10
115.5
 20
188.5
 10
115.0
 20
188.5
 10
114.5
 20
188.5
  0
LWPOLYLINE
  5
98
330
17
100
AcDbEntity
  8
CURB
370
25
100
AcDbPolyline
 90
122
 70
0
 10
892.0
 20
191.0
 10
891.5
 20
190.5
 10
891.5
 20
190.0
 10
891.5
 20
189.5
 10
891.5
 20
189.0
 10
891.5
 20
188.5
 10
891.5
 20
188.0
 10
891.5
 20
187.5
 10
891.5
 20
187.0
 10
891.5
 20
186.5
 10
891.5
 20
186.0
 10
891.5
 20
185.5
 10
891.5
 20
185.0
 10
891.5
 20
184.5
 10
891.5
 20
184.0
 10
891.5
 20
183.5
 10
891.5
 20
183.0
 10
891.5
 20
182.5
 10
891.5
 20
182.0
 10
891.5
 20
181.5
 10
892.0
 20
181.0
 10
892.5
 20
180.5
 10
892.5
 20
180.0
 10
893.0
 20
179.5
 10
893.5
 20
179.0
 10
893.5
 20
178.5
 10
893.5
 20
178.0
 10
893.5
 20
177.5
 10
893.5
 20
177.0
 10
894.0
 20
177.0
 10
894.5
 20
177.0
 10
895.0
 20
177.0
 10
895.5
 20
177.0
 10
896.0
 20
177.0
 10
896.5
 20
177.0
 10
897.0
 20
177.0
 10
897.5
 20
177.0
 10
898.0
 20
177.0
 10
898.5
 20
177.0
 10
899.0
 20
177.0
 10
899.5
 20
177.0
 10
900.0
 20
177.0
 10
900.5
 20
177.0
 10
900.5
 20
177.5
 10
901.0
 20
178.0
 10
901.5
 20
178.0
 10
902.0
 20
178.0
 10
902.5
 20
178.0
 10
903.0
 20
178.0
 10
903.5
 20
178.0
 10
904.0
 20
178.0
 10
904.5
 20
178.0
 10
905.0
 20
178.0
 10
905.5
 20
178.0
 10
906.0
 20
178.5
 10
906.0
 20
179.0
 10
906.0
 20
179.5
 10
906.0
 20
180.0
 10
906.0
 20
180.5
 10
906.0
 20
181.0
 10
906.5
 20
181.5
 10
907.0
 20
181.5
 10
907.0
 20
182.0
 10
907.5
 20
182.5
 10
908.0
 20
183.0
 10
908.5
 20
183.0
 10
909.0
 20
183.0
 10
909.5
 20
183.0
 10
910.0
 20
183.0
 10
910.5
 20
183.5
 10
911.0
 20
183.5
 10
911.5
 20
183.5
 10
911.5
 20
184.0
 10
911.5
 20
184.5
 10
912.0
 20
185.0
 10
912.0
 20
185.5
 10
912.0
 20
186.0
 10
912.0
 20
186.5
 10
912.0
 20
187.0
 10
911.5
 20
187.5
 10
911.5
 20
188.0
 10
911.5
 20
188.5
 10
911.5
 20
189.0
 10
911.0
 20
189.0
 10
910.5
 20
189.0
 10
910.0
 20
189.0
 10
909.5
 20
189.0
 10
909.0
 20
189.0
 10
908.5
 20
189.0
 10
908.0
 20
189.0
 10
907.5
 20
189.0
 10
907.0
 20
189.5
 10
907.0
 20
190.0
 10
906.5
 20
190.5
 10
906.0
 20
191.0
 10
905.5
 20
191.0
 10
905.0
 20
191.0
 10
904.5
 20
191.0
 10
904.0
 20
191.0
 10
903.5
 20
191.0
 10
903.0
 20
191.0
 10
902.5
 20
191.0
 10
902.0
 20
191.0
 10
901.5
 20
191.0
 10
901.0
 20
191.0
 10
900.5
 20
191.0
 10
900.0
 20
191.0
 10
899.5
 20
191.0
 10
899.0
 20
191.0
 10
898.5
 20
191.0
 10
898.0
 20
191.0
 10
897.5
 20
191.0
 10
897.0
 20
191.0
 10
896.5
 20
191.0
 10
896.0
 20
191.0
 10
895.5
 20
191.0
 10
895.0
 20
191.0
 10
894.5
 20
191.0
 10
894.0
 20
191.0
 10
893.5
 20
191.0
 10
893.0
 20
191.0
 10
892.5
 20
191.0
  0
LWPOLYLINE
  5
99
330
17
100
AcDbEntity
  8
CURB
370
25
100
AcDbPolyline
 90
384
 70
0
 10
984.5
 20
193.0
 10
984.5
 20
192.5
 10
984.0
 20
192.0
 10
983.5
 20
192.0
 10
983.0
 20
192.0
 10
982.5
 20
192.0
 10
982.0
 20
192.0
 10
981.5
 20
192.0
 10
981.0
 20
192.0
 10
980.5
 20
192.0
 10
980.0
 20
192.0
 10
979.5
 20
192.0
 10
979.0
 20
192.0
 10
978.5
 20
192.0
 10
978.5
 20
191.5
 10
978.0
 20
191.0
 10
977.5
 20
191.0
 10
977.0
 20
190.5
 10
977.0
 20
190.0
 10
977.0
 20
189.5
 10
977.0
 20
189.0
 10
977.0
 20
188.5
 10
977.0
 20
188.0
 10
977.5
 20
188.0
 10
978.0
 20
188.0
 10
978.5
 20
187.5
 10
979.0
 20
187.5
 10
979.5
 20
187.5
 10
980.0
 20
187.5
 10
980.5
 20
187.5
 10
981.0
 20
187.5
 10
981.5
 20
187.5
 10
982.0
 20
187.5
 10
982.5
 20
187.5
 10
983.0
 20
187.5
 10
983.5
 20
187.5
 10
984.0
 20
187.5
 10
984.5
 20
187.5
 10
985.0
 20
187.5
 10
985.5
 20
187.5
 10
986.0
 20
187.5
 10
986.5
 20
187.5
 10
987.0
 20
187.5
 10
987.5
 20
187.5
 10
988.0
 20
187.5
 10
988.5
 20
187.5
 10
989.0
 20
187.5
 10
989.5
 20
187.5
 10
990.0
 20
187.5
 10
990.5
 20
187.5
 10
991.0
 20
187.5
 10
991.5
 20
187.5
 10
992.0
 20
187.5
 10
992.5
 20
187.5
 10
993.0
 20
187.5
 10
993.5
 20
187.5
 10
994.0
 20
187.5
 10
994.5
 20
187.0
 10
995.0
 20
187.0
 10
995.5
 20
187.0
 10
996.0
 20
187.0
 10
996.5
 20
187.0
 10
997.0
 20
187.0
 10
997.5
 20
187.0
 10
998.0
 20
187.0
 10
998.5
 20
187.0
 10
999.0
 20
187.0
 10
999.5
 20
187.0
 10
1000.0
 20
187.0
 10
1000.5
 20
187.0
 10
1001.0
 20
187.0
 10
1001.5
 20
187.0
 10
1002.0
 20
187.0
 10
1002.5
 20
187.0
 10
1003.0
 20
187.0
 10
1003.5
 20
187.0
 10
1004.0
 20
187.0
 10
1004.5
 20
187.0
 10
1005.0
 20
187.0
 10
1005.5
 20
187.0
 10
1006.0
 20
187.0
 10
1006.5
 20
187.0
 10
1007.0
 20
187.0
 10
1007.5
 20
187.0
 10
1008.0
 20
187.0
 10
1008.5
 20
187.0
 10
1009.0
 20
187.0
 10
1009.5
 20
187.0
 10
1010.0
 20
187.0
 10
1010.5
 20
187.0
 10
1011.0
 20
187.0
 10
1011.5
 20
187.0
 10
1012.0
 20
187.0
 10
1012.5
 20
187.0
 10
1013.0
 20
187.0
 10
1013.5
 20
187.0
 10
1014.0
 20
187.0
 10
1014.5
 20
187.0
 10
1015.0
 20
187.0
 10
1015.5
 20
187.0
 10
1016.0
 20
187.0
 10
1016.5
 20
187.0
 10
1017.0
 20
187.0
 10
1017.5
 20
187.0
 10
1018.0
 20
187.0
 10
1018.5
 20
187.0
 10
1019.0
 20
187.0
 10
1019.5
 20
187.0
 10
1020.0
 20
187.0
 10
1020.5
 20
187.0
 10
1021.0
 20
187.0
 10
1021.5
 20
187.0
 10
1022.0
 20
187.0
 10
1022.5
 20
187.0
 10
1023.0
 20
187.0
 10
1023.5
 20
187.0
 10
1023.5
 20
187.5
 10
1023.0
 20
187.5
 10
1022.5
 20
187.5
 10
1022.0
 20
187.5
 10
1021.5
 20
187.5
 10
1021.0
 20
187.5
 10
1020.5
 20
187.5
 10
1020.0
 20
187.5
 10
1019.5
 20
187.5
 10
1019.0
 20
187.5
 10
1018.5
 20
187.5
 10
1018.0
 20
187.5
 10
1017.5
 20
187.5
 10
1017.0
 20
187.5
 10
1016.5
 20
187.5
 10
1016.0
 20
187.5
 10
1015.5
 20
187.5
 10
1015.0
 20
187.5
 10
1014.5
 20
187.5
 10
1014.0
 20
187.5
 10
1013.5
 20
187.5
 10
1013.0
 20
187.5
 10
1012.5
 20
187.5
 10
1012.0
 20
187.5
 10
1011.5
 20
187.5
 10
1011.0
 20
187.5
 10
1010.5
 20
187.5
 10
1010.0
 20
187.5
 10
1009.5
 20
187.5
 10
1009.0
 20
187.5
 10
1008.5
 20
187.5
 10
1008.0
 20
187.5
 10
1007.5
 20
187.5
 10
1007.0
 20
187.5
 10
1006.5
 20
187.5
 10
1006.0
 20
187.5
 10
1005.5
 20
187.5
 10
1005.0
 20
187.5
 10
1004.5
 20
187.5
 10
1004.0
 20
187.5
 10
1003.5
 20
187.5
 10
1003.0
 20
187.5
 10
1002.5
 20
187.5
 10
1002.0
 20
187.5
 10
1001.5
 20
187.5
 10
1001.0
 20
187.5
 10
1000.5
 20
187.5
 10
1000.0
 20
187.5
 10
999.5
 20
187.5
 10
999.0
 20
187.5
 10
998.5
 20
187.5
 10
998.0
 20
187.5
 10
997.5
 20
187.5
 10
997.0
 20
187.5
 10
996.5
 20
187.5
 10
996.0
 20
187.5
 10
995.5
 20
187.5
 10
995.0
 20
188.0
 10
994.5
 20
188.0
 10
994.0
 20
188.0
 10
993.5
 20
188.0
 10
993.0
 20
188.0
 10
992.5
 20
188.0
 10
992.0
 20
188.0
 10
991.5
 20
188.0
 10
991.0
 20
188.0
 10
990.5
 20
188.0
 10
990.0
 20
188.0
 10
989.5
 20
188.0
 10
989.0
 20
188.0
 10
988.5
 20
188.0
 10
988.0
 20
188.0
 10
987.5
 20
188.0
 10
987.0
 20
188.0
 10
986.5
 20
188.0
 10
986.0
 20
188.0
 10
985.5
 20
188.0
 10
985.0
 20
188.0
 10
984.5
 20
188.0
 10
984.0
 20
188.0
 10
983.5
 20
188.0
 10
983.0
 20
188.0
 10
982.5
 20
188.0
 10
982.0
 20
188.0
 10
981.5
 20
188.0
 10
981.0
 20
188.0
 10
980.5
 20
188.0
 10
980.0
 20
188.0
 10
979.5
 20
188.0
 10
979.0
 20
188.5
 10
978.5
 20
188.5
 10
978.0
 20
188.5
 10
977.5
 20
189.0
 10
977.5
 20
189.5
 10
978.0
 20
190.0
 10
978.5
 20
190.5
 10
979.0
 20
190.5
 10
979.0
 20
191.0
 10
979.5
 20
191.5
 10
980.0
 20
191.5
 10
980.5
 20
191.5
 10
981.0
 20
191.5
 10
981.5
 20
191.5
 10
982.0
 20
191.5
 10
982.5
 20
191.5
 10
983.0
 20
191.5
 10
983.5
 20
191.5
 10
984.0
 20
191.5
 10
984.5
 20
191.5
 10
985.0
 20
191.5
 10
985.0
 20
192.0
 10
985.5
 20
192.5
 10
986.0
 20
192.5
 10
986.5
 20
192.5
 10
987.0
 20
192.5
 10
987.5
 20
192.5
 10
988.0
 20
192.5
 10
988.5
 20
192.5
 10
989.0
 20
192.5
 10
989.5
 20
192.5
 10
990.0
 20
192.5
 10
990.5
 20
192.5
 10
991.0
 20
192.5
 10
991.5
 20
192.5
 10
992.0
 20
192.5
 10
992.5
 20
192.5
 10
993.0
 20
192.5
 10
993.5
 20
192.5
 10
994.0
 20
192.5
 10
994.5
 20
192.5
 10
995.0
 20
192.5
 10
995.5
 20
192.5
 10
996.0
 20
192.5
 10
996.5
 20
192.0
 10
996.5
 20
191.5
 10
997.0
 20
191.5
 10
997.5
 20
191.5
 10
998.0
 20
191.5
 10
998.5
 20
191.0
 10
999.0
 20
191.0
 10
999.5
 20
191.0
 10
1000.0
 20
190.5
 10
1000.5
 20
190.5
 10
1001.0
 20
190.5
 10
1001.5
 20
190.5
 10
1002.0
 20
190.5
 10
1002.5
 20
190.5
 10
1003.0
 20
190.5
 10
1003.5
 20
190.5
 10
1004.0
 20
190.5
 10
1004.5
 20
190.5
 10
1005.0
 20
190.5
 10
1005.5
 20
190.5
 10
1006.0
 20
190.5
 10
1006.5
 20
190.5
 10
1007.0
 20
190.5
 10
1007.5
 20
190.5
 10
1008.0
 20
190.5
 10
1008.5
 20
190.5
 10
1009.0
 20
190.5
 10
1009.5
 20
190.0
 10
1010.0
 20
190.0
 10
1010.5
 20
190.0
 10
1011.0
 20
190.0
 10
1011.5
 20
190.0
 10
1012.0
 20
190.0
 10
1012.5
 20
190.0
 10
1013.0
 20
190.0
 10
1013.5
 20
190.0
 10
1014.0
 20
190.0
 10
1014.5
 20
190.0
 10
1015.0
 20
190.0
 10
1015.5
 20
190.0
 10
1016.0
 20
190.0
 10
1016.5
 20
190.0
 10
1017.0
 20
190.0
 10
1017.5
 20
190.0
 10
1018.0
 20
190.0
 10
1018.5
 20
190.0
 10
1019.0
 20
190.0
 10
1019.5
 20
190.0
 10
1020.0
 20
190.0
 10
1020.5
 20
190.0
 10
1021.0
 20
190.0
 10
1021.5
 20
190.0
 10
1022.0
 20
190.0
 10
1022.5
 20
190.0
 10
1023.0
 20
190.0
 10
1023.5
 20
190.0
 10
1023.5
 20
190.5
 10
1023.0
 20
190.5
 10
1022.5
 20
190.5
 10
1022.0
 20
190.5
 10
1021.5
 20
190.5
 10
1021.0
 20
190.5
 10
1020.5
 20
190.5
 10
1020.0
 20
190.5
 10
1019.5
 20
190.5
 10
1019.0
 20
190.5
 10
1018.5
 20
190.5
 10
1018.0
 20
190.5
 10
1017.5
 20
190.5
 10
1017.0
 20
190.5
 10
1016.5
 20
190.5
 10
1016.0
 20
190.5
 10
1015.5
 20
190.5
 10
1015.0
 20
190.5
 10
1014.5
 20
190.5
 10
1014.0
 20
190.5
 10
1013.5
 20
190.5
 10
1013.0
 20
190.5
 10
1012.5
 20
190.5
 10
1012.0
 20
190.5
 10
1011.5
 20
190.5
 10
1011.0
 20
190.5
 10
1010.5
 20
190.5
 10
1010.0
 20
191.0
 10
1009.5
 20
191.0
 10
1009.0
 20
191.0
 10
1008.5
 20
191.0
 10
1008.0
 20
191.0
 10
1007.5
 20
191.0
 10
1007.0
 20
191.0
 10
1006.5
 20
191.0
 10
1006.0
 20
191.0
 10
1005.5
 20
191.0
 10
1005.0
 20
191.0
 10
1004.5
 20
191.0
 10
1004.0
 20
191.0
 10
1003.5
 20
191.0
 10
1003.0
 20
191.0
 10
1002.5
 20
191.0
 10
1002.0
 20
191.0
 10
1001.5
 20
191.0
 10
1001.0
 20
191.0
 10
1000.5
 20
191.5
 10
1000.0
 20
191.5
 10
999.5
 20
191.5
 10
999.0
 20
192.0
 10
998.5
 20
192.0
 10
998.0
 20
192.0
 10
997.5
 20
192.0
 10
997.0
 20
192.5
 10
997.0
 20
193.0
 10
996.5
 20
193.0
 10
996.0
 20
193.0
 10
995.5
 20
193.0
 10
995.0
 20
193.0
 10
994.5
 20
193.0
 10
994.0
 20
193.0
 10
993.5
 20
193.0
 10
993.0
 20
193.0
 10
992.5
 20
193.0
 10
992.0
 20
193.0
 10
991.5
 20
193.0
 10
991.0
 20
193.0
 10
990.5
 20
193.0
 10
990.0
 20
193.0
 10
989.5
 20
193.0
 10
989.0
 20
193.0
 10
988.5
 20
193.0
 10
988.0
 20
193.0
 10
987.5
 20
193.0
 10
987.0
 20
193.0
 10
986.5
 20
193.0
 10
986.0
 20
193.0
 10
985.5
 20
193.0
 10
985.0
 20
193.0
  0
LWPOLYLINE
  5
9A
330
17
100
AcDbEntity
  8
CURB
370
25
100
AcDbPolyline
 90
371
 70
0
 10
53.0
 20
195.0
 10
53.0
 20
194.5
 10
53.0
 20
194.0
 10
53.0
 20
193.5
 10
53.0
 20
193.0
 10
52.5
 20
192.5
 10
52.0
 20
192.5
 10
51.5
 20
192.5
 10
51.0
 20
192.5
 10
50.5
 20
192.5
 10
50.0
 20
192.5
 10
49.5
 20
192.5
 10
49.0
 20
192.5
 10
48.5
 20
192.5
 10
48.0
 20
192.5
 10
47.5
 20
192.5
 10
47.0
 20
192.5
 10
46.5
 20
192.5
 10
46.0
 20
192.5
 10
45.5
 20
192.5
 10
45.0
 20
192.5
 10
44.5
 20
192.5
 10
44.0
 20
192.5
 10
43.5
 20
192.5
 10
43.0
 20
192.5
 10
42.5
 20
192.5
 10
42.0
 20
192.5
 10
41.5
 20
192.5
 10
41.0
 20
192.5
 10
40.5
 20
192.5
 10
40.0
 20
192.5
 10
39.5
 20
192.5
 10
39.0
 20
192.5
 10
38.5
 20
192.5
 10
38.0
 20
192.5
 10
37.5
 20
192.5
 10
37.0
 20
192.5
 10
36.5
 20
192.5
 10
36.0
 20
192.5
 10
35.5
 20
192.5
 10
35.0
 20
192.5
 10
34.5
 20
192.5
 10
34.0
 20
192.5
 10
33.5
 20
192.5
 10
33.0
 20
192.5
 10
32.5
 20
192.5
 10
32.0
 20
192.5
 10
31.5
 20
192.5
 10
31.0
 20
192.5
 10
30.5
 20
192.5
 10
30.0
 20
192.5
 10
29.5
 20
192.5
 10
29.0
 20
192.5
 10
28.5
 20
192.5
 10
28.0
 20
192.5
 10
27.5
 20
192.5
 10
27.0
 20
192.5
 10
26.5
 20
192.5
 10
26.0
 20
192.5
 10
25.5
 20
192.5
 10
25.0
 20
192.5
 10
24.5
 20
192.5
 10
24.0
 20
192.5
 10
23.5
 20
192.5
 10
23.0
 20
192.5
 10
22.5
 20
192.5
 10
22.0
 20
192.5
 10
21.5
 20
192.5
 10
21.0
 20
192.5
 10
20.5
 20
192.5
 10
20.0
 20
192.5
 10
19.5
 20
192.5
 10
19.0
 20
192.0
 10
18.5
 20
192.0
 10
18.5
 20
191.5
 10
18.5
 20
191.0
 10
18.5
 20
190.5
 10
18.5
 20
190.0
 10
18.5
 20
189.5
 10
18.5
 20
189.0
 10
18.5
 20
188.5
 10
19.0
 20
188.0
 10
19.0
 20
187.5
 10
19.0
 20
187.0
 10
19.0
 20
186.5
 10
19.0
 20
186.0
 10
19.0
 20
185.5
 10
19.0
 20
185.0
 10
19.0
 20
184.5
 10
19.0
 20
184.0
 10
19.0
 20
183.5
 10
19.0
 20
183.0
 10
19.0
 20
182.5
 10
19.0
 20
182.0
 10
19.0
 20
181.5
 10
19.0
 20
181.0
 10
19.0
 20
180.5
 10
19.0
 20
180.0
 10
19.0
 20
179.5
 10
19.0
 20
179.0
 10
19.0
 20
178.5
 10
19.0
 20
178.0
 10
19.0
 20
177.5
 10
19.0
 20
177.0
 10
19.0
 20
176.5
 10
19.0
 20
176.0
 10
19.0
 20
175.5
 10
19.0
 20
175.0
 10
19.0
 20
174.5
 10
19.5
 20
174.5
 10
20.0
 20
174.5
 10
20.5
 20
174.5
 10
21.0
 20
174.5
 10
21.5
 20
174.5
 10
22.0
 20
174.5
 10
22.5
 20
174.5
 10
23.0
 20
174.5
 10
23.5
 20
174.5
 10
24.0
 20
174.5
 10
24.5
 20
174.5
 10
25.0
 20
174.5
 10
25.5
 20
174.5
 10
26.0
 20
174.5
 10
26.5
 20
174.5
 10
27.0
 20
174.5
 10
27.5
 20
174.5
 10
28.0
 20
174.5
 10
28.5
 20
174.5
 10
29.0
 20
174.5
 10
29.5
 20
174.5
 10
30.0
 20
174.5
 10
30.5
 20
174.5
 10
31.0
 20
175.0
 10
31.5
 20
175.0
 10
32.0
 20
175.0
 10
32.5
 20
175.0
 10
33.0
 20
175.0
 10
33.5
 20
175.0
 10
34.0
 20
175.0
 10
34.0
 20
175.5
 10
34.0
 20
176.0
 10
34.5
 20
176.5
 10
35.0
 20
176.5
 10
35.5
 20
177.0
 10
36.0
 20
177.0
 10
36.5
 20
177.0
 10
37.0
 20
177.0
 10
37.5
 20
177.0
 10
38.0
 20
177.5
 10
38.5
 20
177.5
 10
39.0
 20
177.5
 10
39.5
 20
177.5
 10
40.0
 20
177.5
 10
40.5
 20
177.5
 10
41.0
 20
177.5
 10
41.5
 20
177.5
 10
42.0
 20
177.5
 10
42.5
 20
177.5
 10
43.0
 20
177.5
 10
43.5
 20
177.5
 10
44.0
 20
177.5
 10
44.5
 20
177.5
 10
45.0
 20
177.5
 10
45.5
 20
177.0
 10
46.0
 20
177.0
 10
46.5
 20
177.0
 10
47.0
 20
176.5
 10
47.5
 20
176.0
 10
48.0
 20
176.0
 10
48.5
 20
176.0
 10
49.0
 20
176.0
 10
49.5
 20
176.0
 10
50.0
 20
176.0
 10
50.5
 20
175.5
 10
51.0
 20
175.5
 10
51.5
 20
175.5
 10
52.0
 20
175.5
 10
52.5
 20
175.5
 10
53.0
 20
175.5
 10
53.5
 20
175.5
 10
54.0
 20
175.5
 10
54.5
 20
175.5
 10
55.0
 20
175.5
 10
55.5
 20
176.0
 10
56.0
 20
176.0
 10
56.5
 20
176.5
 10
57.0
 20
176.5
 10
57.5
 20
176.5
 10
58.0
 20
177.0
 10
58.5
 20
177.0
 10
59.0
 20
177.0
 10
59.5
 20
177.5
 10
60.0
 20
177.5
 10
60.5
 20
177.5
 10
61.0
 20
177.5
 10
61.5
 20
177.5
 10
62.0
 20
178.0
 10
62.5
 20
178.0
 10
63.0
 20
178.0
 10
63.5
 20
178.0
 10
64.0
 20
178.0
 10
64.5
 20
178.0
 10
65.0
 20
177.5
 10
65.5
 20
177.5
 10
66.0
 20
177.0
 10
66.5
 20
177.0
 10
67.0
 20
177.0
 10
67.5
 20
177.0
 10
68.0
 20
177.0
 10
68.5
 20
176.5
 10
69.0
 20
176.5
 10
69.5
 20
176.5
 10
70.0
 20
176.5
 10
70.5
 20
176.0
 10
70.5
 20
175.5
 10
70.5
 20
175.0
 10
71.0
 20
175.0
 10
71.5
 20
175.0
 10
72.0
 20
175.0
 10
72.5
 20
175.0
 10
73.0
 20
175.0
 10
73.5
 20
175.0
 10
74.0
 20
175.0
 10
74.5
 20
175.0
 10
75.0
 20
175.0
 10
75.5
 20
175.0
 10
76.0
 20
175.0
 10
76.5
 20
175.5
 10
77.0
 20
175.5
 10
77.5
 20
175.5
 10
78.0
 20
175.5
 10
78.5
 20
175.5
 10
79.0
 20
175.5
 10
79.5
 20
175.5
 10
80.0
 20
175.5
 10
80.5
 20
175.5
 10
81.0
 20
175.5
 10
81.5
 20
175.5
 10
82.0
 20
175.5
 10
82.5
 20
175.5
 10
83.0
 20
175.5
 10
83.5
 20
175.5
 10
84.0
 20
175.5
 10
84.0
 20
176.0
 10
84.5
 20
176.5
 10
84.5
 20
177.0
 10
84.5
 20
177.5
 10
84.5
 20
178.0
 10
84.5
 20
178.5
 10
84.5
 20
179.0
 10
84.0
 20
179.0
 10
83.5
 20
179.0
 10
83.0
 20
179.5
 10
83.0
 20
180.0
 10
83.0
 20
180.5
 10
83.0
 20
181.0
 10
83.0
 20
181.5
 10
83.0
 20
182.0
 10
83.0
 20
182.5
 10
82.5
 20
182.5
 10
82.0
 20
182.5
 10
81.5
 20
182.5
 10
81.0
 20
182.5
 10
80.5
 20
183.0
 10
80.0
 20
183.0
 10
79.5
 20
183.0
 10
79.0
 20
183.0
 10
78.5
 20
183.0
 10
78.0
 20
183.0
 10
77.5
 20
183.0
 10
77.0
 20
183.0
 10
76.5
 20
183.0
 10
76.0
 20
183.0
 10
76.0
 20
182.5
 10
76.0
 20
182.0
 10
76.0
 20
181.5
 10
76.0
 20
181.0
 10
76.0
 20
180.5
 10
76.0
 20
180.0
 10
75.5
 20
179.5
 10
75.0
 20
179.5
 10
74.5
 20
179.5
 10
74.0
 20
179.0
 10
73.5
 20
179.0
 10
73.0
 20
178.5
 10
72.5
 20
178.5
 10
72.0
 20
178.5
 10
71.5
 20
178.5
 10
71.0
 20
178.5
 10
70.5
 20
178.5
 10
70.0
 20
178.5
 10
69.5
 20
179.0
 10
69.5
 20
179.5
 10
69.0
 20
179.5
 10
68.5
 20
180.0
 10
68.5
 20
180.5
 10
68.5
 20
181.0
 10
68.5
 20
181.5
 10
68.5
 20
182.0
 10
68.5
 20
182.5
 10
69.0
 20
183.0
 10
69.5
 20
183.5
 10
70.0
 20
184.0
 10
70.5
 20
184.5
 10
71.0
 20
185.0
 10
71.5
 20
185.0
 10
72.0
 20
185.5
 10
72.5
 20
186.0
 10
73.0
 20
186.0
 10
73.5
 20
186.0
 10
74.0
 20
186.5
 10
74.5
 20
186.5
 10
74.5
 20
187.0
 10
74.5
 20
187.5
 10
74.5
 20
188.0
 10
74.5
 20
188.5
 10
74.5
 20
189.0
 10
74.5
 20
189.5
 10
74.5
 20
190.0
 10
74.5
 20
190.5
 10
74.5
 20
191.0
 10
74.5
 20
191.5
 10
74.0
 20
191.5
 10
73.5
 20
191.5
 10
73.0
 20
191.5
 10
72.5
 20
191.5
 10
72.0
 20
191.5
 10
71.5
 20
191.5
 10
71.0
 20
191.5
 10
70.5
 20
191.5
 10
70.0
 20
191.5
 10
69.5
 20
191.5
 10
69.0
 20
191.5
 10
68.5
 20
191.5
 10
68.0
 20
191.0
 10
67.5
 20
191.0
 10
67.0
 20
191.0
 10
66.5
 20
191.0
 10
66.0
 20
191.0
 10
65.5
 20
191.0
 10
65.0
 20
191.0
 10
64.5
 20
191.0
 10
64.0
 20
191.0
 10
63.5
 20
191.0
 10
63.0
 20
191.0
 10
62.5
 20
191.0
 10
62.0
 20
191.0
 10
61.5
 20
191.0
 10
61.0
 20
191.0
 10
60.5
 20
191.0
 10
60.0
 20
191.0
 10
59.5
 20
191.5
 10
59.5
 20
192.0
 10
59.5
 20
192.5
 10
59.5
 20
193.0
 10
59.5
 20
193.5
 10
59.5
 20
194.0
 10
59.5
 20
194.5
 10
59.5
 20
195.0
 10
59.0
 20
195.0
 10
58.5
 20
195.0
 10
58.0
 20
195.0
 10
57.5
 20
195.0
 10
57.0
 20
195.0
 10
56.5
 20
195.0
 10
56.0
 20
195.0
 10
55.5
 20
195.0
 10
55.0
 20
195.0
 10
54.5
 20
195.0
 10
54.0
 20
195.0
 10
53.5
 20
195.0
  0
LWPOLYLINE
  5
9B
330
17
100
AcDbEntity
  8
CURB
370
25
100
AcDbPolyline
 90
921
 70
0
 10
679.5
 20
195.5
 10
679.0
 20
195.0
 10
678.5
 20
195.0
 10
678.0
 20
195.0
 10
677.5
 20
195.0
 10
677.0
 20
195.0
 10
676.5
 20
195.0
 10
676.5
 20
194.5
 10
676.5
 20
194.0
 10
676.5
 20
193.5
 10
676.5
 20
193.0
 10
676.5
 20
192.5
 10
676.5
 20
192.0
 10
676.5
 20
191.5
 10
676.0
 20
191.0
 10
675.5
 20
191.0
 10
675.0
 20
191.0
 10
674.5
 20
191.0
 10
674.0
 20
191.0
 10
673.5
 20
191.0
 10
673.0
 20
191.0
 10
672.5
 20
191.0
 10
672.0
 20
191.0
 10
672.0
 20
190.5
 10
672.0
 20
190.0
 10
672.0
 20
189.5
 10
672.0
 20
189.0
 10
672.0
 20
188.5
 10
672.5
 20
188.5
 10
673.0
 20
188.5
 10
673.5
 20
188.5
 10
674.0
 20
188.5
 10
674.5
 20
188.5
 10
675.0
 20
188.5
 10
675.5
 20
188.5
 10
676.0
 20
188.5
 10
676.5
 20
188.5
 10
677.0
 20
188.5
 10
677.5
 20
188.5
 10
678.0
 20
188.5
 10
678.5
 20
188.5
 10
679.0
 20
188.5
 10
679.5
 20
188.5
 10
680.0
 20
188.5
 10
680.5
 20
188.5
 10
681.0
 20
188.5
 10
681.5
 20
188.5
 10
682.0
 20
188.5
 10
682.5
 20
188.5
 10
683.0
 20
188.5
 10
683.5
 20
188.5
 10
684.0
 20
188.5
 10
684.5
 20
188.5
 10
685.0
 20
188.5
 10
685.5
 20
188.5
 10
686.0
 20
188.5
 10
686.5
 20
188.5
 10
687.0
 20
188.5
 10
687.5
 20
188.5
 10
688.0
 20
188.5
 10
688.5
 20
188.5
 10
689.0
 20
188.5
 10
689.5
 20
188.5
 10
690.0
 20
188.0
 10
690.0
 20
187.5
 10
690.0
 20
187.0
 10
690.5
 20
187.0
 10
691.0
 20
187.0
 10
691.5
 20
187.0
 10
692.0
 20
187.0
 10
692.5
 20
187.0
 10
693.0
 20
187.0
 10
693.5
 20
187.0
 10
694.0
 20
187.0
 10
694.5
 20
187.0
 10
695.0
 20
187.0
 10
695.5
 20
187.0
 10
696.0
 20
187.0
 10
696.5
 20
187.0
 10
696.5
 20
187.5
 10
696.5
 20
188.0
 10
696.5
 20
188.5
 10
697.0
 20
189.0
 10
697.5
 20
189.0
 10
698.0
 20
189.0
 10
698.5
 20
189.0
 10
699.0
 20
189.0
 10
699.5
 20
189.0
 10
700.0
 20
189.0
 10
700.5
 20
189.0
 10
701.0
 20
189.0
 10
701.5
 20
189.0
 10
702.0
 20
189.0
 10
702.5
 20
189.0
 10
703.0
 20
189.0
 10
703.5
 20
189.0
 10
704.0
 20
189.0
 10
704.5
 20
189.0
 10
705.0
 20
189.0
 10
705.5
 20
189.0
 10
706.0
 20
189.0
 10
706.5
 20
189.0
 10
707.0
 20
189.0
 10
707.5
 20
189.0
 10
708.0
 20
189.0
 10
708.5
 20
189.0
 10
709.0
 20
189.0
 10
709.5
 20
189.0
 10
710.0
 20
189.0
 10
710.5
 20
189.0
 10
711.0
 20
189.0
 10
711.5
 20
189.0
 10
712.0
 20
189.0
 10
712.5
 20
189.0
 10
713.0
 20
189.0
 10
713.5
 20
189.0
 10
714.0
 20
189.0
 10
714.5
 20
189.0
 10
715.0
 20
189.0
 10
715.5
 20
189.0
 10
716.0
 20
189.0
 10
716.5
 20
189.0
 10
717.0
 20
189.0
 10
717.5
 20
189.0
 10
718.0
 20
189.0
 10
718.5
 20
189.0
 10
719.0
 20
189.0
 10
719.5
 20
189.0
 10
720.0
 20
188.5
 10
720.5
 20
188.5
 10
721.0
 20
188.5
 10
721.5
 20
188.5
 10
722.0
 20
188.5
 10
722.5
 20
188.5
 10
723.0
 20
188.5
 10
723.5
 20
188.5
 10
724.0
 20
188.5
 10
724.5
 20
188.5
 10
725.0
 20
188.5
 10
725.5
 20
188.5
 10
726.0
 20
188.5
 10
726.5
 20
188.5
 10
727.0
 20
188.5
 10
727.5
 20
188.5
 10
728.0
 20
188.5
 10
728.5
 20
188.5
 10
729.0
 20
188.5
 10
729.5
 20
188.0
 10
729.5
 20
187.5
 10
729.5
 20
187.0
 10
730.0
 20
187.0
 10
730.5
 20
187.0
 10
731.0
 20
187.0
 10
731.5
 20
187.0
 10
732.0
 20
187.0
 10
732.5
 20
187.0
 10
733.0
 20
187.0
 10
733.5
 20
187.0
 10
734.0
 20
187.0
 10
734.5
 20
187.0
 10
735.0
 20
187.0
 10
735.5
 20
187.0
 10
736.0
 20
187.0
 10
736.5
 20
187.0
 10
737.0
 20
187.0
 10
737.5
 20
187.0
 10
738.0
 20
187.0
 10
738.0
 20
187.5
 10
738.0
 20
188.0
 10
738.0
 20
188.5
 10
738.5
 20
189.0
 10
739.0
 20
189.0
 10
739.5
 20
189.0
 10
740.0
 20
189.0
 10
740.5
 20
189.0
 10
741.0
 20
189.0
 10
741.5
 20
189.0
 10
742.0
 20
189.0
 10
742.5
 20
189.0
 10
743.0
 20
189.0
 10
743.5
 20
189.0
 10
744.0
 20
189.0
 10
744.5
 20
189.0
 10
745.0
 20
189.0
 10
745.5
 20
189.0
 10
746.0
 20
188.5
 10
746.5
 20
188.0
 10
746.5
 20
187.5
 10
746.5
 20
187.0
 10
746.5
 20
186.5
 10
746.5
 20
186.0
 10
746.5
 20
185.5
 10
746.5
 20
185.0
 10
746.5
 20
184.5
 10
747.0
 20
184.5
 10
747.5
 20
184.5
 10
748.0
 20
184.5
 10
748.5
 20
184.5
 10
749.0
 20
184.5
 10
749.5
 20
184.0
 10
750.0
 20
183.5
 10
750.0
 20
183.0
 10
750.5
 20
183.0
 10
751.0
 20
182.5
 10
751.5
 20
182.5
 10
752.0
 20
182.5
 10
752.5
 20
182.0
 10
753.0
 20
182.0
 10
753.5
 20
181.5
 10
754.0
 20
181.0
 10
754.0
 20
180.5
 10
754.0
 20
180.0
 10
754.5
 20
180.0
 10
755.0
 20
179.5
 10
755.0
 20
179.0
 10
755.5
 20
179.0
 10
756.0
 20
178.5
 10
756.0
 20
178.0
 10
756.0
 20
177.5
 10
756.5
 20
177.5
 10
757.0
 20
177.0
 10
757.0
 20
176.5
 10
757.5
 20
176.5
 10
758.0
 20
176.5
 10
758.5
 20
176.5
 10
759.0
 20
176.5
 10
759.5
 20
176.5
 10
760.0
 20
176.5
 10
760.5
 20
176.5
 10
761.0
 20
176.5
 10
761.5
 20
176.5
 10
761.5
 20
177.0
 10
762.0
 20
177.5
 10
762.5
 20
177.5
 10
763.0
 20
177.5
 10
763.5
 20
177.5
 10
764.0
 20
177.5
 10
764.5
 20
177.5
 10
764.5
 20
178.0
 10
764.5
 20
178.5
 10
764.5
 20
179.0
 10
764.5
 20
179.5
 10
764.5
 20
180.0
 10
764.5
 20
180.5
 10
764.5
 20
181.0
 10
764.5
 20
181.5
 10
764.5
 20
182.0
 10
764.5
 20
182.5
 10
764.5
 20
183.0
 10
764.5
 20
183.5
 10
765.0
 20
184.0
 10
765.5
 20
184.0
 10
766.0
 20
184.0
 10
766.5
 20
184.0
 10
767.0
 20
184.5
 10
767.5
 20
184.5
 10
768.0
 20
184.5
 10
768.5
 20
185.0
 10
769.0
 20
185.0
 10
769.5
 20
185.5
 10
770.0
 20
185.5
 10
770.5
 20
186.0
 10
771.0
 20
186.0
 10
771.5
 20
186.0
 10
771.5
 20
186.5
 10
772.0
 20
187.0
 10
772.5
 20
187.0
 10
773.0
 20
187.0
 10
773.5
 20
187.0
 10
774.0
 20
187.0
 10
774.5
 20
187.0
 10
775.0
 20
187.0
 10
775.5
 20
187.0
 10
776.0
 20
187.0
 10
776.5
 20
187.0
 10
777.0
 20
187.0
 10
777.5
 20
187.0
 10
778.0
 20
187.0
 10
778.5
 20
187.0
 10
779.0
 20
187.0
 10
779.5
 20
187.0
 10
780.0
 20
187.0
 10
780.5
 20
187.0
 10
781.0
 20
187.0
 10
781.5
 20
187.0
 10
782.0
 20
187.0
 10
782.5
 20
187.0
 10
783.0
 20
187.0
 10
783.5
 20
187.0
 10
784.0
 20
187.0
 10
784.5
 20
187.0
 10
785.0
 20
187.0
 10
785.5
 20
187.0
 10
786.0
 20
187.0
 10
786.5
 20
187.0
 10
787.0
 20
187.0
 10
787.5
 20
187.0
 10
788.0
 20
187.0
 10
788.5
 20
187.0
 10
789.0
 20
187.0
 10
789.5
 20
187.0
 10
790.0
 20
187.0
 10
790.5
 20
187.0
 10
791.0
 20
187.0
 10
791.5
 20
187.0
 10
792.0
 20
187.0
 10
792.5
 20
187.0
 10
793.0
 20
187.0
 10
793.5
 20
187.0
 10
794.0
 20
187.0
 10
794.5
 20
187.0
 10
795.0
 20
187.0
 10
795.5
 20
187.0
 10
796.0
 20
187.0
 10
796.5
 20
187.0
 10
797.0
 20
187.0
 10
797.5
 20
187.0
 10
798.0
 20
187.0
 10
798.5
 20
187.0
 10
799.0
 20
187.0
 10
799.5
 20
187.0
 10
800.0
 20
187.0
 10
800.5
 20
187.5
 10
801.0
 20
187.5
 10
801.5
 20
187.5
 10
802.0
 20
187.5
 10
802.0
 20
188.0
 10
802.5
 20
188.5
 10
803.0
 20
189.0
 10
803.5
 20
189.0
 10
804.0
 20
189.0
 10
804.5
 20
189.0
 10
805.0
 20
189.0
 10
805.5
 20
189.0
 10
805.5
 20
189.5
 10
805.5
 20
190.0
 10
805.5
 20
190.5
 10
806.0
 20
191.0
 10
806.5
 20
191.0
 10
807.0
 20
191.0
 10
807.5
 20
191.0
 10
808.0
 20
191.0
 10
808.5
 20
191.0
 10
809.0
 20
191.0
 10
809.5
 20
190.5
 10
809.5
 20
190.0
 10
809.5
 20
189.5
 10
809.5
 20
189.0
 10
810.0
 20
189.0
 10
810.5
 20
189.0
 10
811.0
 20
189.0
 10
811.5
 20
188.5
 10
812.0
 20
188.0
 10
812.0
 20
187.5
 10
812.0
 20
187.0
 10
812.5
 20
187.0
 10
813.0
 20
187.0
 10
813.5
 20
187.0
 10
814.0
 20
187.0
 10
814.5
 20
187.0
 10
815.0
 20
187.0
 10
815.5
 20
187.0
 10
816.0
 20
187.0
 10
816.5
 20
187.0
 10
817.0
 20
187.0
 10
817.5
 20
187.0
 10
818.0
 20
187.0
 10
818.5
 20
187.0
 10
819.0
 20
187.0
 10
819.5
 20
187.0
 10
820.0
 20
187.0
 10
820.5
 20
187.0
 10
821.0
 20
187.0
 10
821.5
 20
187.0
 10
822.0
 20
187.0
 10
822.5
 20
187.0
 10
823.0
 20
187.0
 10
823.5
 20
187.0
 10
824.0
 20
187.0
 10
824.5
 20
187.0
 10
825.0
 20
187.0
 10
825.5
 20
187.0
 10
826.0
 20
187.0
 10
826.5
 20
187.0
 10
827.0
 20
187.0
 10
827.5
 20
187.0
 10
828.0
 20
187.0
 10
828.5
 20
187.0
 10
829.0
 20
187.0
 10
829.5
 20
187.0
 10
830.0
 20
187.0
 10
830.5
 20
187.0
 10
830.5
 20
187.5
 10
830.5
 20
188.0
 10
831.0
 20
188.5
 10
831.5
 20
188.5
 10
832.0
 20
188.5
 10
832.5
 20
188.5
 10
833.0
 20
188.5
 10
833.5
 20
188.5
 10
834.0
 20
188.5
 10
834.5
 20
188.5
 10
835.0
 20
188.5
 10
835.5
 20
188.5
 10
836.0
 20
188.5
 10
836.5
 20
188.5
 10
837.0
 20
188.5
 10
837.5
 20
188.5
 10
838.0
 20
188.5
 10
838.5
 20
188.0
 10
838.5
 20
187.5
 10
838.5
 20
187.0
 10
839.0
 20
187.0
 10
839.5
 20
187.0
 10
840.0
 20
187.0
 10
840.5
 20
187.0
 10
841.0
 20
187.0
 10
841.5
 20
187.0
 10
842.0
 20
187.0
 10
842.5
 20
187.0
 10
843.0
 20
187.0
 10
843.5
 20
187.0
 10
844.0
 20
187.0
 10
844.5
 20
187.0
 10
845.0
 20
187.0
 10
845.5
 20
187.0
 10
846.0
 20
187.0
 10
846.5
 20
187.0
 10
847.0
 20
187.0
 10
847.5
 20
187.0
 10
848.0
 20
186.5
 10
848.5
 20
186.5
 10
849.0
 20
186.5
 10
849.5
 20
186.5
 10
850.0
 20
186.5
 10
850.5
 20
186.5
 10
851.0
 20
186.5
 10
851.5
 20
186.5
 10
852.0
 20
186.5
 10
852.5
 20
186.5
 10
853.0
 20
186.5
 10
853.5
 20
186.5
 10
854.0
 20
186.5
 10
854.5
 20
186.5
 10
855.0
 20
186.5
 10
855.5
 20
186.5
 10
856.0
 20
186.5
 10
856.5
 20
187.0
 10
857.0
 20
187.0
 10
857.5
 20
187.5
 10
858.0
 20
187.5
 10
858.5
 20
187.5
 10
859.0
 20
187.5
 10
859.5
 20
187.5
 10
860.0
 20
187.0
 10
860.5
 20
187.0
 10
861.0
 20
187.0
 10
861.5
 20
187.0
 10
862.0
 20
187.0
 10
862.5
 20
187.0
 10
863.0
 20
187.0
 10
863.5
 20
187.0
 10
864.0
 20
187.0
 10
864.5
 20
187.0
 10
865.0
 20
187.0
 10
865.5
 20
187.5
 10
866.0
 20
187.5
 10
866.5
 20
187.5
 10
867.0
 20
187.5
 10
867.5
 20
187.5
 10
868.0
 20
187.5
 10
868.5
 20
187.5
 10
869.0
 20
187.5
 10
869.5
 20
187.5
 10
870.0
 20
187.5
 10
870.5
 20
187.5
 10
871.0
 20
187.5
 10
871.5
 20
187.5
 10
872.0
 20
187.5
 10
872.5
 20
187.5
 10
873.0
 20
187.5
 10
873.5
 20
187.5
 10
874.0
 20
187.5
 10
874.5
 20
187.5
 10
875.0
 20
187.5
 10
875.5
 20
187.5
 10
876.0
 20
187.5
 10
876.5
 20
187.5
 10
877.0
 20
187.5
 10
877.0
 20
188.0
 10
877.0
 20
188.5
 10
877.5
 20
189.0
 10
878.0
 20
189.0
 10
878.0
 20
189.5
 10
878.0
 20
190.0
 10
878.0
 20
190.5
 10
878.0
 20
191.0
 10
877.5
 20
191.5
 10
877.0
 20
192.0
 10
877.0
 20
192.5
 10
877.0
 20
193.0
 10
876.5
 20
193.0
 10
876.0
 20
193.0
 10
875.5
 20
193.0
 10
875.0
 20
193.0
 10
874.5
 20
193.0
 10
874.0
 20
193.0
 10
873.5
 20
193.0
 10
873.0
 20
193.0
 10
872.5
 20
193.0
 10
872.0
 20
193.5
 10
871.5
 20
193.5
 10
871.0
 20
193.5
 10
870.5
 20
193.5
 10
870.0
 20
193.5
 10
869.5
 20
193.5
 10
869.0
 20
193.5
 10
868.5
 20
193.5
 10
868.0
 20
193.5
 10
867.5
 20
193.5
 10
867.0
 20
193.5
 10
866.5
 20
194.0
 10
866.0
 20
194.0
 10
865.5
 20
194.0
 10
865.0
 20
194.0
 10
864.5
 20
194.5
 10
864.0
 20
194.5
 10
863.5
 20
194.5
 10
863.0
 20
195.0
 10
862.5
 20
195.0
 10
862.0
 20
195.0
 10
861.5
 20
195.0
 10
861.0
 20
195.0
 10
860.5
 20
195.0
 10
860.0
 20
195.0
 10
859.5
 20
195.0
 10
859.0
 20
195.0
 10
858.5
 20
195.0
 10
858.0
 20
194.5
 10
857.5
 20
194.5
 10
857.0
 20
194.5
 10
856.5
 20
194.5
 10
856.0
 20
194.5
 10
855.5
 20
194.5
 10
855.0
 20
194.5
 10
854.5
 20
194.0
 10
854.0
 20
194.0
 10
853.5
 20
194.0
 10
853.0
 20
194.0
 10
852.5
 20
194.0
 10
852.0
 20
194.0
 10
851.5
 20
194.0
 10
851.0
 20
194.0
 10
850.5
 20
194.0
 10
850.0
 20
194.0
 10
849.5
 20
194.5
 10
849.0
 20
194.5
 10
848.5
 20
194.5
 10
848.0
 20
195.0
 10
847.5
 20
195.0
 10
847.0
 20
195.0
 10
846.5
 20
195.0
 10
846.0
 20
195.0
 10
845.5
 20
195.0
 10
845.0
 20
195.0
 10
844.5
 20
195.0
 10
844.0
 20
195.0
 10
843.5
 20
195.0
 10
843.0
 20
195.0
 10
842.5
 20
195.0
 10
842.0
 20
195.0
 10
841.5
 20
195.0
 10
841.0
 20
195.0
 10
840.5
 20
195.0
 10
840.0
 20
195.0
 10
839.5
 20
195.0
 10
839.0
 20
195.0
 10
838.5
 20
195.0
 10
838.0
 20
195.0
 10
837.5
 20
195.0
 10
837.0
 20
195.0
 10
836.5
 20
195.0
 10
836.0
 20
195.0
 10
835.5
 20
195.0
 10
835.0
 20
195.0
 10
834.5
 20
195.0
 10
834.0
 20
195.0
 10
833.5
 20
195.0
 10
833.0
 20
195.0
 10
832.5
 20
195.0
 10
832.0
 20
195.0
 10
831.5
 20
195.0
 10
831.5
 20
194.5
 10
831.5
 20
194.0
 10
831.5
 20
193.5
 10
831.5
 20
193.0
 10
831.0
 20
192.5
 10
830.5
 20
192.5
 10
830.0
 20
192.5
 10
829.5
 20
192.5
 10
829.0
 20
192.5
 10
828.5
 20
192.5
 10
828.0
 20
192.5
 10
827.5
 20
192.5
 10
827.0
 20
192.5
 10
826.5
 20
192.5
 10
826.0
 20
192.5
 10
825.5
 20
192.5
 10
825.0
 20
192.5
 10
824.5
 20
192.5
 10
824.0
 20
192.5
 10
823.5
 20
192.5
 10
823.0
 20
192.5
 10
822.5
 20
192.5
 10
822.0
 20
192.5
 10
821.5
 20
192.5
 10
821.0
 20
192.5
 10
820.5
 20
192.5
 10
820.0
 20
192.5
 10
819.5
 20
192.5
 10
819.0
 20
192.5
 10
818.5
 20
192.5
 10
818.0
 20
192.5
 10
817.5
 20
192.5
 10
817.0
 20
192.5
 10
816.5
 20
192.5
 10
816.0
 20
192.5
 10
815.5
 20
192.5
 10
815.0
 20
192.5
 10
814.5
 20
192.5
 10
814.0
 20
192.5
 10
813.5
 20
192.5
 10
813.0
 20
192.5
 10
812.5
 20
192.5
 10
812.0
 20
193.0
 10
812.0
 20
193.5
 10
812.0
 20
194.0
 10
811.5
 20
194.0
 10
811.0
 20
194.0
 10
810.5
 20
194.5
 10
810.0
 20
194.5
 10
809.5
 20
195.0
 10
809.0
 20
195.0
 10
808.5
 20
195.0
 10
808.0
 20
195.0
 10
807.5
 20
195.0
 10
807.0
 20
195.0
 10
806.5
 20
195.5
 10
806.0
 20
195.5
 10
805.5
 20
195.5
 10
805.0
 20
195.5
 10
804.5
 20
195.5
 10
804.0
 20
195.5
 10
803.5
 20
195.5
 10
803.0
 20
195.5
 10
802.5
 20
195.5
 10
802.0
 20
195.5
 10
801.5
 20
195.5
 10
801.0
 20
195.5
 10
800.5
 20
195.5
 10
800.0
 20
195.5
 10
799.5
 20
195.5
 10
799.0
 20
195.5
 10
798.5
 20
195.5
 10
798.0
 20
195.5
 10
797.5
 20
195.5
 10
797.0
 20
195.5
 10
796.5
 20
195.5
 10
796.0
 20
195.5
 10
795.5
 20
195.5
 10
795.0
 20
195.5
 10
794.5
 20
195.5
 10
794.0
 20
195.5
 10
793.5
 20
195.5
 10
793.0
 20
195.5
 10
792.5
 20
195.5
 10
792.0
 20
195.5
 10
791.5
 20
195.5
 10
791.0
 20
195.5
 10
790.5
 20
195.0
 10
790.0
 20
195.0
 10
789.5
 20
195.0
 10
789.0
 20
195.0
 10
788.5
 20
195.0
 10
788.0
 20
195.0
 10
787.5
 20
195.0
 10
787.0
 20
195.0
 10
786.5
 20
195.0
 10
786.0
 20
195.0
 10
785.5
 20
195.0
 10
785.0
 20
195.0
 10
784.5
 20
195.0
 10
784.0
 20
195.0
 10
783.5
 20
195.0
 10
783.0
 20
195.0
 10
782.5
 20
195.0
 10
782.0
 20
195.0
 10
781.5
 20
195.0
 10
781.0
 20
195.0
 10
780.5
 20
195.0
 10
780.0
 20
195.0
 10
779.5
 20
195.0
 10
779.0
 20
195.0
 10
778.5
 20
195.0
 10
778.0
 20
195.0
 10
778.0
 20
194.5
 10
778.0
 20
194.0
 10
778.0
 20
193.5
 10
778.0
 20
193.0
 10
778.0
 20
192.5
 10
778.0
 20
192.0
 10
777.5
 20
191.5
 10
777.0
 20
191.5
 10
776.5
 20
191.5
 10
776.0
 20
191.5
 10
775.5
 20
191.0
 10
775.0
 20
191.0
 10
774.5
 20
190.5
 10
774.0
 20
190.5
 10
773.5
 20
190.5
 10
773.0
 20
190.5
 10
772.5
 20
190.5
 10
772.0
 20
190.5
 10
771.5
 20
190.0
 10
771.0
 20
190.0
 10
770.5
 20
190.0
 10
770.0
 20
190.0
 10
769.5
 20
190.0
 10
769.0
 20
190.0
 10
768.5
 20
190.0
 10
768.0
 20
190.0
 10
767.5
 20
190.0
 10
767.0
 20
190.0
 10
766.5
 20
190.5
 10
766.0
 20
190.5
 10
765.5
 20
191.0
 10
765.0
 20
191.0
 10
764.5
 20
191.0
 10
764.0
 20
191.0
 10
763.5
 20
191.0
 10
763.0
 20
191.5
 10
762.5
 20
191.5
 10
762.0
 20
191.5
 10
761.5
 20
191.5
 10
761.0
 20
191.5
 10
760.5
 20
192.0
 10
760.5
 20
192.5
 10
760.5
 20
193.0
 10
760.0
 20
193.0
 10
759.5
 20
193.0
 10
759.0
 20
193.0
 10
758.5
 20
193.0
 10
758.0
 20
193.0
 10
757.5
 20
193.5
 10
757.0
 20
194.0
 10
756.5
 20
194.5
 10
756.0
 20
194.5
 10
755.5
 20
194.5
 10
755.0
 20
194.5
 10
754.5
 20
194.5
 10
754.0
 20
194.5
 10
753.5
 20
194.5
 10
753.0
 20
194.5
 10
752.5
 20
194.5
 10
752.0
 20
194.5
 10
751.5
 20
194.5
 10
751.0
 20
194.5
 10
750.5
 20
194.5
 10
750.0
 20
194.5
 10
749.5
 20
194.5
 10
749.0
 20
194.5
 10
749.0
 20
194.0
 10
749.0
 20
193.5
 10
749.0
 20
193.0
 10
749.0
 20
192.5
 10
749.0
 20
192.0
 10
748.5
 20
191.5
 10
748.0
 20
191.5
 10
747.5
 20
191.5
 10
747.0
 20
191.5
 10
746.5
 20
191.5
 10
746.0
 20
191.5
 10
745.5
 20
191.5
 10
745.0
 20
191.5
 10
744.5
 20
191.5
 10
744.0
 20
191.5
 10
743.5
 20
191.5
 10
743.0
 20
191.5
 10
742.5
 20
191.5
 10
742.0
 20
191.5
 10
741.5
 20
191.5
 10
741.0
 20
191.5
 10
740.5
 20
191.5
 10
740.0
 20
191.5
 10
739.5
 20
191.5
 10
739.0
 20
191.5
 10
738.5
 20
191.5
 10
738.0
 20
191.5
 10
737.5
 20
191.5
 10
737.0
 20
191.5
 10
736.5
 20
191.5
 10
736.0
 20
191.5
 10
735.5
 20
191.5
 10
735.0
 20
191.5
 10
734.5
 20
191.5
 10
734.0
 20
191.5
 10
733.5
 20
191.5
 10
733.0
 20
191.5
 10
732.5
 20
191.5
 10
732.0
 20
191.5
 10
731.5
 20
191.5
 10
731.0
 20
191.5
 10
730.5
 20
191.5
 10
730.0
 20
191.5
 10
729.5
 20
191.5
 10
729.0
 20
191.5
 10
728.5
 20
191.5
 10
728.0
 20
191.5
 10
727.5
 20
191.5
 10
727.0
 20
191.5
 10
726.5
 20
191.5
 10
726.0
 20
191.5
 10
725.5
 20
191.5
 10
725.0
 20
191.5
 10
724.5
 20
191.5
 10
724.0
 20
191.5
 10
723.5
 20
191.5
 10
723.0
 20
191.5
 10
722.5
 20
191.5
 10
722.0
 20
191.5
 10
721.5
 20
191.5
 10
721.0
 20
191.5
 10
720.5
 20
191.5
 10
720.0
 20
191.5
 10
719.5
 20
191.5
 10
719.0
 20
191.5
 10
718.5
 20
191.5
 10
718.0
 20
191.5
 10
717.5
 20
191.5
 10
717.0
 20
191.5
 10
716.5
 20
191.5
 10
716.0
 20
191.5
 10
715.5
 20
191.5
 10
715.0
 20
191.5
 10
714.5
 20
191.5
 10
714.0
 20
191.5
 10
713.5
 20
191.5
 10
713.0
 20
191.5
 10
712.5
 20
191.5
 10
712.0
 20
191.5
 10
711.5
 20
191.5
 10
711.0
 20
191.5
 10
710.5
 20
191.5
 10
710.0
 20
191.5
 10
709.5
 20
191.5
 10
709.0
 20
191.5
 10
708.5
 20
191.5
 10
708.0
 20
191.5
 10
707.5
 20
191.5
 10
707.0
 20
191.5
 10
706.5
 20
191.5
 10
706.0
 20
191.5
 10
705.5
 20
191.5
 10
705.0
 20
191.5
 10
704.5
 20
191.5
 10
704.0
 20
191.5
 10
703.5
 20
191.5
 10
703.0
 20
191.5
 10
702.5
 20
191.5
 10
702.0
 20
191.5
 10
701.5
 20
191.5
 10
701.0
 20
191.5
 10
700.5
 20
191.5
 10
700.0
 20
191.5
 10
699.5
 20
191.5
 10
699.0
 20
191.5
 10
698.5
 20
191.5
 10
698.0
 20
191.5
 10
697.5
 20
191.5
 10
697.0
 20
191.5
 10
696.5
 20
191.5
 10
696.0
 20
191.5
 10
695.5
 20
191.5
 10
695.0
 20
191.5
 10
694.5
 20
191.5
 10
694.0
 20
191.5
 10
693.5
 20
191.5
 10
693.0
 20
191.5
 10
692.5
 20
191.5
 10
692.0
 20
191.5
 10
691.5
 20
191.5
 10
691.0
 20
191.5
 10
690.5
 20
191.5
 10
690.0
 20
191.5
 10
689.5
 20
191.5
 10
689.0
 20
191.5
 10
688.5
 20
191.5
 10
688.0
 20
191.5
 10
687.5
 20
191.5
 10
687.0
 20
191.5
 10
686.5
 20
191.5
 10
686.0
 20
192.0
 10
686.0
 20
192.5
 10
686.0
 20
193.0
 10
686.0
 20
193.5
 10
686.0
 20
194.0
 10
686.0
 20
194.5
 10
686.0
 20
195.0
 10
686.0
 20
195.5
 10
685.5
 20
195.5
 10
685.0
 20
195.5
 10
684.5
 20
195.5
 10
684.0
 20
195.5
 10
683.5
 20
195.5
 10
683.0
 20
195.5
 10
682.5
 20
195.5
 10
682.0
 20
195.5
 10
681.5
 20
195.5
 10
681.0
 20
195.5
 10
680.5
 20
195.5
 10
680.0
 20
195.5
  0
LWPOLYLINE
  5
9C
330
17
100
AcDbEntity
  8
CURB
370
25
100
AcDbPolyline
 90
1037
 70
0
 10
397.5
 20
196.0
 10
397.0
 20
195.5
 10
396.5
 20
195.0
 10
396.0
 20
195.0
 10
395.5
 20
194.5
 10
395.0
 20
194.5
 10
394.5
 20
194.5
 10
394.5
 20
194.0
 10
394.5
 20
193.5
 10
394.0
 20
193.0
 10
393.5
 20
193.0
 10
393.0
 20
193.0
 10
392.5
 20
193.0
 10
392.0
 20
193.0
 10
391.5
 20
193.0
 10
391.0
 20
193.0
 10
390.5
 20
192.5
 10
390.0
 20
192.5
 10
389.5
 20
192.5
 10
389.0
 20
192.5
 10
388.5
 20
192.5
 10
388.0
 20
192.5
 10
387.5
 20
192.5
 10
387.0
 20
192.5
 10
386.5
 20
192.5
 10
386.0
 20
192.5
 10
385.5
 20
192.5
 10
385.0
 20
192.5
 10
384.5
 20
192.5
 10
384.0
 20
192.5
 10
383.5
 20
192.5
 10
383.0
 20
192.5
 10
382.5
 20
192.5
 10
382.0
 20
192.5
 10
381.5
 20
192.5
 10
381.0
 20
192.5
 10
380.5
 20
192.5
 10
380.0
 20
192.5
 10
379.5
 20
192.5
 10
379.0
 20
192.5
 10
378.5
 20
192.5
 10
378.0
 20
192.5
 10
377.5
 20
192.5
 10
377.0
 20
192.5
 10
376.5
 20
192.5
 10
376.0
 20
192.5
 10
375.5
 20
192.5
 10
375.0
 20
192.5
 10
374.5
 20
192.5
 10
374.0
 20
192.5
 10
373.5
 20
192.5
 10
373.0
 20
192.5
 10
372.5
 20
192.5
 10
372.0
 20
192.5
 10
371.5
 20
192.5
 10
371.0
 20
192.5
 10
370.5
 20
192.5
 10
370.0
 20
192.5
 10
369.5
 20
192.5
 10
369.0
 20
192.5
 10
368.5
 20
193.0
 10
368.0
 20
193.0
 10
367.5
 20
193.0
 10
367.0
 20
193.0
 10
366.5
 20
193.0
 10
366.0
 20
193.0
 10
365.5
 20
193.0
 10
365.0
 20
193.0
 10
364.5
 20
193.0
 10
364.0
 20
193.0
 10
363.5
 20
193.0
 10
363.0
 20
193.0
 10
362.5
 20
193.0
 10
362.0
 20
193.0
 10
361.5
 20
193.0
 10
361.0
 20
193.0
 10
360.5
 20
193.0
 10
360.0
 20
193.0
 10
359.5
 20
193.0
 10
359.0
 20
192.5
 10
358.5
 20
192.5
 10
358.0
 20
192.5
 10
357.5
 20
192.5
 10
357.0
 20
192.5
 10
356.5
 20
193.0
 10
356.0
 20
193.5
 10
355.5
 20
194.0
 10
355.0
 20
194.0
 10
354.5
 20
194.5
 10
354.0
 20
194.5
 10
353.5
 20
194.5
 10
353.0
 20
194.5
 10
352.5
 20
194.5
 10
352.0
 20
194.5
 10
351.5
 20
194.5
 10
351.0
 20
194.5
 10
350.5
 20
194.5
 10
350.0
 20
194.5
 10
349.5
 20
194.5
 10
349.0
 20
194.5
 10
348.5
 20
194.5
 10
348.0
 20
194.5
 10
347.5
 20
194.5
 10
347.0
 20
194.5
 10
346.5
 20
194.5
 10
346.0
 20
194.5
 10
345.5
 20
194.5
 10
345.0
 20
194.5
 10
344.5
 20
194.5
 10
344.0
 20
194.0
 10
343.5
 20
194.0
 10
343.0
 20
194.0
 10
342.5
 20
193.5
 10
342.0
 20
193.5
 10
341.5
 20
193.0
 10
341.0
 20
193.0
 10
340.5
 20
192.5
 10
340.5
 20
192.0
 10
340.0
 20
191.5
 10
339.5
 20
191.5
 10
339.0
 20
191.5
 10
338.5
 20
191.5
 10
338.0
 20
191.0
 10
338.0
 20
190.5
 10
337.5
 20
190.0
 10
337.0
 20
189.5
 10
336.5
 20
189.5
 10
336.0
 20
189.5
 10
335.5
 20
189.5
 10
335.0
 20
189.5
 10
334.5
 20
189.5
 10
334.0
 20
189.5
 10
333.5
 20
189.5
 10
333.0
 20
189.5
 10
332.5
 20
189.5
 10
332.0
 20
189.5
 10
331.5
 20
190.0
 10
331.0
 20
190.0
 10
330.5
 20
190.5
 10
330.0
 20
190.5
 10
329.5
 20
191.0
 10
329.0
 20
191.0
 10
328.5
 20
191.0
 10
328.0
 20
191.0
 10
327.5
 20
191.0
 10
327.0
 20
190.5
 10
326.5
 20
190.5
 10
326.0
 20
190.5
 10
325.5
 20
190.5
 10
325.0
 20
190.5
 10
324.5
 20
190.5
 10
324.0
 20
190.0
 10
323.5
 20
190.0
 10
323.0
 20
190.0
 10
322.5
 20
189.5
 10
322.0
 20
189.5
 10
321.5
 20
189.5
 10
321.0
 20
189.5
 10
320.5
 20
189.5
 10
320.0
 20
189.5
 10
319.5
 20
189.5
 10
319.0
 20
189.5
 10
318.5
 20
189.5
 10
318.0
 20
189.5
 10
317.5
 20
189.5
 10
317.0
 20
189.5
 10
316.5
 20
189.5
 10
316.0
 20
189.5
 10
315.5
 20
189.5
 10
315.0
 20
189.5
 10
314.5
 20
189.5
 10
314.0
 20
189.5
 10
313.5
 20
189.5
 10
313.0
 20
190.0
 10
312.5
 20
190.0
 10
312.0
 20
190.0
 10
311.5
 20
190.0
 10
311.0
 20
190.0
 10
310.5
 20
190.0
 10
310.0
 20
190.5
 10
309.5
 20
190.5
 10
309.0
 20
190.5
 10
308.5
 20
191.0
 10
308.0
 20
191.0
 10
307.5
 20
191.0
 10
307.0
 20
191.5
 10
306.5
 20
191.5
 10
306.0
 20
191.5
 10
305.5
 20
191.5
 10
305.0
 20
191.5
 10
304.5
 20
191.5
 10
304.0
 20
191.5
 10
303.5
 20
191.5
 10
303.0
 20
191.5
 10
302.5
 20
191.5
 10
302.0
 20
191.5
 10
301.5
 20
191.5
 10
301.0
 20
191.5
 10
300.5
 20
191.5
 10
300.0
 20
191.5
 10
299.5
 20
191.5
 10
299.0
 20
191.5
 10
298.5
 20
191.5
 10
298.0
 20
191.5
 10
297.5
 20
191.5
 10
297.0
 20
191.5
 10
296.5
 20
191.5
 10
296.0
 20
191.5
 10
295.5
 20
191.5
 10
295.0
 20
191.5
 10
294.5
 20
191.5
 10
294.0
 20
191.5
 10
293.5
 20
191.5
 10
293.0
 20
191.5
 10
292.5
 20
191.5
 10
292.0
 20
191.5
 10
291.5
 20
191.5
 10
291.0
 20
191.5
 10
290.5
 20
191.5
 10
290.0
 20
191.5
 10
289.5
 20
191.5
 10
289.0
 20
191.5
 10
288.5
 20
191.5
 10
288.0
 20
191.5
 10
287.5
 20
191.5
 10
287.0
 20
191.5
 10
286.5
 20
191.5
 10
286.0
 20
191.5
 10
285.5
 20
191.5
 10
285.0
 20
191.5
 10
284.5
 20
191.5
 10
284.0
 20
191.5
 10
283.5
 20
191.5
 10
283.0
 20
191.5
 10
282.5
 20
191.5
 10
282.0
 20
191.0
 10
282.0
 20
190.5
 10
282.0
 20
190.0
 10
282.0
 20
189.5
 10
282.0
 20
189.0
 10
281.5
 20
188.5
 10
281.0
 20
188.0
 10
280.5
 20
188.0
 10
280.5
 20
187.5
 10
280.5
 20
187.0
 10
280.5
 20
186.5
 10
280.5
 20
186.0
 10
280.5
 20
185.5
 10
280.5
 20
185.0
 10
281.0
 20
184.5
 10
281.0
 20
184.0
 10
281.0
 20
183.5
 10
281.0
 20
183.0
 10
281.0
 20
182.5
 10
281.0
 20
182.0
 10
281.0
 20
181.5
 10
281.0
 20
181.0
 10
281.0
 20
180.5
 10
281.0
 20
180.0
 10
281.0
 20
179.5
 10
281.5
 20
179.5
 10
282.0
 20
179.5
 10
282.5
 20
179.0
 10
282.5
 20
178.5
 10
282.5
 20
178.0
 10
282.5
 20
177.5
 10
283.0
 20
177.0
 10
283.0
 20
176.5
 10
283.5
 20
176.5
 10
284.0
 20
176.5
 10
284.5
 20
176.5
 10
285.0
 20
176.5
 10
285.5
 20
176.5
 10
286.0
 20
176.5
 10
286.5
 20
176.5
 10
287.0
 20
176.5
 10
287.5
 20
176.5
 10
288.0
 20
176.5
 10
288.5
 20
176.5
 10
289.0
 20
176.5
 10
289.5
 20
176.5
 10
290.0
 20
176.5
 10
290.5
 20
176.5
 10
291.0
 20
176.5
 10
291.5
 20
176.5
 10
292.0
 20
176.5
 10
292.5
 20
176.0
 10
293.0
 20
176.0
 10
293.5
 20
176.0
 10
294.0
 20
176.0
 10
294.5
 20
176.0
 10
295.0
 20
176.0
 10
295.5
 20
176.0
 10
296.0
 20
176.0
 10
296.5
 20
176.0
 10
297.0
 20
176.0
 10
297.5
 20
176.0
 10
298.0
 20
176.0
 10
298.5
 20
176.0
 10
299.0
 20
176.0
 10
299.5
 20
176.0
 10
300.0
 20
176.0
 10
300.0
 20
176.5
 10
300.5
 20
177.0
 10
301.0
 20
177.0
 10
301.5
 20
177.0
 10
302.0
 20
177.0
 10
302.5
 20
177.0
 10
303.0
 20
177.0
 10
303.5
 20
177.0
 10
304.0
 20
177.0
 10
304.5
 20
177.0
 10
305.0
 20
177.0
 10
305.5
 20
177.0
 10
306.0
 20
177.0
 10
306.5
 20
177.0
 10
307.0
 20
177.0
 10
307.5
 20
177.5
 10
308.0
 20
177.5
 10
308.5
 20
177.5
 10
308.5
 20
178.0
 10
308.5
 20
178.5
 10
308.5
 20
179.0
 10
308.5
 20
179.5
 10
308.5
 20
180.0
 10
309.0
 20
180.5
 10
309.5
 20
180.5
 10
310.0
 20
180.5
 10
310.0
 20
181.0
 10
310.0
 20
181.5
 10
310.0
 20
182.0
 10
310.0
 20
182.5
 10
310.0
 20
183.0
 10
310.5
 20
183.5
 10
311.0
 20
184.0
 10
311.5
 20
184.5
 10
312.0
 20
184.5
 10
312.5
 20
184.5
 10
313.0
 20
184.5
 10
313.5
 20
184.5
 10
314.0
 20
184.5
 10
314.5
 20
184.5
 10
315.0
 20
184.0
 10
315.5
 20
184.0
 10
316.0
 20
184.0
 10
316.5
 20
183.5
 10
317.0
 20
183.0
 10
317.0
 20
182.5
 10
317.0
 20
182.0
 10
317.0
 20
181.5
 10
317.0
 20
181.0
 10
317.0
 20
180.5
 10
317.0
 20
180.0
 10
317.0
 20
179.5
 10
317.5
 20
179.5
 10
318.0
 20
179.0
 10
318.5
 20
179.0
 10
319.0
 20
178.5
 10
319.5
 20
178.0
 10
320.0
 20
178.0
 10
320.5
 20
178.0
 10
321.0
 20
178.0
 10
321.5
 20
178.0
 10
322.0
 20
178.0
 10
322.5
 20
178.0
 10
323.0
 20
177.5
 10
323.5
 20
177.0
 10
324.0
 20
177.0
 10
324.5
 20
177.0
 10
325.0
 20
177.0
 10
325.5
 20
177.0
 10
326.0
 20
176.5
 10
326.5
 20
176.5
 10
327.0
 20
176.5
 10
327.5
 20
176.5
 10
328.0
 20
176.5
 10
328.5
 20
176.5
 10
329.0
 20
176.5
 10
329.5
 20
176.5
 10
330.0
 20
176.5
 10
330.5
 20
176.5
 10
331.0
 20
177.0
 10
331.5
 20
177.0
 10
332.0
 20
177.0
 10
332.5
 20
177.0
 10
333.0
 20
177.0
 10
333.5
 20
177.0
 10
334.0
 20
177.0
 10
334.5
 20
177.0
 10
335.0
 20
177.0
 10
335.0
 20
177.5
 10
335.5
 20
178.0
 10
336.0
 20
178.0
 10
336.5
 20
178.0
 10
337.0
 20
178.0
 10
337.5
 20
178.0
 10
338.0
 20
178.0
 10
338.5
 20
178.0
 10
339.0
 20
177.5
 10
339.0
 20
177.0
 10
339.5
 20
177.0
 10
340.0
 20
177.0
 10
340.5
 20
177.0
 10
341.0
 20
177.0
 10
341.5
 20
177.0
 10
342.0
 20
177.0
 10
342.5
 20
177.0
 10
343.0
 20
177.0
 10
343.5
 20
177.0
 10
344.0
 20
177.0
 10
344.5
 20
177.0
 10
345.0
 20
177.0
 10
345.5
 20
177.0
 10
346.0
 20
177.0
 10
346.5
 20
177.0
 10
347.0
 20
177.0
 10
347.5
 20
177.0
 10
348.0
 20
177.0
 10
348.5
 20
177.0
 10
349.0
 20
177.0
 10
349.5
 20
177.0
 10
350.0
 20
177.0
 10
350.5
 20
177.0
 10
351.0
 20
177.0
 10
351.5
 20
177.0
 10
352.0
 20
177.0
 10
352.5
 20
177.0
 10
353.0
 20
177.0
 10
353.5
 20
177.0
 10
354.0
 20
177.0
 10
354.5
 20
177.0
 10
355.0
 20
177.0
 10
355.5
 20
177.0
 10
356.0
 20
177.0
 10
356.5
 20
177.0
 10
356.5
 20
177.5
 10
356.5
 20
178.0
 10
357.0
 20
178.5
 10
357.5
 20
178.5
 10
357.5
 20
179.0
 10
358.0
 20
179.5
 10
358.5
 20
179.5
 10
359.0
 20
179.5
 10
359.5
 20
180.0
 10
359.5
 20
180.5
 10
360.0
 20
181.0
 10
360.5
 20
181.0
 10
361.0
 20
181.0
 10
361.5
 20
181.0
 10
362.0
 20
181.0
 10
362.5
 20
181.0
 10
363.0
 20
181.0
 10
363.5
 20
181.0
 10
364.0
 20
181.0
 10
364.5
 20
181.0
 10
365.0
 20
181.0
 10
365.5
 20
181.0
 10
366.0
 20
181.0
 10
366.5
 20
181.0
 10
367.0
 20
181.0
 10
367.5
 20
181.0
 10
368.0
 20
181.0
 10
368.5
 20
181.0
 10
369.0
 20
181.0
 10
369.5
 20
181.0
 10
369.5
 20
181.5
 10
369.5
 20
182.0
 10
369.5
 20
182.5
 10
369.5
 20
183.0
 10
369.5
 20
183.5
 10
370.0
 20
184.0
 10
370.5
 20
184.0
 10
371.0
 20
184.0
 10
371.5
 20
184.0
 10
372.0
 20
184.0
 10
372.5
 20
184.0
 10
373.0
 20
184.0
 10
373.5
 20
184.0
 10
374.0
 20
184.0
 10
374.5
 20
184.0
 10
375.0
 20
184.0
 10
375.5
 20
184.0
 10
376.0
 20
184.0
 10
376.5
 20
184.0
 10
377.0
 20
184.0
 10
377.5
 20
184.0
 10
378.0
 20
184.0
 10
378.5
 20
184.0
 10
379.0
 20
184.0
 10
379.5
 20
184.0
 10
380.0
 20
184.0
 10
380.5
 20
184.0
 10
381.0
 20
184.0
 10
381.5
 20
184.0
 10
382.0
 20
184.0
 10
382.5
 20
184.0
 10
383.0
 20
184.0
 10
383.5
 20
184.0
 10
384.0
 20
184.0
 10
384.5
 20
184.0
 10
385.0
 20
184.0
 10
385.5
 20
184.0
 10
386.0
 20
184.0
 10
386.5
 20
184.0
 10
387.0
 20
184.0
 10
387.5
 20
184.0
 10
388.0
 20
184.0
 10
388.5
 20
184.0
 10
389.0
 20
184.0
 10
389.5
 20
184.0
 10
390.0
 20
184.0
 10
390.5
 20
184.0
 10
391.0
 20
184.0
 10
391.5
 20
184.0
 10
392.0
 20
184.0
 10
392.5
 20
184.0
 10
393.0
 20
184.0
 10
393.5
 20
184.0
 10
394.0
 20
184.0
 10
394.5
 20
184.0
 10
395.0
 20
184.0
 10
395.5
 20
184.0
 10
396.0
 20
184.0
 10
396.5
 20
184.0
 10
396.5
 20
184.5
 10
396.5
 20
185.0
 10
396.5
 20
185.5
 10
396.5
 20
186.0
 10
397.0
 20
186.5
 10
397.5
 20
186.5
 10
398.0
 20
186.5
 10
398.5
 20
187.0
 10
399.0
 20
187.0
 10
399.5
 20
187.0
 10
400.0
 20
187.0
 10
400.5
 20
187.0
 10
401.0
 20
187.0
 10
401.5
 20
187.0
 10
402.0
 20
187.0
 10
402.5
 20
187.0
 10
403.0
 20
187.0
 10
403.5
 20
187.0
 10
404.0
 20
187.0
 10
404.5
 20
187.0
 10
405.0
 20
187.0
 10
405.5
 20
187.0
 10
406.0
 20
187.0
 10
406.5
 20
187.0
 10
407.0
 20
187.0
 10
407.5
 20
187.0
 10
408.0
 20
187.0
 10
408.5
 20
187.0
 10
409.0
 20
187.0
 10
409.5
 20
187.0
 10
410.0
 20
187.0
 10
410.5
 20
187.0
 10
411.0
 20
187.0
 10
411.5
 20
187.0
 10
412.0
 20
187.0
 10
412.5
 20
187.0
 10
413.0
 20
187.0
 10
413.5
 20
187.0
 10
414.0
 20
187.0
 10
414.5
 20
187.0
 10
415.0
 20
187.0
 10
415.5
 20
187.0
 10
416.0
 20
187.0
 10
416.5
 20
187.0
 10
417.0
 20
187.0
 10
417.5
 20
187.0
 10
418.0
 20
187.0
 10
418.5
 20
187.0
 10
419.0
 20
187.0
 10
419.5
 20
187.0
 10
420.0
 20
187.0
 10
420.5
 20
187.0
 10
421.0
 20
187.0
 10
421.5
 20
187.0
 10
422.0
 20
187.0
 10
422.5
 20
187.0
 10
423.0
 20
187.0
 10
423.5
 20
187.0
 10
424.0
 20
187.0
 10
424.5
 20
187.0
 10
425.0
 20
187.0
 10
425.5
 20
187.0
 10
426.0
 20
187.0
 10
426.5
 20
187.0
 10
427.0
 20
187.0
 10
427.5
 20
187.0
 10
428.0
 20
187.0
 10
428.5
 20
187.0
 10
429.0
 20
187.0
 10
429.5
 20
187.0
 10
430.0
 20
187.0
 10
430.5
 20
187.0
 10
431.0
 20
187.0
 10
431.5
 20
187.0
 10
432.0
 20
187.0
 10
432.5
 20
187.0
 10
433.0
 20
187.0
 10
433.5
 20
187.0
 10
434.0
 20
187.0
 10
434.5
 20
187.0
 10
435.0
 20
187.0
 10
435.5
 20
187.0
 10
436.0
 20
187.0
 10
436.5
 20
187.0
 10
437.0
 20
187.0
 10
437.5
 20
187.0
 10
438.0
 20
187.0
 10
438.5
 20
187.0
 10
439.0
 20
187.0
 10
439.5
 20
187.0
 10
440.0
 20
187.0
 10
440.5
 20
187.0
 10
441.0
 20
187.0
 10
441.5
 20
187.0
 10
442.0
 20
187.0
 10
442.5
 20
187.0
 10
443.0
 20
187.0
 10
443.5
 20
187.0
 10
444.0
 20
187.0
 10
444.5
 20
187.0
 10
445.0
 20
187.0
 10
445.5
 20
187.0
 10
446.0
 20
187.0
 10
446.5
 20
187.0
 10
447.0
 20
187.0
 10
447.5
 20
187.0
 10
448.0
 20
187.0
 10
448.5
 20
187.0
 10
449.0
 20
187.0
 10
449.5
 20
187.0
 10
450.0
 20
187.0
 10
450.5
 20
187.0
 10
451.0
 20
187.0
 10
451.5
 20
187.0
 10
452.0
 20
187.0
 10
452.5
 20
187.0
 10
453.0
 20
187.0
 10
453.5
 20
187.0
 10
454.0
 20
187.0
 10
454.5
 20
187.0
 10
455.0
 20
187.0
 10
455.5
 20
187.0
 10
456.0
 20
187.0
 10
456.5
 20
187.0
 10
457.0
 20
187.0
 10
457.5
 20
187.0
 10
458.0
 20
187.0
 10
458.5
 20
187.0
 10
459.0
 20
187.0
 10
459.5
 20
187.0
 10
460.0
 20
187.5
 10
460.5
 20
187.5
 10
461.0
 20
187.5
 10
461.5
 20
187.5
 10
462.0
 20
187.5
 10
462.5
 20
187.5
 10
463.0
 20
187.5
 10
463.5
 20
187.5
 10
464.0
 20
187.5
 10
464.5
 20
187.5
 10
465.0
 20
187.5
 10
465.5
 20
187.5
 10
466.0
 20
187.5
 10
466.5
 20
187.5
 10
467.0
 20
187.5
 10
467.5
 20
187.5
 10
468.0
 20
187.5
 10
468.5
 20
187.5
 10
469.0
 20
187.5
 10
469.5
 20
187.5
 10
470.0
 20
187.5
 10
470.5
 20
187.5
 10
471.0
 20
187.5
 10
471.5
 20
187.5
 10
472.0
 20
187.5
 10
472.5
 20
187.5
 10
473.0
 20
187.5
 10
473.5
 20
187.5
 10
474.0
 20
187.5
 10
474.5
 20
187.5
 10
475.0
 20
187.5
 10
475.5
 20
187.5
 10
476.0
 20
187.5
 10
476.5
 20
187.5
 10
477.0
 20
187.5
 10
477.5
 20
187.5
 10
478.0
 20
187.5
 10
478.5
 20
187.5
 10
479.0
 20
187.5
 10
479.5
 20
187.5
 10
480.0
 20
187.5
 10
480.5
 20
187.5
 10
481.0
 20
187.5
 10
481.5
 20
187.5
 10
482.0
 20
187.0
 10
482.5
 20
187.0
 10
483.0
 20
187.0
 10
483.5
 20
187.0
 10
484.0
 20
187.0
 10
484.5
 20
187.0
 10
485.0
 20
187.5
 10
485.5
 20
187.5
 10
486.0
 20
187.5
 10
486.5
 20
187.5
 10
487.0
 20
187.5
 10
487.5
 20
187.5
 10
488.0
 20
187.5
 10
488.5
 20
187.0
 10
489.0
 20
187.0
 10
489.5
 20
187.0
 10
490.0
 20
186.5
 10
490.0
 20
186.0
 10
490.0
 20
185.5
 10
490.0
 20
185.0
 10
490.0
 20
184.5
 10
490.5
 20
184.5
 10
491.0
 20
184.5
 10
491.5
 20
184.5
 10
492.0
 20
184.5
 10
492.5
 20
184.5
 10
493.0
 20
184.5
 10
493.5
 20
184.5
 10
494.0
 20
184.5
 10
494.5
 20
184.5
 10
495.0
 20
184.5
 10
495.5
 20
184.5
 10
496.0
 20
184.5
 10
496.5
 20
184.5
 10
497.0
 20
184.5
 10
497.5
 20
184.5
 10
498.0
 20
184.5
 10
498.5
 20
184.5
 10
499.0
 20
184.5
 10
499.5
 20
184.5
 10
500.0
 20
184.5
 10
500.5
 20
184.5
 10
501.0
 20
184.5
 10
501.5
 20
184.5
 10
502.0
 20
184.5
 10
502.5
 20
184.5
 10
503.0
 20
184.5
 10
503.5
 20
184.5
 10
504.0
 20
184.5
 10
504.5
 20
184.5
 10
505.0
 20
184.5
 10
505.5
 20
184.5
 10
506.0
 20
184.5
 10
506.5
 20
184.5
 10
507.0
 20
184.5
 10
507.5
 20
184.5
 10
507.5
 20
185.0
 10
507.5
 20
185.5
 10
507.5
 20
186.0
 10
507.5
 20
186.5
 10
508.0
 20
187.0
 10
508.5
 20
187.0
 10
509.0
 20
187.0
 10
509.5
 20
187.5
 10
510.0
 20
187.5
 10
510.5
 20
187.5
 10
511.0
 20
187.5
 10
511.5
 20
187.5
 10
512.0
 20
187.5
 10
512.5
 20
187.5
 10
513.0
 20
187.5
 10
513.5
 20
187.5
 10
514.0
 20
187.5
 10
514.5
 20
187.5
 10
515.0
 20
187.5
 10
515.5
 20
187.5
 10
516.0
 20
187.5
 10
516.5
 20
187.5
 10
517.0
 20
187.5
 10
517.5
 20
187.5
 10
518.0
 20
187.5
 10
518.5
 20
187.5
 10
519.0
 20
187.5
 10
519.5
 20
187.5
 10
520.0
 20
187.5
 10
520.0
 20
188.0
 10
520.0
 20
188.5
 10
520.0
 20
189.0
 10
520.0
 20
189.5
 10
520.0
 20
190.0
 10
519.5
 20
190.0
 10
519.0
 20
190.0
 10
518.5
 20
190.0
 10
518.0
 20
190.0
 10
517.5
 20
190.5
 10
517.0
 20
190.5
 10
516.5
 20
191.0
 10
516.0
 20
191.0
 10
515.5
 20
191.0
 10
515.0
 20
191.0
 10
514.5
 20
191.5
 10
514.0
 20
191.5
 10
513.5
 20
192.0
 10
513.5
 20
192.5
 10
513.0
 20
192.5
 10
512.5
 20
192.5
 10
512.0
 20
192.5
 10
511.5
 20
192.5
 10
511.0
 20
192.5
 10
510.5
 20
192.5
 10
510.0
 20
192.5
 10
509.5
 20
192.5
 10
509.0
 20
192.5
 10
508.5
 20
192.5
 10
508.0
 20
192.5
 10
507.5
 20
192.5
 10
507.0
 20
192.5
 10
506.5
 20
192.5
 10
506.0
 20
192.5
 10
505.5
 20
192.5
 10
505.0
 20
192.5
 10
504.5
 20
192.5
 10
504.0
 20
192.5
 10
503.5
 20
192.5
 10
503.0
 20
192.5
 10
502.5
 20
192.5
 10
502.0
 20
192.5
 10
501.5
 20
192.5
 10
501.0
 20
192.5
 10
500.5
 20
192.5
 10
500.0
 20
192.5
 10
499.5
 20
192.5
 10
499.0
 20
192.5
 10
498.5
 20
193.0
 10
498.0
 20
193.0
 10
497.5
 20
193.0
 10
497.0
 20
193.0
 10
496.5
 20
193.0
 10
496.0
 20
193.0
 10
495.5
 20
193.0
 10
495.0
 20
193.0
 10
494.5
 20
193.0
 10
494.0
 20
193.0
 10
493.5
 20
193.0
 10
493.0
 20
193.0
 10
492.5
 20
193.0
 10
492.0
 20
193.0
 10
491.5
 20
193.0
 10
491.0
 20
193.0
 10
490.5
 20
193.0
 10
490.0
 20
193.0
 10
489.5
 20
193.0
 10
489.0
 20
193.0
 10
488.5
 20
193.0
 10
488.0
 20
193.0
 10
487.5
 20
193.0
 10
487.0
 20
193.0
 10
486.5
 20
193.0
 10
486.0
 20
193.0
 10
485.5
 20
193.0
 10
485.0
 20
193.0
 10
484.5
 20
193.0
 10
484.0
 20
193.0
 10
483.5
 20
193.0
 10
483.0
 20
193.0
 10
482.5
 20
193.0
 10
482.0
 20
193.0
 10
481.5
 20
193.0
 10
481.0
 20
193.0
 10
480.5
 20
193.0
 10
480.0
 20
193.0
 10
479.5
 20
193.0
 10
479.0
 20
193.0
 10
478.5
 20
193.0
 10
478.0
 20
193.0
 10
477.5
 20
193.0
 10
477.0
 20
193.0
 10
476.5
 20
193.5
 10
476.0
 20
193.5
 10
475.5
 20
193.5
 10
475.0
 20
193.5
 10
474.5
 20
193.5
 10
474.0
 20
193.5
 10
473.5
 20
193.5
 10
473.0
 20
193.5
 10
472.5
 20
193.5
 10
472.0
 20
193.5
 10
471.5
 20
193.5
 10
471.0
 20
193.5
 10
470.5
 20
193.5
 10
470.0
 20
193.0
 10
469.5
 20
192.5
 10
469.0
 20
192.5
 10
468.5
 20
192.5
 10
468.0
 20
192.5
 10
467.5
 20
192.5
 10
467.0
 20
192.5
 10
466.5
 20
192.5
 10
466.0
 20
192.5
 10
465.5
 20
192.5
 10
465.0
 20
192.5
 10
464.5
 20
192.5
 10
464.0
 20
192.5
 10
463.5
 20
192.5
 10
463.0
 20
192.5
 10
462.5
 20
192.5
 10
462.0
 20
192.5
 10
461.5
 20
192.5
 10
461.0
 20
192.5
 10
460.5
 20
192.5
 10
460.0
 20
192.5
 10
459.5
 20
192.5
 10
459.0
 20
192.5
 10
458.5
 20
192.5
 10
458.0
 20
192.5
 10
457.5
 20
192.5
 10
457.0
 20
192.5
 10
456.5
 20
192.5
 10
456.0
 20
192.5
 10
455.5
 20
192.0
 10
455.0
 20
192.0
 10
454.5
 20
191.5
 10
454.0
 20
191.5
 10
453.5
 20
191.5
 10
453.0
 20
191.5
 10
452.5
 20
191.0
 10
452.0
 20
191.0
 10
451.5
 20
190.5
 10
451.0
 20
190.0
 10
450.5
 20
190.0
 10
450.0
 20
190.0
 10
449.5
 20
190.0
 10
449.0
 20
190.0
 10
448.5
 20
190.0
 10
448.0
 20
190.0
 10
447.5
 20
190.5
 10
447.0
 20
190.5
 10
446.5
 20
190.5
 10
446.0
 20
191.0
 10
445.5
 20
191.0
 10
445.0
 20
191.0
 10
444.5
 20
191.0
 10
444.0
 20
191.0
 10
443.5
 20
191.5
 10
443.0
 20
191.5
 10
442.5
 20
192.0
 10
442.0
 20
192.5
 10
441.5
 20
192.5
 10
441.0
 20
192.5
 10
440.5
 20
192.5
 10
440.0
 20
192.5
 10
439.5
 20
192.5
 10
439.0
 20
192.0
 10
438.5
 20
192.0
 10
438.0
 20
192.0
 10
437.5
 20
192.0
 10
437.0
 20
192.0
 10
436.5
 20
192.0
 10
436.0
 20
192.0
 10
436.0
 20
191.5
 10
435.5
 20
191.0
 10
435.0
 20
191.0
 10
434.5
 20
191.0
 10
434.0
 20
191.0
 10
433.5
 20
191.0
 10
433.0
 20
191.0
 10
432.5
 20
191.0
 10
432.0
 20
190.5
 10
431.5
 20
190.5
 10
431.0
 20
190.5
 10
430.5
 20
190.5
 10
430.0
 20
190.5
 10
429.5
 20
190.5
 10
429.0
 20
190.5
 10
428.5
 20
190.5
 10
428.0
 20
190.5
 10
427.5
 20
190.5
 10
427.0
 20
190.5
 10
426.5
 20
190.5
 10
426.0
 20
190.5
 10
425.5
 20
190.5
 10
425.0
 20
191.0
 10
424.5
 20
191.0
 10
424.0
 20
191.0
 10
423.5
 20
191.5
 10
423.0
 20
191.5
 10
422.5
 20
191.5
 10
422.0
 20
191.5
 10
421.5
 20
191.5
 10
421.0
 20
192.0
 10
420.5
 20
192.0
 10
420.0
 20
192.0
 10
419.5
 20
192.5
 10
419.0
 20
193.0
 10
418.5
 20
193.0
 10
418.0
 20
193.0
 10
417.5
 20
193.0
 10
417.0
 20
193.0
 10
416.5
 20
193.0
 10
416.0
 20
193.0
 10
415.5
 20
193.0
 10
415.0
 20
193.0
 10
414.5
 20
193.0
 10
414.0
 20
193.0
 10
413.5
 20
193.5
 10
413.5
 20
194.0
 10
413.5
 20
194.5
 10
413.5
 20
195.0
 10
413.0
 20
195.5
 10
412.5
 20
195.5
 10
412.0
 20
195.5
 10
411.5
 20
195.5
 10
411.0
 20
195.5
 10
410.5
 20
195.5
 10
410.0
 20
195.5
 10
409.5
 20
196.0
 10
409.0
 20
196.0
 10
408.5
 20
196.0
 10
408.0
 20
196.0
 10
407.5
 20
196.0
 10
407.0
 20
196.0
 10
406.5
 20
196.0
 10
406.0
 20
196.0
 10
405.5
 20
196.0
 10
405.0
 20
196.0
 10
404.5
 20
195.5
 10
404.0
 20
195.5
 10
403.5
 20
195.5
 10
403.0
 20
195.5
 10
402.5
 20
195.5
 10
402.0
 20
196.0
 10
401.5
 20
196.0
 10
401.0
 20
196.0
 10
400.5
 20
196.0
 10
400.0
 20
196.0
 10
399.5
 20
196.0
 10
399.0
 20
196.0
 10
398.5
 20
196.0
 10
398.0
 20
196.0
  0
LWPOLYLINE
  5
9D
330
17
100
AcDbEntity
  8
CURB
370
25
100
AcDbPolyline
 90
104
 70
0
 10
166.5
 20
198.0
 10
166.0
 20
197.5
 10
165.5
 20
197.0
 10
165.0
 20
197.0
 10
164.5
 20
196.5
 10
164.5
 20
196.0
 10
164.0
 20
195.5
 10
164.0
 20
195.0
 10
163.5
 20
194.5
 10
163.5
 20
194.0
 10
163.5
 20
193.5
 10
163.5
 20
193.0
 10
163.5
 20
192.5
 10
163.5
 20
192.0
 10
163.5
 20
191.5
 10
163.0
 20
191.0
 10
163.0
 20
190.5
 10
163.0
 20
190.0
 10
163.0
 20
189.5
 10
163.0
 20
189.0
 10
163.0
 20
188.5
 10
163.0
 20
188.0
 10
163.0
 20
187.5
 10
163.0
 20
187.0
 10
163.0
 20
186.5
 10
163.0
 20
186.0
 10
163.0
 20
185.5
 10
163.0
 20
185.0
 10
163.0
 20
184.5
 10
163.0
 20
184.0
 10
163.0
 20
183.5
 10
163.0
 20
183.0
 10
163.0
 20
182.5
 10
163.0
 20
182.0
 10
163.5
 20
182.0
 10
164.0
 20
181.5
 10
164.0
 20
181.0
 10
164.0
 20
180.5
 10
164.0
 20
180.0
 10
164.5
 20
180.0
 10
165.0
 20
180.0
 10
165.5
 20
180.0
 10
166.0
 20
180.0
 10
166.5
 20
180.0
 10
167.0
 20
180.0
 10
167.5
 20
180.0
 10
168.0
 20
180.0
 10
168.5
 20
180.0
 10
169.0
 20
180.0
 10
169.5
 20
180.0
 10
169.5
 20
180.5
 10
169.5
 20
181.0
 10
169.5
 20
181.5
 10
170.0
 20
182.0
 10
170.5
 20
182.0
 10
171.0
 20
182.0
 10
171.5
 20
182.0
 10
172.0
 20
182.0
 10
172.5
 20
182.0
 10
173.0
 20
182.0
 10
173.5
 20
182.5
 10
173.5
 20
183.0
 10
173.5
 20
183.5
 10
173.5
 20
184.0
 10
173.5
 20
184.5
 10
173.5
 20
185.0
 10
173.5
 20
185.5
 10
173.5
 20
186.0
 10
173.5
 20
186.5
 10
173.5
 20
187.0
 10
173.5
 20
187.5
 10
173.5
 20
188.0
 10
173.5
 20
188.5
 10
173.5
 20
189.0
 10
173.5
 20
189.5
 10
173.5
 20
190.0
 10
173.5
 20
190.5
 10
173.5
 20
191.0
 10
173.5
 20
191.5
 10
173.5
 20
192.0
 10
173.5
 20
192.5
 10
173.5
 20
193.0
 10
173.5
 20
193.5
 10
173.5
 20
194.0
 10
173.5
 20
194.5
 10
173.5
 20
195.0
 10
173.5
 20
195.5
 10
173.5
 20
196.0
 10
173.5
 20
196.5
 10
173.5
 20
197.0
 10
173.5
 20
197.5
 10
173.0
 20
197.5
 10
172.5
 20
197.5
 10
172.0
 20
197.5
 10
171.5
 20
197.5
 10
171.0
 20
197.5
 10
170.5
 20
197.5
 10
170.0
 20
197.5
 10
169.5
 20
197.5
 10
169.0
 20
198.0
 10
168.5
 20
198.0
 10
168.0
 20
198.0
 10
167.5
 20
198.0
 10
167.0
 20
198.0
  0
LWPOLYLINE
  5
9E
330
17
100
AcDbEntity
  8
CURB
370
25
100
AcDbPolyline
 90
176
 70
0
 10
197.0
 20
200.5
 10
196.5
 20
200.0
 10
196.0
 20
200.0
 10
195.5
 20
200.0
 10
195.0
 20
200.0
 10
194.5
 20
200.0
 10
194.0
 20
200.0
 10
193.5
 20
200.0
 10
193.0
 20
200.0
 10
192.5
 20
200.0
 10
192.0
 20
200.0
 10
191.5
 20
200.0
 10
191.0
 20
200.0
 10
190.5
 20
200.0
 10
190.0
 20
200.0
 10
189.5
 20
200.0
 10
189.0
 20
200.0
 10
188.5
 20
200.0
 10
188.0
 20
200.0
 10
188.0
 20
199.5
 10
187.5
 20
199.0
 10
187.0
 20
198.5
 10
186.5
 20
198.5
 10
186.0
 20
198.5
 10
185.5
 20
198.5
 10
185.0
 20
198.0
 10
184.5
 20
198.0
 10
184.0
 20
198.0
 10
183.5
 20
198.0
 10
183.0
 20
198.0
 10
182.5
 20
198.0
 10
182.0
 20
198.0
 10
181.5
 20
198.0
 10
181.0
 20
198.0
 10
180.5
 20
198.0
 10
180.0
 20
198.0
 10
179.5
 20
198.0
 10
179.0
 20
198.0
 10
178.5
 20
198.0
 10
178.0
 20
198.0
 10
177.5
 20
198.0
 10
177.0
 20
198.0
 10
177.0
 20
197.5
 10
177.0
 20
197.0
 10
177.0
 20
196.5
 10
177.0
 20
196.0
 10
177.0
 20
195.5
 10
177.0
 20
195.0
 10
177.0
 20
194.5
 10
177.0
 20
194.0
 10
177.0
 20
193.5
 10
177.0
 20
193.0
 10
177.0
 20
192.5
 10
177.0
 20
192.0
 10
177.0
 20
191.5
 10
177.0
 20
191.0
 10
177.0
 20
190.5
 10
177.0
 20
190.0
 10
177.0
 20
189.5
 10
177.0
 20
189.0
 10
177.0
 20
188.5
 10
177.0
 20
188.0
 10
177.0
 20
187.5
 10
177.0
 20
187.0
 10
177.0
 20
186.5
 10
177.0
 20
186.0
 10
177.0
 20
185.5
 10
177.0
 20
185.0
 10
177.0
 20
184.5
 10
177.0
 20
184.0
 10
177.0
 20
183.5
 10
177.0
 20
183.0
 10
177.0
 20
182.5
 10
177.0
 20
182.0
 10
177.5
 20
181.5
 10
178.0
 20
181.5
 10
178.5
 20
181.5
 10
179.0
 20
181.5
 10
179.5
 20
181.5
 10
180.0
 20
181.5
 10
180.5
 20
181.5
 10
181.0
 20
181.5
 10
181.5
 20
181.5
 10
182.0
 20
181.5
 10
182.5
 20
181.5
 10
183.0
 20
181.5
 10
183.5
 20
181.0
 10
183.5
 20
180.5
 10
183.5
 20
180.0
 10
184.0
 20
180.0
 10
184.5
 20
180.0
 10
185.0
 20
180.0
 10
185.5
 20
180.0
 10
186.0
 20
180.0
 10
186.5
 20
180.0
 10
187.0
 20
180.0
 10
187.5
 20
180.0
 10
188.0
 20
179.5
 10
188.0
 20
179.0
 10
188.5
 20
179.0
 10
189.0
 20
179.0
 10
189.5
 20
179.0
 10
190.0
 20
179.0
 10
190.5
 20
179.0
 10
191.0
 20
179.0
 10
191.5
 20
179.0
 10
192.0
 20
178.5
 10
192.5
 20
178.5
 10
193.0
 20
178.5
 10
193.5
 20
178.5
 10
194.0
 20
178.5
 10
194.5
 20
178.5
 10
195.0
 20
178.5
 10
195.5
 20
178.5
 10
196.0
 20
178.5
 10
196.5
 20
178.5
 10
197.0
 20
178.5
 10
197.5
 20
179.0
 10
198.0
 20
179.0
 10
198.0
 20
179.5
 10
198.5
 20
180.0
 10
199.0
 20
180.0
 10
199.5
 20
180.0
 10
199.5
 20
180.5
 10
199.5
 20
181.0
 10
199.5
 20
181.5
 10
199.5
 20
182.0
 10
199.5
 20
182.5
 10
199.5
 20
183.0
 10
199.5
 20
183.5
 10
199.0
 20
184.0
 10
199.0
 20
184.5
 10
199.0
 20
185.0
 10
199.0
 20
185.5
 10
199.0
 20
186.0
 10
199.0
 20
186.5
 10
199.5
 20
187.0
 10
199.5
 20
187.5
 10
199.5
 20
188.0
 10
199.5
 20
188.5
 10
199.5
 20
189.0
 10
199.5
 20
189.5
 10
200.0
 20
190.0
 10
200.0
 20
190.5
 10
200.5
 20
191.0
 10
201.0
 20
191.0
 10
201.5
 20
191.5
 10
201.5
 20
192.0
 10
201.5
 20
192.5
 10
201.5
 20
193.0
 10
202.0
 20
193.5
 10
202.5
 20
194.0
 10
203.0
 20
194.5
 10
203.5
 20
194.5
 10
204.0
 20
195.0
 10
204.5
 20
195.5
 10
204.5
 20
196.0
 10
204.5
 20
196.5
 10
204.5
 20
197.0
 10
204.5
 20
197.5
 10
204.5
 20
198.0
 10
204.5
 20
198.5
 10
204.0
 20
198.5
 10
203.5
 20
198.5
 10
203.0
 20
199.0
 10
202.5
 20
199.5
 10
202.0
 20
199.5
 10
201.5
 20
200.0
 10
201.0
 20
200.5
 10
200.5
 20
200.5
 10
200.0
 20
200.5
 10
199.5
 20
200.5
 10
199.0
 20
200.5
 10
198.5
 20
200.5
 10
198.0
 20
200.5
 10
197.5
 20
200.5
  0
LWPOLYLINE
  5
9F
330
17
100
AcDbEntity
  8
CURB
370
25
100
AcDbPolyline
 90
113
 70
0
 10
633.5
 20
230.5
 10
633.5
 20
230.0
 10
633.5
 20
229.5
 10
633.5
 20
229.0
 10
633.5
 20
228.5
 10
633.5
 20
228.0
 10
633.5
 20
227.5
 10
633.5
 20
227.0
 10
633.5
 20
226.5
 10
633.5
 20
226.0
 10
633.5
 20
225.5
 10
633.5
 20
225.0
 10
633.5
 20
224.5
 10
633.5
 20
224.0
 10
633.5
 20
223.5
 10
633.5
 20
223.0
 10
633.5
 20
222.5
 10
633.5
 20
222.0
 10
633.5
 20
221.5
 10
633.5
 20
221.0
 10
633.5
 20
220.5
 10
633.5
 20
220.0
 10
633.5
 20
219.5
 10
633.5
 20
219.0
 10
633.5
 20
218.5
 10
633.5
 20
218.0
 10
634.0
 20
218.0
 10
634.5
 20
218.0
 10
635.0
 20
218.0
 10
635.5
 20
218.0
 10
636.0
 20
218.0
 10
636.5
 20
218.0
 10
637.0
 20
218.0
 10
637.5
 20
218.0
 10
638.0
 20
218.0
 10
638.5
 20
218.0
 10
639.0
 20
218.0
 10
639.5
 20
218.0
 10
640.0
 20
218.0
 10
640.5
 20
218.0
 10
641.0
 20
218.0
 10
641.5
 20
218.0
 10
642.0
 20
218.0
 10
642.5
 20
218.0
 10
643.0
 20
218.0
 10
643.5
 20
218.0
 10
644.0
 20
218.0
 10
644.5
 20
218.0
 10
645.0
 20
218.0
 10
645.5
 20
218.5
 10
646.0
 20
219.0
 10
646.0
 20
219.5
 10
646.5
 20
220.0
 10
647.0
 20
220.5
 10
647.0
 20
221.0
 10
647.0
 20
221.5
 10
647.0
 20
222.0
 10
647.5
 20
222.5
 10
647.5
 20
223.0
 10
648.0
 20
223.5
 10
648.5
 20
223.5
 10
649.0
 20
223.5
 10
649.5
 20
223.5
 10
650.0
 20
223.5
 10
650.5
 20
224.0
 10
651.0
 20
224.0
 10
651.5
 20
224.0
 10
651.5
 20
224.5
 10
651.5
 20
225.0
 10
651.5
 20
225.5
 10
651.5
 20
226.0
 10
651.5
 20
226.5
 10
651.5
 20
227.0
 10
651.0
 20
227.0
 10
650.5
 20
227.0
 10
650.0
 20
227.0
 10
649.5
 20
227.0
 10
649.5
 20
226.5
 10
649.0
 20
226.0
 10
648.5
 20
225.5
 10
648.0
 20
225.5
 10
647.5
 20
225.5
 10
647.0
 20
225.5
 10
646.5
 20
225.5
 10
646.0
 20
225.5
 10
645.5
 20
225.5
 10
645.0
 20
225.5
 10
644.5
 20
225.5
 10
644.0
 20
225.5
 10
643.5
 20
225.5
 10
643.0
 20
225.5
 10
642.5
 20
225.5
 10
642.0
 20
225.5
 10
641.5
 20
225.5
 10
641.0
 20
225.5
 10
640.5
 20
225.5
 10
640.0
 20
225.5
 10
639.5
 20
225.5
 10
639.0
 20
226.0
 10
638.5
 20
226.5
 10
638.0
 20
227.0
 10
637.5
 20
227.5
 10
637.0
 20
228.0
 10
637.0
 20
228.5
 10
637.0
 20
229.0
 10
637.0
 20
229.5
 10
637.0
 20
230.0
 10
636.5
 20
230.0
 10
636.0
 20
230.0
 10
635.5
 20
230.5
 10
635.0
 20
230.5
 10
634.5
 20
230.5
 10
634.0
 20
230.5
  0
LWPOLYLINE
  5
A0
330
17
100
AcDbEntity
  8
CURB
370
25
100
AcDbPolyline
 90
166
 70
0
 10
446.0
 20
234.5
 10
446.0
 20
234.0
 10
445.5
 20
233.5
 10
445.0
 20
233.5
 10
444.5
 20
233.5
 10
444.0
 20
233.5
 10
443.5
 20
233.0
 10
443.0
 20
233.0
 10
442.5
 20
233.0
 10
442.0
 20
233.0
 10
441.5
 20
232.5
 10
441.0
 20
232.5
 10
440.5
 20
232.5
 10
440.0
 20
232.5
 10
439.5
 20
232.5
 10
439.0
 20
232.0
 10
439.0
 20
231.5
 10
439.0
 20
231.0
 10
438.5
 20
230.5
 10
438.0
 20
230.5
 10
437.5
 20
230.0
 10
437.0
 20
230.0
 10
436.5
 20
230.0
 10
436.0
 20
230.0
 10
436.0
 20
229.5
 10
436.0
 20
229.0
 10
436.0
 20
228.5
 10
436.0
 20
228.0
 10
436.0
 20
227.5
 10
436.0
 20
227.0
 10
436.0
 20
226.5
 10
436.0
 20
226.0
 10
436.0
 20
225.5
 10
436.0
 20
225.0
 10
436.5
 20
225.0
 10
437.0
 20
224.5
 10
437.0
 20
224.0
 10
437.0
 20
223.5
 10
437.0
 20
223.0
 10
437.5
 20
222.5
 10
437.5
 20
222.0
 10
437.5
 20
221.5
 10
437.5
 20
221.0
 10
437.5
 20
220.5
 10
437.5
 20
220.0
 10
437.5
 20
219.5
 10
437.5
 20
219.0
 10
438.0
 20
219.0
 10
438.5
 20
219.0
 10
439.0
 20
218.5
 10
439.0
 20
218.0
 10
439.0
 20
217.5
 10
439.0
 20
217.0
 10
439.5
 20
217.0
 10
440.0
 20
217.0
 10
440.5
 20
217.0
 10
441.0
 20
217.0
 10
441.5
 20
217.0
 10
442.0
 20
217.0
 10
442.5
 20
217.0
 10
443.0
 20
217.0
 10
443.5
 20
217.0
 10
444.0
 20
217.0
 10
444.0
 20
217.5
 10
444.0
 20
218.0
 10
444.0
 20
218.5
 10
444.0
 20
219.0
 10
444.0
 20
219.5
 10
444.0
 20
220.0
 10
444.0
 20
220.5
 10
444.0
 20
221.0
 10
444.0
 20
221.5
 10
443.5
 20
221.5
 10
443.0
 20
221.5
 10
442.5
 20
222.0
 10
442.0
 20
222.5
 10
442.0
 20
223.0
 10
441.5
 20
223.5
 10
441.5
 20
224.0
 10
441.5
 20
224.5
 10
441.5
 20
225.0
 10
441.5
 20
225.5
 10
442.0
 20
226.0
 10
442.5
 20
226.0
 10
443.0
 20
226.0
 10
443.5
 20
226.0
 10
444.0
 20
226.0
 10
444.0
 20
226.5
 10
444.0
 20
227.0
 10
444.0
 20
227.5
 10
444.5
 20
228.0
 10
445.0
 20
228.0
 10
445.5
 20
228.0
 10
446.0
 20
228.0
 10
446.5
 20
228.0
 10
447.0
 20
227.5
 10
447.0
 20
227.0
 10
447.0
 20
226.5
 10
447.0
 20
226.0
 10
447.5
 20
226.0
 10
448.0
 20
225.5
 10
448.5
 20
225.0
 10
449.0
 20
225.0
 10
449.5
 20
225.0
 10
450.0
 20
225.0
 10
450.5
 20
224.5
 10
450.5
 20
224.0
 10
451.0
 20
224.0
 10
451.5
 20
224.0
 10
452.0
 20
223.5
 10
452.0
 20
223.0
 10
452.0
 20
222.5
 10
452.5
 20
222.0
 10
452.5
 20
221.5
 10
453.0
 20
221.5
 10
453.5
 20
221.5
 10
454.0
 20
221.5
 10
454.5
 20
221.5
 10
455.0
 20
221.5
 10
455.0
 20
222.0
 10
455.0
 20
222.5
 10
455.5
 20
223.0
 10
455.5
 20
223.5
 10
456.0
 20
224.0
 10
456.5
 20
224.0
 10
457.0
 20
224.5
 10
457.0
 20
225.0
 10
457.5
 20
225.5
 10
457.5
 20
226.0
 10
457.5
 20
226.5
 10
458.0
 20
227.0
 10
458.0
 20
227.5
 10
458.0
 20
228.0
 10
458.0
 20
228.5
 10
458.0
 20
229.0
 10
458.0
 20
229.5
 10
457.5
 20
230.0
 10
457.0
 20
230.0
 10
456.5
 20
230.0
 10
456.0
 20
230.5
 10
456.0
 20
231.0
 10
456.0
 20
231.5
 10
456.0
 20
232.0
 10
456.0
 20
232.5
 10
456.0
 20
233.0
 10
456.0
 20
233.5
 10
456.0
 20
234.0
 10
455.5
 20
234.0
 10
455.0
 20
234.0
 10
454.5
 20
234.0
 10
454.0
 20
234.0
 10
453.5
 20
234.0
 10
453.0
 20
234.0
 10
452.5
 20
234.0
 10
452.0
 20
234.0
 10
451.5
 20
234.0
 10
451.0
 20
234.0
 10
450.5
 20
234.5
 10
450.0
 20
234.5
 10
449.5
 20
234.5
 10
449.0
 20
234.5
 10
448.5
 20
234.5
 10
448.0
 20
234.5
 10
447.5
 20
234.5
 10
447.0
 20
234.5
 10
446.5
 20
234.5
  0
LWPOLYLINE
  5
A1
330
17
100
AcDbEntity
  8
CURB
370
25
100
AcDbPolyline
 90
154
 70
0
 10
519.0
 20
241.5
 10
518.5
 20
241.0
 10
518.0
 20
241.0
 10
517.5
 20
241.0
 10
517.0
 20
240.5
 10
516.5
 20
240.5
 10
516.0
 20
240.0
 10
515.5
 20
240.0
 10
515.0
 20
240.0
 10
514.5
 20
239.5
 10
514.0
 20
239.0
 10
513.5
 20
239.0
 10
513.0
 20
239.0
 10
512.5
 20
239.0
 10
512.0
 20
239.0
 10
512.0
 20
238.5
 10
511.5
 20
238.0
 10
511.0
 20
238.0
 10
511.0
 20
237.5
 10
510.5
 20
237.0
 10
510.5
 20
236.5
 10
510.0
 20
236.0
 10
509.5
 20
235.5
 10
509.0
 20
235.0
 10
508.5
 20
235.0
 10
508.0
 20
235.0
 10
507.5
 20
235.0
 10
507.0
 20
235.0
 10
506.5
 20
235.0
 10
506.0
 20
234.5
 10
506.0
 20
234.0
 10
505.5
 20
233.5
 10
505.0
 20
233.5
 10
505.0
 20
233.0
 10
505.0
 20
232.5
 10
505.0
 20
232.0
 10
505.0
 20
231.5
 10
505.0
 20
231.0
 10
504.5
 20
230.5
 10
504.5
 20
230.0
 10
504.5
 20
229.5
 10
504.5
 20
229.0
 10
504.5
 20
228.5
 10
504.5
 20
228.0
 10
504.5
 20
227.5
 10
504.5
 20
227.0
 10
504.5
 20
226.5
 10
504.5
 20
226.0
 10
504.5
 20
225.5
 10
504.5
 20
225.0
 10
504.5
 20
224.5
 10
504.0
 20
224.0
 10
503.5
 20
224.0
 10
503.5
 20
223.5
 10
503.5
 20
223.0
 10
503.5
 20
222.5
 10
503.5
 20
222.0
 10
503.5
 20
221.5
 10
503.5
 20
221.0
 10
503.5
 20
220.5
 10
503.5
 20
220.0
 10
503.5
 20
219.5
 10
503.5
 20
219.0
 10
504.0
 20
218.5
 10
504.0
 20
218.0
 10
504.0
 20
217.5
 10
504.0
 20
217.0
 10
504.5
 20
217.0
 10
505.0
 20
216.5
 10
505.5
 20
216.5
 10
506.0
 20
216.5
 10
506.5
 20
216.5
 10
507.0
 20
216.5
 10
507.5
 20
216.5
 10
508.0
 20
216.5
 10
508.5
 20
216.5
 10
509.0
 20
216.5
 10
509.5
 20
216.5
 10
510.0
 20
216.5
 10
510.5
 20
216.5
 10
511.0
 20
217.0
 10
511.5
 20
217.0
 10
512.0
 20
217.0
 10
512.0
 20
217.5
 10
512.0
 20
218.0
 10
512.5
 20
218.5
 10
513.0
 20
218.5
 10
513.5
 20
218.5
 10
514.0
 20
218.5
 10
514.5
 20
218.5
 10
515.0
 20
218.5
 10
515.5
 20
218.5
 10
516.0
 20
218.5
 10
516.5
 20
219.0
 10
517.0
 20
219.0
 10
517.5
 20
219.0
 10
518.0
 20
219.0
 10
518.5
 20
219.0
 10
519.0
 20
219.0
 10
519.5
 20
219.0
 10
520.0
 20
219.0
 10
520.5
 20
219.5
 10
521.0
 20
220.0
 10
521.0
 20
220.5
 10
521.0
 20
221.0
 10
521.5
 20
221.5
 10
522.0
 20
221.5
 10
522.5
 20
222.0
 10
523.0
 20
222.0
 10
523.0
 20
222.5
 10
523.0
 20
223.0
 10
523.0
 20
223.5
 10
523.0
 20
224.0
 10
523.5
 20
224.5
 10
523.5
 20
225.0
 10
523.5
 20
225.5
 10
523.5
 20
226.0
 10
523.5
 20
226.5
 10
523.5
 20
227.0
 10
523.5
 20
227.5
 10
523.5
 20
228.0
 10
523.5
 20
228.5
 10
523.5
 20
229.0
 10
523.5
 20
229.5
 10
523.5
 20
230.0
 10
523.5
 20
230.5
 10
523.5
 20
231.0
 10
523.5
 20
231.5
 10
523.5
 20
232.0
 10
523.0
 20
232.5
 10
523.0
 20
233.0
 10
523.0
 20
233.5
 10
523.0
 20
234.0
 10
523.0
 20
234.5
 10
523.0
 20
235.0
 10
523.0
 20
235.5
 10
523.0
 20
236.0
 10
523.0
 20
236.5
 10
523.0
 20
237.0
 10
523.0
 20
237.5
 10
523.0
 20
238.0
 10
523.0
 20
238.5
 10
523.0
 20
239.0
 10
522.5
 20
239.0
 10
522.0
 20
239.0
 10
521.5
 20
239.0
 10
521.0
 20
239.5
 10
521.0
 20
240.0
 10
521.0
 20
240.5
 10
521.0
 20
241.0
 10
521.0
 20
241.5
 10
520.5
 20
241.5
 10
520.0
 20
241.5
 10
519.5
 20
241.5
  0
LWPOLYLINE
  5
A2
330
17
100
AcDbEntity
  8
CURB
370
25
100
AcDbPolyline
 90
129
 70
0
 10
98.5
 20
246.5
 10
98.0
 20
246.0
 10
97.5
 20
246.0
 10
97.0
 20
246.0
 10
96.5
 20
246.0
 10
96.0
 20
246.0
 10
95.5
 20
245.5
 10
95.0
 20
245.0
 10
94.5
 20
244.5
 10
94.0
 20
244.0
 10
93.5
 20
243.5
 10
93.5
 20
243.0
 10
93.5
 20
242.5
 10
93.5
 20
242.0
 10
93.5
 20
241.5
 10
94.0
 20
241.0
 10
94.5
 20
241.0
 10
95.0
 20
241.0
 10
95.5
 20
241.0
 10
96.0
 20
240.5
 10
96.5
 20
240.0
 10
96.5
 20
239.5
 10
96.5
 20
239.0
 10
96.5
 20
238.5
 10
96.5
 20
238.0
 10
96.5
 20
237.5
 10
97.0
 20
237.5
 10
97.5
 20
237.5
 10
98.0
 20
237.5
 10
98.5
 20
237.5
 10
99.0
 20
237.0
 10
99.5
 20
237.0
 10
100.0
 20
237.0
 10
100.5
 20
237.0
 10
101.0
 20
237.0
 10
101.5
 20
237.0
 10
102.0
 20
237.0
 10
102.5
 20
237.0
 10
103.0
 20
236.5
 10
103.5
 20
236.5
 10
104.0
 20
236.5
 10
104.5
 20
236.0
 10
105.0
 20
236.0
 10
105.5
 20
236.0
 10
106.0
 20
236.0
 10
106.5
 20
236.0
 10
107.0
 20
236.0
 10
107.5
 20
236.0
 10
108.0
 20
236.0
 10
108.5
 20
235.5
 10
109.0
 20
235.5
 10
109.5
 20
235.0
 10
110.0
 20
234.5
 10
110.5
 20
234.5
 10
111.0
 20
234.5
 10
111.5
 20
234.5
 10
112.0
 20
234.0
 10
112.5
 20
233.5
 10
113.0
 20
233.0
 10
113.0
 20
232.5
 10
113.5
 20
232.0
 10
114.0
 20
232.0
 10
114.5
 20
231.5
 10
115.0
 20
231.5
 10
115.5
 20
231.5
 10
116.0
 20
231.5
 10
116.5
 20
231.5
 10
117.0
 20
231.5
 10
117.5
 20
232.0
 10
118.0
 20
232.0
 10
118.0
 20
232.5
 10
118.0
 20
233.0
 10
118.0
 20
233.5
 10
118.0
 20
234.0
 10
118.0
 20
234.5
 10
117.5
 20
235.0
 10
117.0
 20
235.0
 10
116.5
 20
235.0
 10
116.0
 20
235.5
 10
116.0
 20
236.0
 10
115.5
 20
236.5
 10
115.5
 20
237.0
 10
115.5
 20
237.5
 10
115.5
 20
238.0
 10
115.5
 20
238.5
 10
115.5
 20
239.0
 10
115.5
 20
239.5
 10
115.5
 20
240.0
 10
115.5
 20
240.5
 10
115.5
 20
241.0
 10
115.5
 20
241.5
 10
115.5
 20
242.0
 10
115.5
 20
242.5
 10
115.5
 20
243.0
 10
115.5
 20
243.5
 10
115.5
 20
244.0
 10
115.0
 20
244.5
 10
114.5
 20
244.5
 10
114.0
 20
244.5
 10
113.5
 20
244.5
 10
113.0
 20
244.5
 10
112.5
 20
244.5
 10
112.0
 20
244.5
 10
111.5
 20
244.0
 10
111.0
 20
243.5
 10
110.5
 20
243.0
 10
110.0
 20
243.0
 10
109.5
 20
243.0
 10
109.0
 20
243.0
 10
108.5
 20
243.0
 10
108.0
 20
243.0
 10
107.5
 20
243.0
 10
107.0
 20
243.5
 10
106.5
 20
243.5
 10
106.0
 20
243.5
 10
105.5
 20
243.5
 10
105.0
 20
243.5
 10
104.5
 20
244.0
 10
104.0
 20
244.5
 10
103.5
 20
245.0
 10
103.0
 20
245.5
 10
102.5
 20
246.0
 10
102.0
 20
246.5
 10
101.5
 20
246.5
 10
101.0
 20
246.5
 10
100.5
 20
246.5
 10
100.0
 20
246.5
 10
99.5
 20
246.5
 10
99.0
 20
246.5
  0
LWPOLYLINE
  5
A3
330
17
100
AcDbEntity
  8
CURB
370
25
100
AcDbPolyline
 90
126
 70
0
 10
304.5
 20
266.5
 10
304.5
 20
266.0
 10
304.0
 20
265.5
 10
303.5
 20
265.5
 10
303.0
 20
265.5
 10
302.5
 20
265.5
 10
302.0
 20
265.5
 10
301.5
 20
265.5
 10
301.0
 20
265.5
 10
300.5
 20
265.5
 10
300.5
 20
265.0
 10
300.5
 20
264.5
 10
300.5
 20
264.0
 10
300.5
 20
263.5
 10
300.5
 20
263.0
 10
300.5
 20
262.5
 10
300.5
 20
262.0
 10
300.5
 20
261.5
 10
300.5
 20
261.0
 10
300.5
 20
260.5
 10
300.5
 20
260.0
 10
300.5
 20
259.5
 10
300.5
 20
259.0
 10
300.5
 20
258.5
 10
300.5
 20
258.0
 10
300.5
 20
257.5
 10
301.0
 20
257.5
 10
301.5
 20
257.0
 10
301.5
 20
256.5
 10
301.5
 20
256.0
 10
301.5
 20
255.5
 10
301.5
 20
255.0
 10
301.5
 20
254.5
 10
302.0
 20
254.0
 10
302.0
 20
253.5
 10
302.0
 20
253.0
 10
302.0
 20
252.5
 10
302.0
 20
252.0
 10
301.5
 20
251.5
 10
301.5
 20
251.0
 10
301.5
 20
250.5
 10
301.5
 20
250.0
 10
301.5
 20
249.5
 10
301.5
 20
249.0
 10
301.5
 20
248.5
 10
302.0
 20
248.5
 10
302.5
 20
248.5
 10
303.0
 20
248.5
 10
303.5
 20
248.5
 10
304.0
 20
248.5
 10
304.5
 20
249.0
 10
305.0
 20
249.0
 10
305.5
 20
249.0
 10
306.0
 20
249.0
 10
306.5
 20
249.0
 10
307.0
 20
249.0
 10
307.5
 20
249.0
 10
308.0
 20
249.0
 10
308.5
 20
249.0
 10
309.0
 20
249.0
 10
309.5
 20
249.0
 10
310.0
 20
249.0
 10
310.5
 20
249.0
 10
311.0
 20
249.0
 10
311.5
 20
249.0
 10
312.0
 20
249.0
 10
312.5
 20
249.0
 10
313.0
 20
249.0
 10
313.5
 20
249.0
 10
314.0
 20
249.0
 10
314.5
 20
249.0
 10
315.0
 20
249.0
 10
315.0
 20
249.5
 10
315.0
 20
250.0
 10
315.0
 20
250.5
 10
315.0
 20
251.0
 10
315.0
 20
251.5
 10
315.0
 20
252.0
 10
315.0
 20
252.5
 10
315.0
 20
253.0
 10
315.0
 20
253.5
 10
315.0
 20
254.0
 10
315.0
 20
254.5
 10
315.0
 20
255.0
 10
315.0
 20
255.5
 10
315.0
 20
256.0
 10
315.0
 20
256.5
 10
315.0
 20
257.0
 10
315.0
 20
257.5
 10
315.0
 20
258.0
 10
315.0
 20
258.5
 10
315.0
 20
259.0
 10
315.0
 20
259.5
 10
315.0
 20
260.0
 10
315.0
 20
260.5
 10
315.0
 20
261.0
 10
315.0
 20
261.5
 10
315.0
 20
262.0
 10
315.0
 20
262.5
 10
315.0
 20
263.0
 10
315.0
 20
263.5
 10
315.0
 20
264.0
 10
315.0
 20
264.5
 10
315.0
 20
265.0
 10
315.0
 20
265.5
 10
315.0
 20
266.0
 10
314.5
 20
266.0
 10
314.0
 20
266.0
 10
313.5
 20
266.0
 10
313.0
 20
266.5
 10
312.5
 20
266.5
 10
312.0
 20
266.5
 10
311.5
 20
266.5
 10
311.0
 20
266.5
 10
310.5
 20
266.5
 10
310.0
 20
266.5
 10
309.5
 20
266.5
 10
309.0
 20
266.5
 10
308.5
 20
266.5
 10
308.0
 20
266.5
 10
307.5
 20
266.5
 10
307.0
 20
266.5
 10
306.5
 20
266.5
 10
306.0
 20
266.5
 10
305.5
 20
266.5
 10
305.0
 20
266.5
  0
LWPOLYLINE
  5
A4
330
17
100
AcDbEntity
  8
CURB
370
25
100
AcDbPolyline
 90
180
 70
0
 10
230.5
 20
267.0
 10
230.0
 20
266.5
 10
229.5
 20
266.5
 10
229.0
 20
266.5
 10
228.5
 20
266.5
 10
228.0
 20
266.5
 10
227.5
 20
266.5
 10
227.0
 20
266.5
 10
226.5
 20
266.5
 10
226.0
 20
266.5
 10
225.5
 20
266.5
 10
225.5
 20
266.0
 10
225.0
 20
265.5
 10
224.5
 20
265.5
 10
224.0
 20
265.5
 10
223.5
 20
265.5
 10
223.0
 20
265.5
 10
222.5
 20
265.0
 10
222.0
 20
265.0
 10
222.0
 20
264.5
 10
222.0
 20
264.0
 10
222.0
 20
263.5
 10
222.0
 20
263.0
 10
222.0
 20
262.5
 10
222.0
 20
262.0
 10
222.0
 20
261.5
 10
222.0
 20
261.0
 10
221.5
 20
260.5
 10
221.0
 20
260.0
 10
221.0
 20
259.5
 10
221.0
 20
259.0
 10
221.0
 20
258.5
 10
221.0
 20
258.0
 10
221.5
 20
258.0
 10
222.0
 20
258.0
 10
222.5
 20
258.0
 10
223.0
 20
258.0
 10
223.5
 20
258.5
 10
224.0
 20
258.5
 10
224.5
 20
258.5
 10
225.0
 20
258.5
 10
225.5
 20
258.5
 10
226.0
 20
258.5
 10
226.5
 20
258.5
 10
227.0
 20
258.5
 10
227.5
 20
258.5
 10
228.0
 20
258.5
 10
228.5
 20
258.5
 10
229.0
 20
258.5
 10
229.5
 20
258.5
 10
230.0
 20
258.5
 10
230.5
 20
258.5
 10
231.0
 20
258.0
 10
231.5
 20
258.0
 10
232.0
 20
257.5
 10
232.5
 20
257.5
 10
233.0
 20
257.5
 10
233.5
 20
257.5
 10
234.0
 20
257.5
 10
234.5
 20
257.5
 10
235.0
 20
257.5
 10
235.5
 20
257.5
 10
236.0
 20
257.5
 10
236.5
 20
257.5
 10
237.0
 20
257.5
 10
237.5
 20
257.5
 10
238.0
 20
257.5
 10
238.5
 20
257.5
 10
239.0
 20
258.0
 10
239.5
 20
258.0
 10
240.0
 20
258.0
 10
240.5
 20
258.5
 10
241.0
 20
258.5
 10
241.5
 20
258.5
 10
242.0
 20
258.5
 10
242.5
 20
258.5
 10
243.0
 20
258.0
 10
243.5
 20
258.0
 10
244.0
 20
258.0
 10
244.5
 20
258.0
 10
245.0
 20
258.0
 10
245.5
 20
258.0
 10
246.0
 20
258.0
 10
246.5
 20
258.0
 10
247.0
 20
258.0
 10
247.5
 20
258.0
 10
248.0
 20
258.0
 10
248.5
 20
258.0
 10
249.0
 20
258.5
 10
249.5
 20
258.5
 10
250.0
 20
258.5
 10
250.5
 20
258.5
 10
251.0
 20
259.0
 10
251.5
 20
259.0
 10
252.0
 20
259.0
 10
252.5
 20
259.0
 10
253.0
 20
259.0
 10
253.5
 20
258.5
 10
254.0
 20
258.5
 10
254.5
 20
258.5
 10
255.0
 20
258.5
 10
255.5
 20
258.5
 10
256.0
 20
258.0
 10
256.5
 20
258.0
 10
257.0
 20
258.0
 10
257.5
 20
258.0
 10
258.0
 20
258.0
 10
258.5
 20
258.0
 10
259.0
 20
258.0
 10
259.5
 20
258.5
 10
259.5
 20
259.0
 10
259.5
 20
259.5
 10
259.5
 20
260.0
 10
259.5
 20
260.5
 10
259.5
 20
261.0
 10
259.5
 20
261.5
 10
259.5
 20
262.0
 10
259.5
 20
262.5
 10
259.5
 20
263.0
 10
259.5
 20
263.5
 10
259.5
 20
264.0
 10
259.5
 20
264.5
 10
259.0
 20
265.0
 10
258.5
 20
265.5
 10
258.5
 20
266.0
 10
258.0
 20
266.0
 10
257.5
 20
266.5
 10
257.0
 20
266.5
 10
256.5
 20
266.5
 10
256.0
 20
266.5
 10
255.5
 20
266.5
 10
255.0
 20
267.0
 10
254.5
 20
267.0
 10
254.0
 20
267.0
 10
253.5
 20
267.0
 10
253.0
 20
267.0
 10
252.5
 20
267.0
 10
252.0
 20
267.0
 10
251.5
 20
267.0
 10
251.0
 20
267.0
 10
250.5
 20
267.0
 10
250.0
 20
267.0
 10
249.5
 20
267.0
 10
249.0
 20
266.5
 10
248.5
 20
266.5
 10
248.0
 20
266.5
 10
247.5
 20
266.5
 10
247.0
 20
266.5
 10
246.5
 20
266.5
 10
246.0
 20
266.5
 10
245.5
 20
266.5
 10
245.0
 20
266.0
 10
244.5
 20
266.0
 10
244.0
 20
266.0
 10
243.5
 20
265.5
 10
243.0
 20
265.5
 10
242.5
 20
265.5
 10
242.0
 20
265.5
 10
241.5
 20
265.5
 10
241.0
 20
265.5
 10
240.5
 20
265.5
 10
240.0
 20
265.5
 10
239.5
 20
265.5
 10
239.0
 20
265.5
 10
238.5
 20
265.5
 10
238.0
 20
266.0
 10
237.5
 20
266.0
 10
237.0
 20
266.5
 10
236.5
 20
266.5
 10
236.0
 20
267.0
 10
235.5
 20
267.0
 10
235.0
 20
267.0
 10
234.5
 20
267.0
 10
234.0
 20
267.0
 10
233.5
 20
267.0
 10
233.0
 20
267.0
 10
232.5
 20
267.0
 10
232.0
 20
267.0
 10
231.5
 20
267.0
 10
231.0
 20
267.0
  0
LWPOLYLINE
  5
A5
330
17
100
AcDbEntity
  8
CURB
370
25
100
AcDbPolyline
 90
101
 70
0
 10
850.0
 20
272.0
 10
849.5
 20
271.5
 10
849.0
 20
271.5
 10
848.5
 20
271.5
 10
848.0
 20
271.0
 10
847.5
 20
271.0
 10
847.0
 20
270.5
 10
846.5
 20
270.5
 10
846.0
 20
270.5
 10
845.5
 20
270.5
 10
845.0
 20
270.0
 10
844.5
 20
270.0
 10
844.0
 20
270.0
 10
843.5
 20
270.0
 10
843.0
 20
270.0
 10
842.5
 20
270.0
 10
842.5
 20
269.5
 10
842.5
 20
269.0
 10
842.5
 20
268.5
 10
842.5
 20
268.0
 10
842.5
 20
267.5
 10
842.5
 20
267.0
 10
842.5
 20
266.5
 10
842.5
 20
266.0
 10
842.5
 20
265.5
 10
842.5
 20
265.0
 10
842.5
 20
264.5
 10
842.5
 20
264.0
 10
842.5
 20
263.5
 10
842.5
 20
263.0
 10
842.5
 20
262.5
 10
842.5
 20
262.0
 10
842.5
 20
261.5
 10
842.5
 20
261.0
 10
842.5
 20
260.5
 10
842.5
 20
260.0
 10
843.0
 20
260.0
 10
843.5
 20
260.0
 10
844.0
 20
260.0
 10
844.5
 20
260.0
 10
845.0
 20
260.0
 10
845.5
 20
260.0
 10
846.0
 20
260.0
 10
846.5
 20
260.0
 10
847.0
 20
260.0
 10
847.5
 20
260.0
 10
848.0
 20
260.0
 10
848.5
 20
260.0
 10
849.0
 20
260.5
 10
849.5
 20
260.5
 10
850.0
 20
260.5
 10
850.5
 20
260.5
 10
851.0
 20
261.0
 10
851.5
 20
261.0
 10
852.0
 20
261.0
 10
852.5
 20
261.5
 10
853.0
 20
261.5
 10
853.5
 20
261.5
 10
854.0
 20
261.5
 10
854.5
 20
261.5
 10
854.5
 20
262.0
 10
855.0
 20
262.5
 10
855.5
 20
263.0
 10
856.0
 20
263.0
 10
856.5
 20
263.5
 10
857.0
 20
264.0
 10
857.5
 20
264.0
 10
858.0
 20
264.0
 10
858.5
 20
264.0
 10
858.5
 20
264.5
 10
858.5
 20
265.0
 10
858.5
 20
265.5
 10
859.0
 20
266.0
 10
859.0
 20
266.5
 10
859.5
 20
267.0
 10
859.5
 20
267.5
 10
859.5
 20
268.0
 10
859.5
 20
268.5
 10
859.5
 20
269.0
 10
859.5
 20
269.5
 10
859.5
 20
270.0
 10
859.5
 20
270.5
 10
859.5
 20
271.0
 10
859.0
 20
271.5
 10
858.5
 20
272.0
 10
858.0
 20
272.0
 10
857.5
 20
272.0
 10
857.0
 20
272.0
 10
856.5
 20
272.0
 10
856.0
 20
272.0
 10
855.5
 20
272.0
 10
855.0
 20
272.0
 10
854.5
 20
272.0
 10
854.0
 20
272.0
 10
853.5
 20
272.0
 10
853.0
 20
272.0
 10
852.5
 20
272.0
 10
852.0
 20
272.0
 10
851.5
 20
272.0
 10
851.0
 20
272.0
 10
850.5
 20
272.0
  0
LWPOLYLINE
  5
A6
330
17
100
AcDbEntity
  8
CURB
370
25
100
AcDbPolyline
 90
139
 70
0
 10
784.5
 20
297.0
 10
784.5
 20
296.5
 10
784.5
 20
296.0
 10
784.5
 20
295.5
 10
784.5
 20
295.0
 10
784.5
 20
294.5
 10
784.5
 20
294.0
 10
784.5
 20
293.5
 10
784.5
 20
293.0
 10
784.5
 20
292.5
 10
784.5
 20
292.0
 10
784.5
 20
291.5
 10
784.0
 20
291.0
 10
784.0
 20
290.5
 10
783.5
 20
290.0
 10
783.5
 20
289.5
 10
783.5
 20
289.0
 10
783.5
 20
288.5
 10
783.0
 20
288.0
 10
782.5
 20
288.0
 10
782.0
 20
287.5
 10
781.5
 20
287.0
 10
781.0
 20
287.0
 10
781.0
 20
286.5
 10
780.5
 20
286.0
 10
780.0
 20
286.0
 10
779.5
 20
286.0
 10
779.0
 20
285.5
 10
779.0
 20
285.0
 10
779.0
 20
284.5
 10
778.5
 20
284.0
 10
778.0
 20
284.0
 10
778.0
 20
283.5
 10
777.5
 20
283.0
 10
777.0
 20
283.0
 10
777.0
 20
282.5
 10
777.0
 20
282.0
 10
777.0
 20
281.5
 10
776.5
 20
281.0
 10
776.5
 20
280.5
 10
776.0
 20
280.0
 10
775.5
 20
279.5
 10
775.5
 20
279.0
 10
775.5
 20
278.5
 10
775.5
 20
278.0
 10
775.5
 20
277.5
 10
775.5
 20
277.0
 10
775.5
 20
276.5
 10
775.5
 20
276.0
 10
775.5
 20
275.5
 10
775.5
 20
275.0
 10
775.5
 20
274.5
 10
775.5
 20
274.0
 10
776.0
 20
274.0
 10
776.5
 20
274.0
 10
777.0
 20
274.0
 10
777.5
 20
274.0
 10
778.0
 20
274.0
 10
778.5
 20
274.0
 10
779.0
 20
274.0
 10
779.5
 20
274.0
 10
780.0
 20
274.0
 10
780.5
 20
274.0
 10
781.0
 20
274.5
 10
781.5
 20
274.5
 10
782.0
 20
274.5
 10
782.5
 20
274.5
 10
783.0
 20
274.5
 10
783.5
 20
274.5
 10
784.0
 20
274.5
 10
784.5
 20
274.5
 10
785.0
 20
274.5
 10
785.5
 20
274.5
 10
786.0
 20
274.5
 10
786.5
 20
274.5
 10
787.0
 20
274.5
 10
787.5
 20
274.5
 10
788.0
 20
274.5
 10
788.5
 20
274.5
 10
789.0
 20
274.5
 10
789.5
 20
274.5
 10
790.0
 20
274.5
 10
790.5
 20
274.5
 10
791.0
 20
274.5
 10
791.5
 20
274.5
 10
791.5
 20
275.0
 10
791.5
 20
275.5
 10
792.0
 20
276.0
 10
792.5
 20
276.5
 10
792.5
 20
277.0
 10
793.0
 20
277.5
 10
793.0
 20
278.0
 10
793.0
 20
278.5
 10
793.5
 20
279.0
 10
793.5
 20
279.5
 10
793.5
 20
280.0
 10
793.5
 20
280.5
 10
793.5
 20
281.0
 10
793.5
 20
281.5
 10
793.5
 20
282.0
 10
793.5
 20
282.5
 10
793.0
 20
283.0
 10
793.0
 20
283.5
 10
793.0
 20
284.0
 10
793.0
 20
284.5
 10
793.0
 20
285.0
 10
792.5
 20
285.5
 10
792.0
 20
286.0
 10
791.5
 20
286.5
 10
791.0
 20
287.0
 10
791.0
 20
287.5
 10
791.0
 20
288.0
 10
791.0
 20
288.5
 10
791.0
 20
289.0
 10
791.0
 20
289.5
 10
790.5
 20
290.0
 10
790.5
 20
290.5
 10
790.5
 20
291.0
 10
790.5
 20
291.5
 10
790.5
 20
292.0
 10
790.5
 20
292.5
 10
790.5
 20
293.0
 10
790.5
 20
293.5
 10
790.5
 20
294.0
 10
790.5
 20
294.5
 10
790.5
 20
295.0
 10
790.5
 20
295.5
 10
790.0
 20
296.0
 10
789.5
 20
296.5
 10
789.5
 20
297.0
 10
789.0
 20
297.0
 10
788.5
 20
297.0
 10
788.0
 20
297.0
 10
787.5
 20
297.0
 10
787.0
 20
297.0
 10
786.5
 20
297.0
 10
786.0
 20
297.0
 10
785.5
 20
297.0
 10
785.0
 20
297.0
  0
LWPOLYLINE
  5
A7
330
17
100
AcDbEntity
  8
CURB
370
25
100
AcDbPolyline
 90
200
 70
0
 10
203.5
 20
297.5
 10
203.5
 20
297.0
 10
203.5
 20
296.5
 10
203.0
 20
296.0
 10
203.0
 20
295.5
 10
202.5
 20
295.0
 10
202.5
 20
294.5
 10
202.5
 20
294.0
 10
202.5
 20
293.5
 10
202.5
 20
293.0
 10
202.0
 20
292.5
 10
201.5
 20
292.5
 10
201.0
 20
292.5
 10
200.5
 20
292.5
 10
200.0
 20
292.5
 10
199.5
 20
292.5
 10
199.0
 20
292.5
 10
198.5
 20
292.5
 10
198.0
 20
292.0
 10
197.5
 20
292.0
 10
197.5
 20
291.5
 10
197.5
 20
291.0
 10
197.5
 20
290.5
 10
197.5
 20
290.0
 10
197.5
 20
289.5
 10
197.5
 20
289.0
 10
197.0
 20
288.5
 10
197.0
 20
288.0
 10
196.5
 20
287.5
 10
196.0
 20
287.0
 10
195.5
 20
286.5
 10
195.0
 20
286.5
 10
194.5
 20
286.5
 10
194.0
 20
286.5
 10
193.5
 20
286.5
 10
193.0
 20
286.5
 10
192.5
 20
286.0
 10
192.0
 20
286.0
 10
192.0
 20
285.5
 10
192.0
 20
285.0
 10
192.0
 20
284.5
 10
192.0
 20
284.0
 10
192.0
 20
283.5
 10
192.0
 20
283.0
 10
192.0
 20
282.5
 10
192.0
 20
282.0
 10
192.0
 20
281.5
 10
192.0
 20
281.0
 10
192.0
 20
280.5
 10
192.0
 20
280.0
 10
192.0
 20
279.5
 10
192.5
 20
279.0
 10
193.0
 20
278.5
 10
193.0
 20
278.0
 10
193.5
 20
277.5
 10
193.5
 20
277.0
 10
193.5
 20
276.5
 10
193.5
 20
276.0
 10
194.0
 20
275.5
 10
194.0
 20
275.0
 10
194.5
 20
274.5
 10
195.0
 20
274.0
 10
195.5
 20
273.5
 10
195.5
 20
273.0
 10
195.5
 20
272.5
 10
195.5
 20
272.0
 10
195.5
 20
271.5
 10
195.5
 20
271.0
 10
195.5
 20
270.5
 10
195.5
 20
270.0
 10
195.5
 20
269.5
 10
195.5
 20
269.0
 10
195.5
 20
268.5
 10
195.5
 20
268.0
 10
195.5
 20
267.5
 10
195.5
 20
267.0
 10
195.5
 20
266.5
 10
195.5
 20
266.0
 10
195.5
 20
265.5
 10
195.5
 20
265.0
 10
196.0
 20
265.0
 10
196.5
 20
265.0
 10
197.0
 20
265.0
 10
197.5
 20
265.0
 10
198.0
 20
265.0
 10
198.5
 20
265.0
 10
199.0
 20
265.0
 10
199.5
 20
265.0
 10
200.0
 20
265.0
 10
200.5
 20
265.0
 10
201.0
 20
265.0
 10
201.5
 20
265.0
 10
202.0
 20
264.5
 10
202.0
 20
264.0
 10
202.0
 20
263.5
 10
202.0
 20
263.0
 10
202.0
 20
262.5
 10
202.0
 20
262.0
 10
202.0
 20
261.5
 10
202.0
 20
261.0
 10
202.5
 20
261.0
 10
203.0
 20
261.0
 10
203.5
 20
261.0
 10
204.0
 20
261.0
 10
204.0
 20
261.5
 10
204.0
 20
262.0
 10
204.0
 20
262.5
 10
204.0
 20
263.0
 10
204.5
 20
263.5
 10
204.5
 20
264.0
 10
204.5
 20
264.5
 10
204.5
 20
265.0
 10
205.0
 20
265.5
 10
205.0
 20
266.0
 10
205.5
 20
266.5
 10
205.5
 20
267.0
 10
206.0
 20
267.5
 10
206.0
 20
268.0
 10
206.5
 20
268.5
 10
206.5
 20
269.0
 10
206.5
 20
269.5
 10
206.5
 20
270.0
 10
207.0
 20
270.5
 10
207.5
 20
270.5
 10
207.5
 20
271.0
 10
207.5
 20
271.5
 10
207.5
 20
272.0
 10
207.5
 20
272.5
 10
207.5
 20
273.0
 10
207.0
 20
273.0
 10
206.5
 20
273.5
 10
206.0
 20
273.5
 10
205.5
 20
274.0
 10
205.0
 20
274.0
 10
204.5
 20
274.5
 10
204.5
 20
275.0
 10
204.5
 20
275.5
 10
204.0
 20
276.0
 10
204.0
 20
276.5
 10
203.5
 20
276.5
 10
203.0
 20
276.5
 10
202.5
 20
276.5
 10
202.0
 20
276.5
 10
201.5
 20
276.5
 10
201.0
 20
277.0
 10
201.0
 20
277.5
 10
201.0
 20
278.0
 10
201.0
 20
278.5
 10
201.0
 20
279.0
 10
201.0
 20
279.5
 10
201.0
 20
280.0
 10
201.5
 20
280.5
 10
202.0
 20
280.5
 10
202.5
 20
280.5
 10
203.0
 20
280.5
 10
203.5
 20
280.5
 10
203.5
 20
281.0
 10
204.0
 20
281.5
 10
204.0
 20
282.0
 10
204.0
 20
282.5
 10
204.0
 20
283.0
 10
204.0
 20
283.5
 10
204.5
 20
284.0
 10
205.0
 20
284.5
 10
205.0
 20
285.0
 10
205.5
 20
285.5
 10
206.0
 20
286.0
 10
206.5
 20
286.0
 10
207.0
 20
286.0
 10
207.5
 20
286.0
 10
207.5
 20
286.5
 10
207.5
 20
287.0
 10
207.5
 20
287.5
 10
207.5
 20
288.0
 10
207.5
 20
288.5
 10
207.5
 20
289.0
 10
207.5
 20
289.5
 10
207.5
 20
290.0
 10
207.5
 20
290.5
 10
207.5
 20
291.0
 10
207.5
 20
291.5
 10
207.5
 20
292.0
 10
207.5
 20
292.5
 10
207.5
 20
293.0
 10
207.5
 20
293.5
 10
207.5
 20
294.0
 10
207.5
 20
294.5
 10
207.5
 20
295.0
 10
207.5
 20
295.5
 10
207.5
 20
296.0
 10
207.5
 20
296.5
 10
207.5
 20
297.0
 10
207.5
 20
297.5
 10
207.0
 20
297.5
 10
206.5
 20
297.5
 10
206.0
 20
297.5
 10
205.5
 20
297.5
 10
205.0
 20
297.5
 10
204.5
 20
297.5
 10
204.0
 20
297.5
  0
LWPOLYLINE
  5
A8
330
17
100
AcDbEntity
  8
CURB
370
25
100
AcDbPolyline
 90
154
 70
0
 10
301.0
 20
308.5
 10
301.0
 20
308.0
 10
300.5
 20
307.5
 10
300.5
 20
307.0
 10
300.0
 20
306.5
 10
300.0
 20
306.0
 10
300.0
 20
305.5
 10
300.0
 20
305.0
 10
300.0
 20
304.5
 10
300.0
 20
304.0
 10
300.0
 20
303.5
 10
300.0
 20
303.0
 10
300.0
 20
302.5
 10
300.0
 20
302.0
 10
300.0
 20
301.5
 10
300.0
 20
301.0
 10
299.5
 20
300.5
 10
299.5
 20
300.0
 10
299.5
 20
299.5
 10
299.5
 20
299.0
 10
299.5
 20
298.5
 10
299.5
 20
298.0
 10
299.5
 20
297.5
 10
299.5
 20
297.0
 10
299.5
 20
296.5
 10
299.5
 20
296.0
 10
299.5
 20
295.5
 10
299.5
 20
295.0
 10
299.5
 20
294.5
 10
299.5
 20
294.0
 10
300.0
 20
293.5
 10
300.0
 20
293.0
 10
300.0
 20
292.5
 10
300.0
 20
292.0
 10
300.0
 20
291.5
 10
300.0
 20
291.0
 10
300.0
 20
290.5
 10
300.0
 20
290.0
 10
300.0
 20
289.5
 10
300.0
 20
289.0
 10
300.0
 20
288.5
 10
300.5
 20
288.5
 10
301.0
 20
288.5
 10
301.5
 20
288.5
 10
302.0
 20
288.5
 10
302.5
 20
288.5
 10
303.0
 20
288.5
 10
303.0
 20
289.0
 10
303.0
 20
289.5
 10
303.5
 20
290.0
 10
303.5
 20
290.5
 10
303.5
 20
291.0
 10
303.5
 20
291.5
 10
303.5
 20
292.0
 10
303.5
 20
292.5
 10
303.5
 20
293.0
 10
303.5
 20
293.5
 10
303.5
 20
294.0
 10
303.5
 20
294.5
 10
303.5
 20
295.0
 10
304.0
 20
295.5
 10
304.5
 20
296.0
 10
305.0
 20
296.0
 10
305.5
 20
296.0
 10
306.0
 20
296.0
 10
306.5
 20
296.0
 10
307.0
 20
296.0
 10
307.5
 20
296.0
 10
308.0
 20
296.0
 10
308.5
 20
296.0
 10
309.0
 20
295.5
 10
309.5
 20
295.5
 10
310.0
 20
295.5
 10
310.5
 20
295.0
 10
310.5
 20
294.5
 10
310.5
 20
294.0
 10
310.5
 20
293.5
 10
310.5
 20
293.0
 10
310.5
 20
292.5
 10
310.5
 20
292.0
 10
310.5
 20
291.5
 10
310.5
 20
291.0
 10
310.5
 20
290.5
 10
310.5
 20
290.0
 10
310.5
 20
289.5
 10
310.5
 20
289.0
 10
310.5
 20
288.5
 10
310.5
 20
288.0
 10
310.5
 20
287.5
 10
310.5
 20
287.0
 10
311.0
 20
287.0
 10
311.5
 20
287.0
 10
312.0
 20
287.0
 10
312.5
 20
287.0
 10
313.0
 20
287.0
 10
313.0
 20
287.5
 10
313.0
 20
288.0
 10
313.0
 20
288.5
 10
313.0
 20
289.0
 10
313.0
 20
289.5
 10
313.0
 20
290.0
 10
313.0
 20
290.5
 10
313.0
 20
291.0
 10
313.0
 20
291.5
 10
313.0
 20
292.0
 10
313.5
 20
292.5
 10
314.0
 20
293.0
 10
314.0
 20
293.5
 10
314.0
 20
294.0
 10
314.0
 20
294.5
 10
314.0
 20
295.0
 10
314.0
 20
295.5
 10
314.0
 20
296.0
 10
314.0
 20
296.5
 10
314.0
 20
297.0
 10
314.0
 20
297.5
 10
314.0
 20
298.0
 10
314.0
 20
298.5
 10
314.0
 20
299.0
 10
314.0
 20
299.5
 10
314.0
 20
300.0
 10
314.0
 20
300.5
 10
314.0
 20
301.0
 10
313.5
 20
301.5
 10
313.5
 20
302.0
 10
313.0
 20
302.5
 10
312.5
 20
303.0
 10
312.0
 20
303.5
 10
311.5
 20
304.0
 10
311.5
 20
304.5
 10
311.5
 20
305.0
 10
311.5
 20
305.5
 10
311.0
 20
306.0
 10
311.0
 20
306.5
 10
310.5
 20
306.5
 10
310.0
 20
306.5
 10
309.5
 20
306.5
 10
309.0
 20
306.5
 10
308.5
 20
307.0
 10
308.5
 20
307.5
 10
308.0
 20
307.5
 10
307.5
 20
307.5
 10
307.0
 20
307.5
 10
306.5
 20
307.5
 10
306.0
 20
307.5
 10
305.5
 20
307.5
 10
305.0
 20
307.5
 10
304.5
 20
307.5
 10
304.0
 20
307.5
 10
303.5
 20
308.0
 10
303.0
 20
308.5
 10
302.5
 20
308.5
 10
302.0
 20
308.5
 10
301.5
 20
308.5
  0
LWPOLYLINE
  5
A9
330
17
100
AcDbEntity
  8
CURB
370
25
100
AcDbPolyline
 90
181
 70
0
 10
547.5
 20
311.0
 10
547.0
 20
310.5
 10
546.5
 20
310.5
 10
546.0
 20
310.5
 10
545.5
 20
310.5
 10
545.0
 20
310.5
 10
544.5
 20
310.5
 10
544.0
 20
310.5
 10
543.5
 20
310.5
 10
543.0
 20
310.5
 10
542.5
 20
310.5
 10
542.0
 20
310.5
 10
541.5
 20
310.5
 10
541.0
 20
310.5
 10
541.0
 20
310.0
 10
541.0
 20
309.5
 10
540.5
 20
309.0
 10
540.0
 20
309.0
 10
539.5
 20
309.0
 10
539.0
 20
309.0
 10
539.0
 20
308.5
 10
539.0
 20
308.0
 10
539.0
 20
307.5
 10
539.0
 20
307.0
 10
539.0
 20
306.5
 10
539.0
 20
306.0
 10
539.0
 20
305.5
 10
539.0
 20
305.0
 10
539.5
 20
304.5
 10
540.0
 20
304.5
 10
540.5
 20
304.5
 10
541.0
 20
304.5
 10
541.5
 20
304.5
 10
541.5
 20
305.0
 10
542.0
 20
305.5
 10
542.5
 20
305.5
 10
543.0
 20
305.5
 10
543.5
 20
305.5
 10
544.0
 20
305.5
 10
544.5
 20
305.5
 10
545.0
 20
305.5
 10
545.5
 20
305.5
 10
546.0
 20
305.5
 10
546.5
 20
305.5
 10
547.0
 20
305.5
 10
547.5
 20
305.0
 10
547.5
 20
304.5
 10
547.5
 20
304.0
 10
548.0
 20
304.0
 10
548.5
 20
303.5
 10
548.5
 20
303.0
 10
548.5
 20
302.5
 10
548.5
 20
302.0
 10
548.5
 20
301.5
 10
548.5
 20
301.0
 10
548.5
 20
300.5
 10
548.5
 20
300.0
 10
548.0
 20
299.5
 10
547.5
 20
299.5
 10
547.5
 20
299.0
 10
547.5
 20
298.5
 10
547.5
 20
298.0
 10
547.5
 20
297.5
 10
547.0
 20
297.0
 10
546.5
 20
297.0
 10
546.0
 20
297.0
 10
545.5
 20
297.0
 10
545.0
 20
297.0
 10
544.5
 20
297.0
 10
544.0
 20
297.0
 10
543.5
 20
297.5
 10
543.0
 20
297.5
 10
542.5
 20
297.5
 10
542.0
 20
298.0
 10
541.5
 20
298.0
 10
541.0
 20
298.5
 10
541.0
 20
299.0
 10
540.5
 20
299.0
 10
540.0
 20
299.0
 10
539.5
 20
299.0
 10
539.0
 20
299.0
 10
538.5
 20
299.0
 10
538.0
 20
299.0
 10
538.0
 20
298.5
 10
538.0
 20
298.0
 10
538.0
 20
297.5
 10
538.0
 20
297.0
 10
538.0
 20
296.5
 10
538.0
 20
296.0
 10
538.5
 20
295.5
 10
539.0
 20
295.0
 10
539.0
 20
294.5
 10
539.5
 20
294.5
 10
540.0
 20
294.5
 10
540.5
 20
294.5
 10
541.0
 20
294.5
 10
541.5
 20
294.5
 10
542.0
 20
294.5
 10
542.5
 20
294.0
 10
542.5
 20
293.5
 10
543.0
 20
293.5
 10
543.5
 20
293.0
 10
543.5
 20
292.5
 10
543.5
 20
292.0
 10
543.5
 20
291.5
 10
543.5
 20
291.0
 10
543.5
 20
290.5
 10
543.5
 20
290.0
 10
544.0
 20
289.5
 10
544.5
 20
289.5
 10
545.0
 20
289.5
 10
545.5
 20
289.5
 10
546.0
 20
289.5
 10
546.5
 20
289.5
 10
547.0
 20
289.5
 10
547.5
 20
289.0
 10
548.0
 20
289.0
 10
548.5
 20
289.0
 10
549.0
 20
289.0
 10
549.5
 20
289.0
 10
550.0
 20
289.0
 10
550.5
 20
289.0
 10
551.0
 20
289.0
 10
551.5
 20
289.0
 10
551.5
 20
289.5
 10
552.0
 20
290.0
 10
552.5
 20
290.0
 10
553.0
 20
290.0
 10
553.5
 20
290.0
 10
554.0
 20
290.0
 10
554.0
 20
290.5
 10
554.0
 20
291.0
 10
554.0
 20
291.5
 10
554.0
 20
292.0
 10
553.5
 20
292.5
 10
553.5
 20
293.0
 10
553.5
 20
293.5
 10
553.5
 20
294.0
 10
553.0
 20
294.5
 10
553.0
 20
295.0
 10
553.0
 20
295.5
 10
553.0
 20
296.0
 10
553.0
 20
296.5
 10
553.0
 20
297.0
 10
553.0
 20
297.5
 10
553.0
 20
298.0
 10
553.0
 20
298.5
 10
553.0
 20
299.0
 10
553.0
 20
299.5
 10
553.5
 20
300.0
 10
553.5
 20
300.5
 10
553.5
 20
301.0
 10
553.5
 20
301.5
 10
553.5
 20
302.0
 10
553.5
 20
302.5
 10
553.5
 20
303.0
 10
553.5
 20
303.5
 10
553.5
 20
304.0
 10
553.5
 20
304.5
 10
553.5
 20
305.0
 10
553.5
 20
305.5
 10
553.5
 20
306.0
 10
553.5
 20
306.5
 10
553.5
 20
307.0
 10
553.5
 20
307.5
 10
553.5
 20
308.0
 10
553.5
 20
308.5
 10
553.5
 20
309.0
 10
553.0
 20
309.0
 10
552.5
 20
309.0
 10
552.0
 20
309.0
 10
551.5
 20
309.5
 10
551.5
 20
310.0
 10
551.5
 20
310.5
 10
551.0
 20
310.5
 10
550.5
 20
310.5
 10
550.0
 20
311.0
 10
549.5
 20
311.0
 10
549.0
 20
311.0
 10
548.5
 20
311.0
 10
548.0
 20
311.0
  0
LWPOLYLINE
  5
AA
330
17
100
AcDbEntity
  8
CURB
370
25
100
AcDbPolyline
 90
179
 70
0
 10
14.0
 20
320.0
 10
14.0
 20
319.5
 10
14.0
 20
319.0
 10
14.0
 20
318.5
 10
13.5
 20
318.0
 10
13.0
 20
318.0
 10
12.5
 20
318.0
 10
12.0
 20
318.0
 10
12.0
 20
317.5
 10
12.0
 20
317.0
 10
12.0
 20
316.5
 10
12.0
 20
316.0
 10
11.5
 20
315.5
 10
11.0
 20
315.5
 10
10.5
 20
315.5
 10
10.0
 20
315.5
 10
9.5
 20
315.5
 10
9.0
 20
315.5
 10
8.5
 20
315.5
 10
8.0
 20
316.0
 10
7.5
 20
316.0
 10
7.0
 20
316.0
 10
6.5
 20
316.5
 10
6.5
 20
317.0
 10
6.5
 20
317.5
 10
6.5
 20
318.0
 10
6.0
 20
318.0
 10
5.5
 20
318.0
 10
5.0
 20
318.0
 10
4.5
 20
318.0
 10
4.0
 20
318.5
 10
4.0
 20
319.0
 10
4.0
 20
319.5
 10
3.5
 20
319.5
 10
3.0
 20
319.5
 10
2.5
 20
319.5
 10
2.0
 20
319.5
 10
1.5
 20
319.5
 10
1.0
 20
319.5
 10
0.5
 20
319.5
 10
0.0
 20
319.5
 10
0.0
 20
319.0
 10
0.5
 20
319.0
 10
1.0
 20
319.0
 10
1.5
 20
319.0
 10
2.0
 20
319.0
 10
2.5
 20
319.0
 10
3.0
 20
319.0
 10
3.5
 20
318.5
 10
3.5
 20
318.0
 10
3.5
 20
317.5
 10
4.0
 20
317.5
 10
4.5
 20
317.5
 10
5.0
 20
317.5
 10
5.5
 20
317.5
 10
6.0
 20
317.0
 10
6.0
 20
316.5
 10
6.0
 20
316.0
 10
5.5
 20
315.5
 10
5.0
 20
315.5
 10
4.5
 20
315.5
 10
4.0
 20
315.5
 10
3.5
 20
315.5
 10
3.0
 20
315.5
 10
2.5
 20
315.5
 10
2.0
 20
315.5
 10
1.5
 20
315.5
 10
1.5
 20
315.0
 10
1.5
 20
314.5
 10
1.5
 20
314.0
 10
1.5
 20
313.5
 10
1.5
 20
313.0
 10
1.5
 20
312.5
 10
1.5
 20
312.0
 10
1.5
 20
311.5
 10
2.0
 20
311.5
 10
2.5
 20
311.0
 10
2.0
 20
310.5
 10
1.5
 20
310.5
 10
1.5
 20
310.0
 10
1.0
 20
309.5
 10
0.5
 20
309.5
 10
0.0
 20
309.5
 10
0.0
 20
309.0
 10
0.5
 20
309.0
 10
1.0
 20
309.0
 10
1.5
 20
309.0
 10
2.0
 20
309.0
 10
2.0
 20
309.5
 10
2.5
 20
310.0
 10
3.0
 20
310.0
 10
3.0
 20
310.5
 10
3.0
 20
311.0
 10
3.0
 20
311.5
 10
3.0
 20
312.0
 10
2.5
 20
312.0
 10
2.0
 20
312.5
 10
2.0
 20
313.0
 10
2.0
 20
313.5
 10
2.0
 20
314.0
 10
2.0
 20
314.5
 10
2.5
 20
315.0
 10
3.0
 20
315.0
 10
3.5
 20
315.0
 10
4.0
 20
315.0
 10
4.5
 20
315.0
 10
5.0
 20
314.5
 10
5.0
 20
314.0
 10
5.0
 20
313.5
 10
5.0
 20
313.0
 10
5.0
 20
312.5
 10
5.0
 20
312.0
 10
5.0
 20
311.5
 10
5.0
 20
311.0
 10
5.0
 20
310.5
 10
5.5
 20
310.5
 10
6.0
 20
310.5
 10
6.5
 20
310.5
 10
7.0
 20
310.5
 10
7.5
 20
310.5
 10
8.0
 20
310.5
 10
8.0
 20
311.0
 10
8.5
 20
311.5
 10
9.0
 20
311.5
 10
9.5
 20
311.5
 10
10.0
 20
311.5
 10
10.5
 20
311.5
 10
11.0
 20
311.5
 10
11.5
 20
311.5
 10
12.0
 20
311.5
 10
12.5
 20
311.5
 10
13.0
 20
311.5
 10
13.5
 20
311.0
 10
13.5
 20
310.5
 10
14.0
 20
310.5
 10
14.5
 20
310.5
 10
15.0
 20
310.5
 10
15.5
 20
310.5
 10
16.0
 20
310.5
 10
16.5
 20
310.0
 10
17.0
 20
309.5
 10
17.5
 20
309.5
 10
18.0
 20
309.5
 10
18.5
 20
309.5
 10
19.0
 20
309.5
 10
19.5
 20
309.5
 10
20.0
 20
309.5
 10
20.0
 20
310.0
 10
20.0
 20
310.5
 10
20.5
 20
311.0
 10
21.0
 20
311.0
 10
21.0
 20
311.5
 10
21.0
 20
312.0
 10
21.0
 20
312.5
 10
21.0
 20
313.0
 10
21.0
 20
313.5
 10
21.0
 20
314.0
 10
21.0
 20
314.5
 10
21.0
 20
315.0
 10
21.0
 20
315.5
 10
21.0
 20
316.0
 10
21.0
 20
316.5
 10
21.0
 20
317.0
 10
21.0
 20
317.5
 10
21.0
 20
318.0
 10
20.5
 20
318.0
 10
20.0
 20
318.5
 10
19.5
 20
319.0
 10
19.0
 20
319.0
 10
18.5
 20
319.0
 10
18.0
 20
319.0
 10
17.5
 20
319.5
 10
17.5
 20
320.0
 10
17.0
 20
320.0
 10
16.5
 20
320.0
 10
16.0
 20
320.0
 10
15.5
 20
320.0
 10
15.0
 20
320.0
 10
14.5
 20
320.0
  0
LWPOLYLINE
  5
AB
330
17
100
AcDbEntity
  8
CURB
370
25
100
AcDbPolyline
 90
120
 70
0
 10
235.0
 20
350.5
 10
235.0
 20
350.0
 10
234.5
 20
349.5
 10
234.0
 20
349.5
 10
233.5
 20
349.5
 10
233.0
 20
349.5
 10
232.5
 20
349.5
 10
232.0
 20
349.5
 10
231.5
 20
349.5
 10
231.0
 20
349.5
 10
231.0
 20
349.0
 10
230.5
 20
348.5
 10
230.0
 20
348.0
 10
229.5
 20
347.5
 10
229.5
 20
347.0
 10
229.5
 20
346.5
 10
229.5
 20
346.0
 10
229.5
 20
345.5
 10
229.5
 20
345.0
 10
229.5
 20
344.5
 10
230.0
 20
344.0
 10
230.5
 20
343.5
 10
230.5
 20
343.0
 10
231.0
 20
342.5
 10
231.0
 20
342.0
 10
231.0
 20
341.5
 10
231.5
 20
341.0
 10
231.5
 20
340.5
 10
231.5
 20
340.0
 10
232.0
 20
339.5
 10
232.0
 20
339.0
 10
232.5
 20
338.5
 10
232.5
 20
338.0
 10
232.5
 20
337.5
 10
232.5
 20
337.0
 10
232.5
 20
336.5
 10
232.5
 20
336.0
 10
232.5
 20
335.5
 10
232.5
 20
335.0
 10
233.0
 20
334.5
 10
233.0
 20
334.0
 10
233.5
 20
333.5
 10
233.5
 20
333.0
 10
234.0
 20
332.5
 10
234.0
 20
332.0
 10
234.5
 20
331.5
 10
235.0
 20
331.5
 10
235.5
 20
331.0
 10
236.0
 20
330.5
 10
236.5
 20
330.5
 10
237.0
 20
330.0
 10
237.0
 20
329.5
 10
237.0
 20
329.0
 10
237.5
 20
329.0
 10
238.0
 20
328.5
 10
238.5
 20
328.5
 10
239.0
 20
328.5
 10
239.5
 20
328.5
 10
240.0
 20
328.5
 10
240.5
 20
328.5
 10
241.0
 20
328.5
 10
241.5
 20
328.5
 10
241.5
 20
329.0
 10
241.5
 20
329.5
 10
241.5
 20
330.0
 10
241.5
 20
330.5
 10
241.5
 20
331.0
 10
241.5
 20
331.5
 10
241.5
 20
332.0
 10
241.0
 20
332.0
 10
240.5
 20
332.5
 10
240.0
 20
332.5
 10
239.5
 20
333.0
 10
239.5
 20
333.5
 10
239.5
 20
334.0
 10
239.5
 20
334.5
 10
239.5
 20
335.0
 10
239.5
 20
335.5
 10
239.5
 20
336.0
 10
239.5
 20
336.5
 10
239.5
 20
337.0
 10
239.5
 20
337.5
 10
239.5
 20
338.0
 10
239.5
 20
338.5
 10
239.5
 20
339.0
 10
239.5
 20
339.5
 10
239.5
 20
340.0
 10
239.5
 20
340.5
 10
239.5
 20
341.0
 10
239.5
 20
341.5
 10
239.5
 20
342.0
 10
239.5
 20
342.5
 10
240.0
 20
343.0
 10
240.5
 20
343.0
 10
241.0
 20
343.0
 10
241.0
 20
343.5
 10
241.0
 20
344.0
 10
241.0
 20
344.5
 10
241.0
 20
345.0
 10
241.0
 20
345.5
 10
241.0
 20
346.0
 10
241.0
 20
346.5
 10
241.0
 20
347.0
 10
241.0
 20
347.5
 10
241.0
 20
348.0
 10
241.0
 20
348.5
 10
241.0
 20
349.0
 10
241.0
 20
349.5
 10
240.5
 20
349.5
 10
240.0
 20
349.5
 10
239.5
 20
349.5
 10
239.0
 20
349.5
 10
238.5
 20
350.0
 10
238.5
 20
350.5
 10
238.0
 20
350.5
 10
237.5
 20
350.5
 10
237.0
 20
350.5
 10
236.5
 20
350.5
 10
236.0
 20
350.5
 10
235.5
 20
350.5
  0
LWPOLYLINE
  5
AC
330
17
100
AcDbEntity
  8
CURB
370
25
100
AcDbPolyline
 90
164
 70
0
 10
82.0
 20
351.0
 10
81.5
 20
350.5
 10
81.0
 20
350.5
 10
80.5
 20
350.0
 10
80.0
 20
350.0
 10
79.5
 20
349.5
 10
79.0
 20
349.5
 10
78.5
 20
349.5
 10
78.0
 20
349.5
 10
77.5
 20
349.0
 10
77.0
 20
348.5
 10
76.5
 20
348.5
 10
76.0
 20
348.5
 10
75.5
 20
348.5
 10
75.0
 20
348.5
 10
74.5
 20
348.5
 10
74.0
 20
348.5
 10
73.5
 20
348.5
 10
73.0
 20
348.5
 10
72.5
 20
348.5
 10
72.0
 20
348.5
 10
71.5
 20
348.5
 10
71.0
 20
348.5
 10
70.5
 20
348.5
 10
70.0
 20
348.5
 10
69.5
 20
348.0
 10
69.0
 20
348.0
 10
68.5
 20
348.0
 10
68.0
 20
347.5
 10
67.5
 20
347.5
 10
67.0
 20
347.5
 10
66.5
 20
347.0
 10
66.0
 20
346.5
 10
65.5
 20
346.5
 10
65.0
 20
346.0
 10
65.0
 20
345.5
 10
65.0
 20
345.0
 10
65.0
 20
344.5
 10
65.0
 20
344.0
 10
65.0
 20
343.5
 10
65.0
 20
343.0
 10
65.5
 20
343.0
 10
66.0
 20
343.0
 10
66.5
 20
342.5
 10
66.5
 20
342.0
 10
66.5
 20
341.5
 10
67.0
 20
341.0
 10
67.5
 20
341.0
 10
68.0
 20
341.0
 10
68.5
 20
341.0
 10
69.0
 20
340.5
 10
69.5
 20
340.5
 10
70.0
 20
340.5
 10
70.5
 20
340.5
 10
71.0
 20
340.0
 10
71.0
 20
339.5
 10
71.5
 20
339.5
 10
72.0
 20
339.5
 10
72.5
 20
339.5
 10
73.0
 20
339.5
 10
73.5
 20
339.0
 10
74.0
 20
339.0
 10
74.5
 20
339.0
 10
75.0
 20
339.0
 10
75.5
 20
339.0
 10
76.0
 20
339.0
 10
76.5
 20
339.0
 10
77.0
 20
339.0
 10
77.5
 20
338.5
 10
78.0
 20
338.5
 10
78.5
 20
338.5
 10
79.0
 20
338.5
 10
79.5
 20
338.5
 10
80.0
 20
338.5
 10
80.5
 20
338.5
 10
81.0
 20
338.5
 10
81.5
 20
338.5
 10
82.0
 20
338.5
 10
82.5
 20
339.0
 10
83.0
 20
339.5
 10
83.5
 20
340.0
 10
83.5
 20
340.5
 10
84.0
 20
341.0
 10
84.5
 20
341.0
 10
85.0
 20
341.0
 10
85.5
 20
341.0
 10
86.0
 20
341.0
 10
86.5
 20
341.0
 10
87.0
 20
341.0
 10
87.5
 20
341.0
 10
88.0
 20
341.0
 10
88.5
 20
341.0
 10
89.0
 20
341.0
 10
89.5
 20
341.0
 10
90.0
 20
340.5
 10
90.0
 20
340.0
 10
90.0
 20
339.5
 10
90.0
 20
339.0
 10
90.0
 20
338.5
 10
90.0
 20
338.0
 10
90.0
 20
337.5
 10
90.0
 20
337.0
 10
90.5
 20
337.0
 10
91.0
 20
337.0
 10
91.5
 20
336.5
 10
92.0
 20
336.5
 10
92.5
 20
336.5
 10
93.0
 20
336.0
 10
93.5
 20
336.0
 10
94.0
 20
336.0
 10
94.5
 20
336.0
 10
95.0
 20
336.0
 10
95.5
 20
336.0
 10
96.0
 20
336.0
 10
96.5
 20
336.5
 10
96.5
 20
337.0
 10
96.5
 20
337.5
 10
96.5
 20
338.0
 10
96.5
 20
338.5
 10
96.5
 20
339.0
 10
96.5
 20
339.5
 10
96.5
 20
340.0
 10
96.5
 20
340.5
 10
96.5
 20
341.0
 10
96.5
 20
341.5
 10
96.5
 20
342.0
 10
96.5
 20
342.5
 10
96.5
 20
343.0
 10
96.5
 20
343.5
 10
96.5
 20
344.0
 10
96.0
 20
344.5
 10
95.5
 20
345.0
 10
95.5
 20
345.5
 10
95.0
 20
346.0
 10
95.0
 20
346.5
 10
94.5
 20
347.0
 10
94.5
 20
347.5
 10
94.5
 20
348.0
 10
94.5
 20
348.5
 10
94.0
 20
348.5
 10
93.5
 20
349.0
 10
93.0
 20
349.0
 10
92.5
 20
349.0
 10
92.0
 20
349.0
 10
91.5
 20
349.0
 10
91.0
 20
349.0
 10
90.5
 20
349.0
 10
90.0
 20
349.0
 10
89.5
 20
349.0
 10
89.0
 20
349.0
 10
88.5
 20
349.0
 10
88.0
 20
349.5
 10
87.5
 20
349.5
 10
87.0
 20
350.0
 10
87.0
 20
350.5
 10
86.5
 20
350.5
 10
86.0
 20
351.0
 10
85.5
 20
351.0
 10
85.0
 20
351.0
 10
84.5
 20
351.0
 10
84.0
 20
351.0
 10
83.5
 20
351.0
 10
83.0
 20
351.0
 10
82.5
 20
351.0
  0
LWPOLYLINE
  5
AD
330
17
100
AcDbEntity
  8
CURB
370
25
100
AcDbPolyline
 90
130
 70
0
 10
52.0
 20
357.0
 10
52.0
 20
356.5
 10
52.0
 20
356.0
 10
52.0
 20
355.5
 10
51.5
 20
355.0
 10
51.0
 20
355.0
 10
50.5
 20
355.0
 10
50.0
 20
355.0
 10
49.5
 20
355.0
 10
49.0
 20
355.0
 10
48.5
 20
355.0
 10
48.5
 20
354.5
 10
48.5
 20
354.0
 10
48.5
 20
353.5
 10
48.5
 20
353.0
 10
48.5
 20
352.5
 10
48.0
 20
352.0
 10
47.5
 20
352.0
 10
47.0
 20
351.5
 10
47.0
 20
351.0
 10
47.0
 20
350.5
 10
47.0
 20
350.0
 10
47.0
 20
349.5
 10
47.0
 20
349.0
 10
47.0
 20
348.5
 10
47.0
 20
348.0
 10
47.0
 20
347.5
 10
47.0
 20
347.0
 10
47.0
 20
346.5
 10
47.5
 20
346.5
 10
48.0
 20
346.0
 10
48.0
 20
345.5
 10
48.5
 20
345.0
 10
48.5
 20
344.5
 10
49.0
 20
344.0
 10
49.0
 20
343.5
 10
49.0
 20
343.0
 10
49.5
 20
342.5
 10
49.5
 20
342.0
 10
49.5
 20
341.5
 10
49.5
 20
341.0
 10
49.5
 20
340.5
 10
49.0
 20
340.0
 10
49.0
 20
339.5
 10
49.0
 20
339.0
 10
49.0
 20
338.5
 10
49.0
 20
338.0
 10
49.5
 20
337.5
 10
49.5
 20
337.0
 10
49.5
 20
336.5
 10
50.0
 20
336.0
 10
50.0
 20
335.5
 10
50.5
 20
335.0
 10
51.0
 20
334.5
 10
51.5
 20
334.5
 10
52.0
 20
334.0
 10
52.0
 20
333.5
 10
52.5
 20
333.5
 10
53.0
 20
333.0
 10
53.0
 20
332.5
 10
53.0
 20
332.0
 10
53.0
 20
331.5
 10
53.0
 20
331.0
 10
53.0
 20
330.5
 10
53.0
 20
330.0
 10
53.0
 20
329.5
 10
53.5
 20
329.5
 10
54.0
 20
329.5
 10
54.5
 20
329.5
 10
55.0
 20
329.5
 10
55.0
 20
330.0
 10
55.0
 20
330.5
 10
55.0
 20
331.0
 10
55.0
 20
331.5
 10
55.0
 20
332.0
 10
55.0
 20
332.5
 10
55.0
 20
333.0
 10
55.0
 20
333.5
 10
55.0
 20
334.0
 10
54.5
 20
334.0
 10
54.0
 20
334.5
 10
54.0
 20
335.0
 10
54.0
 20
335.5
 10
54.0
 20
336.0
 10
54.0
 20
336.5
 10
54.0
 20
337.0
 10
54.5
 20
337.5
 10
54.5
 20
338.0
 10
54.5
 20
338.5
 10
54.5
 20
339.0
 10
54.5
 20
339.5
 10
54.5
 20
340.0
 10
54.5
 20
340.5
 10
54.5
 20
341.0
 10
54.5
 20
341.5
 10
54.5
 20
342.0
 10
54.5
 20
342.5
 10
54.5
 20
343.0
 10
55.0
 20
343.5
 10
55.5
 20
343.5
 10
55.5
 20
344.0
 10
55.5
 20
344.5
 10
55.5
 20
345.0
 10
55.5
 20
345.5
 10
55.5
 20
346.0
 10
55.5
 20
346.5
 10
55.5
 20
347.0
 10
55.5
 20
347.5
 10
55.5
 20
348.0
 10
55.5
 20
348.5
 10
55.5
 20
349.0
 10
55.5
 20
349.5
 10
55.5
 20
350.0
 10
55.5
 20
350.5
 10
55.5
 20
351.0
 10
55.5
 20
351.5
 10
55.5
 20
352.0
 10
55.5
 20
352.5
 10
55.5
 20
353.0
 10
55.5
 20
353.5
 10
55.0
 20
354.0
 10
55.0
 20
354.5
 10
55.0
 20
355.0
 10
54.5
 20
355.5
 10
54.0
 20
356.0
 10
54.0
 20
356.5
 10
54.0
 20
357.0
 10
53.5
 20
357.0
 10
53.0
 20
357.0
 10
52.5
 20
357.0
  0
LWPOLYLINE
  5
AE
330
17
100
AcDbEntity
  8
CURB
370
25
100
AcDbPolyline
 90
168
 70
0
 10
74.0
 20
391.0
 10
74.0
 20
390.5
 10
74.0
 20
390.0
 10
74.0
 20
389.5
 10
74.0
 20
389.0
 10
74.0
 20
388.5
 10
74.0
 20
388.0
 10
74.0
 20
387.5
 10
74.0
 20
387.0
 10
74.0
 20
386.5
 10
74.0
 20
386.0
 10
73.5
 20
385.5
 10
73.0
 20
385.5
 10
72.5
 20
385.5
 10
72.0
 20
385.5
 10
71.5
 20
385.5
 10
71.0
 20
386.0
 10
70.5
 20
386.0
 10
70.0
 20
386.5
 10
69.5
 20
386.5
 10
69.0
 20
386.5
 10
68.5
 20
386.5
 10
68.0
 20
386.5
 10
67.5
 20
386.5
 10
67.0
 20
386.5
 10
66.5
 20
386.5
 10
66.0
 20
386.5
 10
65.5
 20
386.5
 10
65.0
 20
386.5
 10
64.5
 20
386.5
 10
64.0
 20
386.5
 10
63.5
 20
386.5
 10
63.5
 20
386.0
 10
63.5
 20
385.5
 10
63.5
 20
385.0
 10
63.0
 20
384.5
 10
62.5
 20
384.5
 10
62.5
 20
384.0
 10
62.5
 20
383.5
 10
62.5
 20
383.0
 10
62.5
 20
382.5
 10
62.5
 20
382.0
 10
62.5
 20
381.5
 10
62.5
 20
381.0
 10
62.5
 20
380.5
 10
62.5
 20
380.0
 10
63.0
 20
380.0
 10
63.5
 20
379.5
 10
63.5
 20
379.0
 10
63.5
 20
378.5
 10
64.0
 20
378.5
 10
64.5
 20
378.5
 10
65.0
 20
378.5
 10
65.5
 20
378.5
 10
66.0
 20
378.0
 10
66.5
 20
378.0
 10
67.0
 20
378.0
 10
67.5
 20
378.0
 10
68.0
 20
377.5
 10
68.5
 20
377.5
 10
69.0
 20
377.5
 10
69.5
 20
377.5
 10
70.0
 20
377.5
 10
70.5
 20
377.0
 10
70.5
 20
376.5
 10
70.5
 20
376.0
 10
71.0
 20
376.0
 10
71.5
 20
375.5
 10
71.5
 20
375.0
 10
72.0
 20
375.0
 10
72.5
 20
375.0
 10
73.0
 20
375.0
 10
73.5
 20
375.0
 10
74.0
 20
375.0
 10
74.5
 20
375.0
 10
75.0
 20
375.0
 10
75.5
 20
375.5
 10
76.0
 20
375.5
 10
76.5
 20
375.5
 10
77.0
 20
375.5
 10
77.5
 20
376.0
 10
78.0
 20
376.0
 10
78.5
 20
376.0
 10
79.0
 20
376.0
 10
79.5
 20
376.0
 10
80.0
 20
376.5
 10
80.5
 20
376.5
 10
81.0
 20
376.5
 10
81.5
 20
376.5
 10
82.0
 20
376.5
 10
82.5
 20
376.5
 10
83.0
 20
376.0
 10
83.5
 20
376.0
 10
84.0
 20
376.0
 10
84.5
 20
376.0
 10
85.0
 20
376.0
 10
85.5
 20
376.0
 10
86.0
 20
376.5
 10
86.5
 20
376.5
 10
87.0
 20
376.5
 10
87.5
 20
376.5
 10
88.0
 20
376.5
 10
88.5
 20
376.5
 10
89.0
 20
376.5
 10
89.5
 20
376.5
 10
90.0
 20
376.5
 10
90.5
 20
376.5
 10
91.0
 20
376.5
 10
91.5
 20
376.5
 10
92.0
 20
376.5
 10
92.5
 20
376.5
 10
93.0
 20
376.5
 10
93.5
 20
376.5
 10
93.5
 20
377.0
 10
93.5
 20
377.5
 10
93.5
 20
378.0
 10
93.5
 20
378.5
 10
93.0
 20
378.5
 10
92.5
 20
378.5
 10
92.0
 20
379.0
 10
92.0
 20
379.5
 10
92.0
 20
380.0
 10
92.0
 20
380.5
 10
92.0
 20
381.0
 10
91.5
 20
381.0
 10
91.0
 20
381.5
 10
91.0
 20
382.0
 10
91.0
 20
382.5
 10
91.0
 20
383.0
 10
91.0
 20
383.5
 10
90.5
 20
384.0
 10
90.5
 20
384.5
 10
90.5
 20
385.0
 10
90.0
 20
385.0
 10
89.5
 20
385.5
 10
89.5
 20
386.0
 10
89.0
 20
386.0
 10
88.5
 20
386.5
 10
88.0
 20
386.5
 10
87.5
 20
386.5
 10
87.0
 20
386.5
 10
86.5
 20
386.5
 10
86.0
 20
386.5
 10
85.5
 20
386.5
 10
85.0
 20
387.0
 10
84.5
 20
387.0
 10
84.0
 20
387.0
 10
83.5
 20
387.0
 10
83.0
 20
387.0
 10
82.5
 20
387.0
 10
82.0
 20
387.0
 10
81.5
 20
387.5
 10
81.0
 20
388.0
 10
80.5
 20
388.5
 10
80.0
 20
388.5
 10
79.5
 20
388.5
 10
79.0
 20
389.0
 10
78.5
 20
389.0
 10
78.0
 20
389.0
 10
77.5
 20
389.0
 10
77.0
 20
389.5
 10
76.5
 20
390.0
 10
76.5
 20
390.5
 10
76.5
 20
391.0
 10
76.0
 20
391.0
 10
75.5
 20
391.0
 10
75.0
 20
391.0
 10
74.5
 20
391.0
  0
LWPOLYLINE
  5
AF
330
17
100
AcDbEntity
  8
CURB
370
25
100
AcDbPolyline
 90
115
 70
0
 10
522.0
 20
392.5
 10
521.5
 20
392.0
 10
521.0
 20
391.5
 10
520.5
 20
391.5
 10
520.0
 20
391.5
 10
519.5
 20
391.0
 10
519.0
 20
390.5
 10
519.0
 20
390.0
 10
519.0
 20
389.5
 10
518.5
 20
389.0
 10
518.0
 20
389.0
 10
518.0
 20
388.5
 10
517.5
 20
388.0
 10
517.0
 20
387.5
 10
516.5
 20
387.5
 10
516.0
 20
387.5
 10
515.5
 20
387.0
 10
515.0
 20
387.0
 10
514.5
 20
386.5
 10
514.0
 20
386.5
 10
513.5
 20
386.5
 10
513.0
 20
386.5
 10
512.5
 20
386.5
 10
512.0
 20
386.0
 10
511.5
 20
386.0
 10
511.0
 20
386.0
 10
510.5
 20
386.0
 10
510.0
 20
385.5
 10
509.5
 20
385.5
 10
509.0
 20
385.5
 10
508.5
 20
385.5
 10
508.0
 20
385.5
 10
507.5
 20
385.5
 10
507.0
 20
385.5
 10
506.5
 20
385.5
 10
506.0
 20
385.5
 10
505.5
 20
385.5
 10
505.0
 20
385.5
 10
505.0
 20
385.0
 10
505.0
 20
384.5
 10
505.0
 20
384.0
 10
505.0
 20
383.5
 10
505.0
 20
383.0
 10
505.5
 20
383.0
 10
506.0
 20
383.0
 10
506.5
 20
383.0
 10
507.0
 20
383.0
 10
507.5
 20
383.0
 10
508.0
 20
382.5
 10
508.5
 20
382.0
 10
508.5
 20
381.5
 10
509.0
 20
381.0
 10
509.5
 20
381.0
 10
510.0
 20
381.0
 10
510.5
 20
381.0
 10
511.0
 20
380.5
 10
511.5
 20
380.5
 10
512.0
 20
380.5
 10
512.5
 20
380.5
 10
513.0
 20
380.0
 10
513.0
 20
379.5
 10
513.0
 20
379.0
 10
513.5
 20
379.0
 10
514.0
 20
379.0
 10
514.5
 20
379.0
 10
515.0
 20
379.0
 10
515.5
 20
379.5
 10
516.0
 20
379.5
 10
516.5
 20
379.5
 10
517.0
 20
379.5
 10
517.5
 20
379.5
 10
518.0
 20
379.5
 10
518.5
 20
379.5
 10
519.0
 20
379.5
 10
519.5
 20
380.0
 10
520.0
 20
380.0
 10
520.0
 20
380.5
 10
520.0
 20
381.0
 10
520.5
 20
381.5
 10
521.0
 20
381.5
 10
521.5
 20
381.5
 10
522.0
 20
381.5
 10
522.5
 20
382.0
 10
523.0
 20
382.0
 10
523.5
 20
382.0
 10
524.0
 20
382.5
 10
524.0
 20
383.0
 10
524.5
 20
383.5
 10
524.5
 20
384.0
 10
525.0
 20
384.5
 10
525.5
 20
384.5
 10
526.0
 20
385.0
 10
526.5
 20
385.5
 10
526.5
 20
386.0
 10
526.5
 20
386.5
 10
527.0
 20
387.0
 10
527.0
 20
387.5
 10
527.0
 20
388.0
 10
527.0
 20
388.5
 10
527.0
 20
389.0
 10
527.0
 20
389.5
 10
527.0
 20
390.0
 10
527.0
 20
390.5
 10
527.0
 20
391.0
 10
527.0
 20
391.5
 10
526.5
 20
391.5
 10
526.0
 20
391.5
 10
525.5
 20
391.5
 10
525.0
 20
391.5
 10
524.5
 20
391.5
 10
524.0
 20
392.0
 10
524.0
 20
392.5
 10
523.5
 20
392.5
 10
523.0
 20
392.5
 10
522.5
 20
392.5
  0
LWPOLYLINE
  5
B0
330
17
100
AcDbEntity
  8
CURB
370
25
100
AcDbPolyline
 90
135
 70
0
 10
385.0
 20
395.0
 10
385.0
 20
394.5
 10
384.5
 20
394.0
 10
384.0
 20
394.0
 10
383.5
 20
394.0
 10
383.0
 20
394.0
 10
382.5
 20
394.0
 10
382.0
 20
394.0
 10
381.5
 20
394.0
 10
381.0
 20
394.0
 10
380.5
 20
394.0
 10
380.0
 20
394.0
 10
379.5
 20
394.0
 10
379.0
 20
394.0
 10
378.5
 20
394.0
 10
378.0
 20
394.0
 10
377.5
 20
394.0
 10
377.0
 20
394.0
 10
376.5
 20
394.0
 10
376.0
 20
394.0
 10
375.5
 20
394.0
 10
375.0
 20
394.0
 10
374.5
 20
394.0
 10
374.0
 20
394.0
 10
373.5
 20
394.5
 10
373.0
 20
394.5
 10
372.5
 20
394.5
 10
372.0
 20
394.5
 10
371.5
 20
394.5
 10
371.5
 20
394.0
 10
371.5
 20
393.5
 10
371.5
 20
393.0
 10
371.5
 20
392.5
 10
371.0
 20
392.0
 10
370.5
 20
392.0
 10
370.0
 20
392.0
 10
369.5
 20
392.0
 10
369.5
 20
391.5
 10
369.5
 20
391.0
 10
369.5
 20
390.5
 10
369.5
 20
390.0
 10
369.5
 20
389.5
 10
370.0
 20
389.0
 10
370.0
 20
388.5
 10
370.5
 20
388.0
 10
370.5
 20
387.5
 10
370.5
 20
387.0
 10
370.5
 20
386.5
 10
370.5
 20
386.0
 10
370.5
 20
385.5
 10
370.5
 20
385.0
 10
370.5
 20
384.5
 10
370.5
 20
384.0
 10
370.5
 20
383.5
 10
370.5
 20
383.0
 10
370.5
 20
382.5
 10
370.5
 20
382.0
 10
370.5
 20
381.5
 10
370.5
 20
381.0
 10
371.0
 20
380.5
 10
371.5
 20
380.0
 10
372.0
 20
380.0
 10
372.5
 20
379.5
 10
372.5
 20
379.0
 10
373.0
 20
379.0
 10
373.5
 20
379.0
 10
374.0
 20
379.0
 10
374.5
 20
379.0
 10
375.0
 20
379.0
 10
375.5
 20
379.0
 10
376.0
 20
379.0
 10
376.5
 20
379.0
 10
377.0
 20
379.0
 10
377.5
 20
379.0
 10
378.0
 20
379.0
 10
378.5
 20
379.0
 10
379.0
 20
379.0
 10
379.5
 20
379.0
 10
380.0
 20
379.0
 10
380.5
 20
379.0
 10
381.0
 20
379.0
 10
381.5
 20
379.0
 10
382.0
 20
379.5
 10
382.0
 20
380.0
 10
382.5
 20
380.5
 10
383.0
 20
380.5
 10
383.5
 20
380.5
 10
384.0
 20
380.5
 10
384.5
 20
380.5
 10
385.0
 20
380.5
 10
385.5
 20
380.5
 10
386.0
 20
380.0
 10
386.5
 20
380.0
 10
387.0
 20
380.0
 10
387.5
 20
380.0
 10
388.0
 20
380.0
 10
388.5
 20
380.0
 10
389.0
 20
380.5
 10
389.5
 20
380.5
 10
389.5
 20
381.0
 10
389.5
 20
381.5
 10
389.5
 20
382.0
 10
389.5
 20
382.5
 10
389.5
 20
383.0
 10
389.5
 20
383.5
 10
389.5
 20
384.0
 10
389.5
 20
384.5
 10
389.5
 20
385.0
 10
389.5
 20
385.5
 10
389.5
 20
386.0
 10
389.5
 20
386.5
 10
389.5
 20
387.0
 10
389.5
 20
387.5
 10
390.0
 20
388.0
 10
390.0
 20
388.5
 10
390.0
 20
389.0
 10
390.5
 20
389.5
 10
390.5
 20
390.0
 10
390.5
 20
390.5
 10
390.5
 20
391.0
 10
390.5
 20
391.5
 10
390.5
 20
392.0
 10
390.0
 20
392.5
 10
390.0
 20
393.0
 10
390.0
 20
393.5
 10
390.0
 20
394.0
 10
389.5
 20
394.0
 10
389.0
 20
394.0
 10
388.5
 20
394.5
 10
388.0
 20
394.5
 10
387.5
 20
394.5
 10
387.0
 20
395.0
 10
386.5
 20
395.0
 10
386.0
 20
395.0
 10
385.5
 20
395.0
  0
LWPOLYLINE
  5
B1
330
17
100
AcDbEntity
  8
CURB
370
25
100
AcDbPolyline
 90
131
 70
0
 10
46.5
 20
396.0
 10
46.0
 20
395.5
 10
45.5
 20
395.5
 10
45.0
 20
395.5
 10
44.5
 20
395.5
 10
44.0
 20
395.5
 10
43.5
 20
395.5
 10
43.0
 20
395.5
 10
43.0
 20
395.0
 10
43.0
 20
394.5
 10
43.0
 20
394.0
 10
43.0
 20
393.5
 10
43.0
 20
393.0
 10
43.0
 20
392.5
 10
43.0
 20
392.0
 10
43.0
 20
391.5
 10
43.0
 20
391.0
 10
42.5
 20
390.5
 10
42.5
 20
390.0
 10
42.5
 20
389.5
 10
42.5
 20
389.0
 10
42.5
 20
388.5
 10
42.5
 20
388.0
 10
42.5
 20
387.5
 10
42.5
 20
387.0
 10
42.5
 20
386.5
 10
42.5
 20
386.0
 10
42.5
 20
385.5
 10
43.0
 20
385.0
 10
43.0
 20
384.5
 10
43.0
 20
384.0
 10
43.0
 20
383.5
 10
43.0
 20
383.0
 10
43.0
 20
382.5
 10
43.0
 20
382.0
 10
43.0
 20
381.5
 10
43.0
 20
381.0
 10
43.0
 20
380.5
 10
43.0
 20
380.0
 10
43.0
 20
379.5
 10
43.0
 20
379.0
 10
43.0
 20
378.5
 10
43.0
 20
378.0
 10
43.0
 20
377.5
 10
43.0
 20
377.0
 10
43.0
 20
376.5
 10
43.0
 20
376.0
 10
43.0
 20
375.5
 10
43.0
 20
375.0
 10
43.0
 20
374.5
 10
43.0
 20
374.0
 10
43.0
 20
373.5
 10
43.5
 20
373.5
 10
44.0
 20
373.5
 10
44.5
 20
373.5
 10
45.0
 20
373.5
 10
45.5
 20
373.5
 10
46.0
 20
373.5
 10
46.5
 20
373.5
 10
47.0
 20
373.5
 10
47.5
 20
373.5
 10
48.0
 20
373.5
 10
48.0
 20
374.0
 10
48.5
 20
374.5
 10
49.0
 20
374.5
 10
49.5
 20
374.5
 10
50.0
 20
374.5
 10
50.5
 20
374.5
 10
51.0
 20
374.5
 10
51.5
 20
374.5
 10
52.0
 20
374.5
 10
52.5
 20
374.5
 10
53.0
 20
374.5
 10
53.5
 20
374.5
 10
54.0
 20
374.5
 10
54.5
 20
375.0
 10
54.5
 20
375.5
 10
55.0
 20
376.0
 10
55.5
 20
376.0
 10
55.5
 20
376.5
 10
55.5
 20
377.0
 10
55.5
 20
377.5
 10
55.5
 20
378.0
 10
55.5
 20
378.5
 10
55.5
 20
379.0
 10
55.5
 20
379.5
 10
55.5
 20
380.0
 10
55.5
 20
380.5
 10
55.5
 20
381.0
 10
55.5
 20
381.5
 10
55.5
 20
382.0
 10
55.5
 20
382.5
 10
55.5
 20
383.0
 10
55.5
 20
383.5
 10
55.5
 20
384.0
 10
55.5
 20
384.5
 10
55.5
 20
385.0
 10
55.5
 20
385.5
 10
55.5
 20
386.0
 10
55.0
 20
386.5
 10
55.0
 20
387.0
 10
55.0
 20
387.5
 10
55.0
 20
388.0
 10
55.0
 20
388.5
 10
55.0
 20
389.0
 10
55.0
 20
389.5
 10
55.0
 20
390.0
 10
55.0
 20
390.5
 10
55.0
 20
391.0
 10
55.0
 20
391.5
 10
55.0
 20
392.0
 10
55.0
 20
392.5
 10
55.0
 20
393.0
 10
55.0
 20
393.5
 10
54.5
 20
393.5
 10
54.0
 20
394.0
 10
54.0
 20
394.5
 10
53.5
 20
395.0
 10
53.0
 20
395.5
 10
52.5
 20
395.5
 10
52.0
 20
395.5
 10
51.5
 20
395.5
 10
51.0
 20
395.5
 10
50.5
 20
395.5
 10
50.0
 20
395.5
 10
49.5
 20
395.5
 10
49.0
 20
395.5
 10
48.5
 20
396.0
 10
48.0
 20
396.0
 10
47.5
 20
396.0
 10
47.0
 20
396.0
  0
LWPOLYLINE
  5
B2
330
17
100
AcDbEntity
  8
CURB
370
25
100
AcDbPolyline
 90
111
 70
0
 10
780.5
 20
397.5
 10
780.5
 20
397.0
 10
780.5
 20
396.5
 10
780.5
 20
396.0
 10
780.5
 20
395.5
 10
780.5
 20
395.0
 10
780.5
 20
394.5
 10
780.0
 20
394.0
 10
780.0
 20
393.5
 10
780.0
 20
393.0
 10
780.0
 20
392.5
 10
780.0
 20
392.0
 10
780.0
 20
391.5
 10
780.0
 20
391.0
 10
780.0
 20
390.5
 10
780.0
 20
390.0
 10
780.0
 20
389.5
 10
780.0
 20
389.0
 10
780.0
 20
388.5
 10
780.0
 20
388.0
 10
780.0
 20
387.5
 10
780.0
 20
387.0
 10
780.0
 20
386.5
 10
780.5
 20
386.0
 10
781.0
 20
385.5
 10
781.0
 20
385.0
 10
781.0
 20
384.5
 10
781.0
 20
384.0
 10
781.0
 20
383.5
 10
781.0
 20
383.0
 10
781.0
 20
382.5
 10
781.0
 20
382.0
 10
781.0
 20
381.5
 10
781.0
 20
381.0
 10
781.0
 20
380.5
 10
781.5
 20
380.5
 10
782.0
 20
380.0
 10
782.0
 20
379.5
 10
782.5
 20
379.5
 10
783.0
 20
379.5
 10
783.5
 20
379.5
 10
784.0
 20
379.5
 10
784.5
 20
379.5
 10
785.0
 20
379.5
 10
785.5
 20
379.5
 10
786.0
 20
379.5
 10
786.0
 20
380.0
 10
786.5
 20
380.5
 10
787.0
 20
380.5
 10
787.0
 20
381.0
 10
787.0
 20
381.5
 10
787.0
 20
382.0
 10
787.0
 20
382.5
 10
787.0
 20
383.0
 10
787.0
 20
383.5
 10
787.5
 20
384.0
 10
788.0
 20
384.5
 10
788.5
 20
385.0
 10
789.0
 20
385.5
 10
789.5
 20
385.5
 10
790.0
 20
386.0
 10
790.5
 20
386.0
 10
791.0
 20
386.5
 10
791.5
 20
386.5
 10
792.0
 20
387.0
 10
792.5
 20
387.0
 10
793.0
 20
387.5
 10
793.5
 20
387.5
 10
794.0
 20
387.5
 10
794.5
 20
387.5
 10
794.5
 20
388.0
 10
794.5
 20
388.5
 10
794.5
 20
389.0
 10
794.5
 20
389.5
 10
794.0
 20
389.5
 10
793.5
 20
389.5
 10
793.0
 20
389.5
 10
792.5
 20
389.5
 10
792.0
 20
390.0
 10
792.0
 20
390.5
 10
792.0
 20
391.0
 10
792.0
 20
391.5
 10
792.0
 20
392.0
 10
791.5
 20
392.0
 10
791.0
 20
392.0
 10
790.5
 20
392.0
 10
790.0
 20
392.0
 10
789.5
 20
392.0
 10
789.0
 20
392.0
 10
788.5
 20
392.0
 10
788.0
 20
392.5
 10
787.5
 20
393.0
 10
787.0
 20
393.5
 10
787.0
 20
394.0
 10
786.5
 20
394.5
 10
786.5
 20
395.0
 10
786.5
 20
395.5
 10
786.5
 20
396.0
 10
786.5
 20
396.5
 10
786.0
 20
397.0
 10
786.0
 20
397.5
 10
785.5
 20
397.5
 10
785.0
 20
397.5
 10
784.5
 20
397.5
 10
784.0
 20
397.5
 10
783.5
 20
397.5
 10
783.0
 20
397.5
 10
782.5
 20
397.5
 10
782.0
 20
397.5
 10
781.5
 20
397.5
 10
781.0
 20
397.5
  0
LWPOLYLINE
  5
B3
330
17
100
AcDbEntity
  8
CURB
370
25
100
AcDbPolyline
 90
212
 70
0
 10
176.5
 20
406.0
 10
176.5
 20
405.5
 10
176.5
 20
405.0
 10
176.5
 20
404.5
 10
176.5
 20
404.0
 10
176.5
 20
403.5
 10
176.5
 20
403.0
 10
176.5
 20
402.5
 10
176.5
 20
402.0
 10
176.5
 20
401.5
 10
176.0
 20
401.0
 10
175.5
 20
401.0
 10
175.0
 20
401.0
 10
174.5
 20
401.0
 10
174.0
 20
401.0
 10
173.5
 20
401.0
 10
173.0
 20
401.0
 10
172.5
 20
401.5
 10
172.5
 20
402.0
 10
172.5
 20
402.5
 10
172.5
 20
403.0
 10
172.5
 20
403.5
 10
172.5
 20
404.0
 10
172.5
 20
404.5
 10
172.5
 20
405.0
 10
172.0
 20
405.0
 10
171.5
 20
405.0
 10
171.0
 20
405.0
 10
170.5
 20
405.0
 10
170.0
 20
405.0
 10
169.5
 20
405.0
 10
169.5
 20
404.5
 10
169.5
 20
404.0
 10
169.5
 20
403.5
 10
169.5
 20
403.0
 10
169.5
 20
402.5
 10
169.5
 20
402.0
 10
169.5
 20
401.5
 10
169.0
 20
401.0
 10
168.5
 20
400.5
 10
168.5
 20
400.0
 10
168.5
 20
399.5
 10
168.5
 20
399.0
 10
168.5
 20
398.5
 10
169.0
 20
398.0
 10
169.0
 20
397.5
 10
169.0
 20
397.0
 10
169.0
 20
396.5
 10
169.0
 20
396.0
 10
169.5
 20
395.5
 10
170.0
 20
395.0
 10
170.0
 20
394.5
 10
170.0
 20
394.0
 10
170.0
 20
393.5
 10
170.0
 20
393.0
 10
169.5
 20
392.5
 10
169.0
 20
392.0
 10
169.0
 20
391.5
 10
168.5
 20
391.0
 10
168.5
 20
390.5
 10
168.5
 20
390.0
 10
168.5
 20
389.5
 10
168.5
 20
389.0
 10
168.0
 20
388.5
 10
168.0
 20
388.0
 10
168.0
 20
387.5
 10
168.0
 20
387.0
 10
168.0
 20
386.5
 10
168.0
 20
386.0
 10
168.0
 20
385.5
 10
168.0
 20
385.0
 10
168.0
 20
384.5
 10
168.0
 20
384.0
 10
168.0
 20
383.5
 10
168.0
 20
383.0
 10
168.0
 20
382.5
 10
168.0
 20
382.0
 10
168.0
 20
381.5
 10
168.0
 20
381.0
 10
168.0
 20
380.5
 10
168.0
 20
380.0
 10
168.0
 20
379.5
 10
168.0
 20
379.0
 10
168.0
 20
378.5
 10
168.0
 20
378.0
 10
168.0
 20
377.5
 10
168.0
 20
377.0
 10
168.0
 20
376.5
 10
168.0
 20
376.0
 10
168.0
 20
375.5
 10
168.0
 20
375.0
 10
168.0
 20
374.5
 10
168.5
 20
374.5
 10
169.0
 20
374.0
 10
169.0
 20
373.5
 10
169.0
 20
373.0
 10
169.5
 20
373.0
 10
170.0
 20
372.5
 10
170.5
 20
372.5
 10
171.0
 20
372.5
 10
171.5
 20
372.5
 10
172.0
 20
372.5
 10
172.0
 20
373.0
 10
172.5
 20
373.5
 10
173.0
 20
373.5
 10
173.5
 20
374.0
 10
174.0
 20
374.0
 10
174.5
 20
374.0
 10
175.0
 20
374.0
 10
175.5
 20
374.0
 10
176.0
 20
374.0
 10
176.5
 20
374.0
 10
177.0
 20
374.0
 10
177.5
 20
374.0
 10
178.0
 20
374.0
 10
178.5
 20
374.5
 10
179.0
 20
374.5
 10
179.5
 20
374.5
 10
180.0
 20
374.5
 10
180.0
 20
375.0
 10
180.0
 20
375.5
 10
180.5
 20
376.0
 10
180.5
 20
376.5
 10
180.5
 20
377.0
 10
180.5
 20
377.5
 10
180.5
 20
378.0
 10
180.5
 20
378.5
 10
180.5
 20
379.0
 10
180.5
 20
379.5
 10
180.5
 20
380.0
 10
180.5
 20
380.5
 10
180.5
 20
381.0
 10
180.5
 20
381.5
 10
180.5
 20
382.0
 10
180.5
 20
382.5
 10
180.5
 20
383.0
 10
180.5
 20
383.5
 10
180.5
 20
384.0
 10
180.5
 20
384.5
 10
180.5
 20
385.0
 10
180.5
 20
385.5
 10
180.5
 20
386.0
 10
180.5
 20
386.5
 10
180.5
 20
387.0
 10
180.5
 20
387.5
 10
180.5
 20
388.0
 10
180.5
 20
388.5
 10
180.5
 20
389.0
 10
181.0
 20
389.5
 10
181.0
 20
390.0
 10
181.0
 20
390.5
 10
181.0
 20
391.0
 10
181.0
 20
391.5
 10
181.0
 20
392.0
 10
181.0
 20
392.5
 10
181.0
 20
393.0
 10
180.5
 20
393.5
 10
180.5
 20
394.0
 10
180.0
 20
394.5
 10
180.0
 20
395.0
 10
180.0
 20
395.5
 10
180.0
 20
396.0
 10
179.5
 20
396.0
 10
179.0
 20
396.0
 10
178.5
 20
396.0
 10
178.0
 20
396.0
 10
177.5
 20
396.0
 10
177.0
 20
396.0
 10
176.5
 20
396.0
 10
176.0
 20
396.0
 10
175.5
 20
396.0
 10
175.0
 20
396.0
 10
174.5
 20
396.0
 10
174.0
 20
396.0
 10
173.5
 20
396.0
 10
173.0
 20
396.5
 10
173.0
 20
397.0
 10
173.0
 20
397.5
 10
173.0
 20
398.0
 10
173.0
 20
398.5
 10
173.5
 20
399.0
 10
174.0
 20
399.0
 10
174.5
 20
399.0
 10
175.0
 20
399.0
 10
175.5
 20
399.0
 10
176.0
 20
399.0
 10
176.5
 20
399.0
 10
177.0
 20
399.0
 10
177.5
 20
399.0
 10
178.0
 20
399.0
 10
178.5
 20
399.0
 10
179.0
 20
399.0
 10
179.0
 20
399.5
 10
179.0
 20
400.0
 10
179.5
 20
400.5
 10
180.0
 20
400.5
 10
180.0
 20
401.0
 10
180.0
 20
401.5
 10
180.0
 20
402.0
 10
180.0
 20
402.5
 10
180.0
 20
403.0
 10
180.0
 20
403.5
 10
179.5
 20
403.5
 10
179.0
 20
404.0
 10
179.0
 20
404.5
 10
179.0
 20
405.0
 10
179.0
 20
405.5
 10
179.0
 20
406.0
 10
178.5
 20
406.0
 10
178.0
 20
406.0
 10
177.5
 20
406.0
 10
177.0
 20
406.0
  0
LWPOLYLINE
  5
B4
330
17
100
AcDbEntity
  8
CURB
370
25
100
AcDbPolyline
 90
144
 70
0
 10
932.0
 20
420.0
 10
931.5
 20
419.5
 10
931.0
 20
419.0
 10
930.5
 20
418.5
 10
930.5
 20
418.0
 10
930.0
 20
417.5
 10
930.0
 20
417.0
 10
930.0
 20
416.5
 10
930.0
 20
416.0
 10
930.0
 20
415.5
 10
930.0
 20
415.0
 10
930.0
 20
414.5
 10
930.0
 20
414.0
 10
930.5
 20
413.5
 10
931.0
 20
413.0
 10
931.5
 20
413.0
 10
932.0
 20
412.5
 10
932.0
 20
412.0
 10
932.5
 20
411.5
 10
932.5
 20
411.0
 10
933.0
 20
410.5
 10
933.0
 20
410.0
 10
933.0
 20
409.5
 10
933.0
 20
409.0
 10
933.0
 20
408.5
 10
933.0
 20
408.0
 10
933.5
 20
407.5
 10
933.5
 20
407.0
 10
933.5
 20
406.5
 10
934.0
 20
406.0
 10
934.0
 20
405.5
 10
934.0
 20
405.0
 10
934.0
 20
404.5
 10
934.0
 20
404.0
 10
934.0
 20
403.5
 10
934.0
 20
403.0
 10
934.0
 20
402.5
 10
934.0
 20
402.0
 10
934.0
 20
401.5
 10
934.0
 20
401.0
 10
934.0
 20
400.5
 10
934.0
 20
400.0
 10
934.0
 20
399.5
 10
934.0
 20
399.0
 10
934.0
 20
398.5
 10
934.0
 20
398.0
 10
934.0
 20
397.5
 10
934.0
 20
397.0
 10
934.5
 20
397.0
 10
935.0
 20
397.0
 10
935.5
 20
397.0
 10
936.0
 20
396.5
 10
936.5
 20
396.5
 10
937.0
 20
396.5
 10
937.5
 20
396.5
 10
938.0
 20
396.5
 10
938.5
 20
396.5
 10
939.0
 20
396.5
 10
939.5
 20
397.0
 10
940.0
 20
397.5
 10
940.5
 20
397.5
 10
941.0
 20
397.5
 10
941.5
 20
397.5
 10
942.0
 20
398.0
 10
942.0
 20
398.5
 10
942.0
 20
399.0
 10
942.0
 20
399.5
 10
942.0
 20
400.0
 10
942.0
 20
400.5
 10
942.5
 20
401.0
 10
943.0
 20
401.0
 10
943.5
 20
401.0
 10
944.0
 20
401.0
 10
944.5
 20
401.0
 10
945.0
 20
401.0
 10
945.5
 20
401.5
 10
946.0
 20
401.5
 10
946.0
 20
402.0
 10
946.5
 20
402.5
 10
946.5
 20
403.0
 10
947.0
 20
403.5
 10
947.0
 20
404.0
 10
947.0
 20
404.5
 10
947.0
 20
405.0
 10
947.0
 20
405.5
 10
947.0
 20
406.0
 10
947.0
 20
406.5
 10
947.5
 20
407.0
 10
947.5
 20
407.5
 10
947.5
 20
408.0
 10
947.5
 20
408.5
 10
947.5
 20
409.0
 10
947.5
 20
409.5
 10
947.5
 20
410.0
 10
947.0
 20
410.5
 10
947.0
 20
411.0
 10
946.5
 20
411.5
 10
946.0
 20
412.0
 10
946.0
 20
412.5
 10
945.5
 20
412.5
 10
945.0
 20
412.5
 10
944.5
 20
412.5
 10
944.0
 20
412.5
 10
943.5
 20
412.0
 10
943.0
 20
411.5
 10
942.5
 20
411.0
 10
942.5
 20
410.5
 10
942.0
 20
410.0
 10
941.5
 20
410.0
 10
941.0
 20
410.0
 10
940.5
 20
410.0
 10
940.0
 20
410.0
 10
939.5
 20
410.0
 10
939.0
 20
410.0
 10
938.5
 20
410.0
 10
938.0
 20
410.0
 10
937.5
 20
410.5
 10
937.5
 20
411.0
 10
937.5
 20
411.5
 10
937.5
 20
412.0
 10
937.5
 20
412.5
 10
937.5
 20
413.0
 10
937.5
 20
413.5
 10
937.5
 20
414.0
 10
937.5
 20
414.5
 10
937.5
 20
415.0
 10
937.5
 20
415.5
 10
937.5
 20
416.0
 10
937.5
 20
416.5
 10
937.5
 20
417.0
 10
937.0
 20
417.0
 10
936.5
 20
417.5
 10
936.0
 20
417.5
 10
935.5
 20
418.0
 10
935.5
 20
418.5
 10
935.5
 20
419.0
 10
935.5
 20
419.5
 10
935.5
 20
420.0
 10
935.0
 20
420.0
 10
934.5
 20
420.0
 10
934.0
 20
420.0
 10
933.5
 20
420.0
 10
933.0
 20
420.0
 10
932.5
 20
420.0
  0
LWPOLYLINE
  5
B5
330
17
100
AcDbEntity
  8
CURB
370
25
100
AcDbPolyline
 90
211
 70
0
 10
202.5
 20
423.5
 10
202.5
 20
423.0
 10
202.0
 20
422.5
 10
202.0
 20
422.0
 10
201.5
 20
421.5
 10
201.5
 20
421.0
 10
201.5
 20
420.5
 10
201.5
 20
420.0
 10
201.0
 20
419.5
 10
200.5
 20
419.0
 10
200.0
 20
419.0
 10
199.5
 20
419.0
 10
199.5
 20
418.5
 10
199.5
 20
418.0
 10
199.0
 20
417.5
 10
198.5
 20
417.0
 10
198.0
 20
417.0
 10
197.5
 20
417.0
 10
197.0
 20
416.5
 10
197.0
 20
416.0
 10
197.0
 20
415.5
 10
197.0
 20
415.0
 10
197.0
 20
414.5
 10
197.0
 20
414.0
 10
197.0
 20
413.5
 10
197.0
 20
413.0
 10
197.0
 20
412.5
 10
197.0
 20
412.0
 10
197.0
 20
411.5
 10
197.0
 20
411.0
 10
197.0
 20
410.5
 10
197.0
 20
410.0
 10
197.0
 20
409.5
 10
197.0
 20
409.0
 10
197.0
 20
408.5
 10
197.0
 20
408.0
 10
197.5
 20
408.0
 10
198.0
 20
408.0
 10
198.5
 20
407.5
 10
199.0
 20
407.0
 10
199.5
 20
407.0
 10
200.0
 20
406.5
 10
200.5
 20
406.0
 10
201.0
 20
405.5
 10
201.5
 20
405.0
 10
201.5
 20
404.5
 10
201.5
 20
404.0
 10
201.5
 20
403.5
 10
201.5
 20
403.0
 10
201.5
 20
402.5
 10
201.5
 20
402.0
 10
201.5
 20
401.5
 10
201.5
 20
401.0
 10
201.5
 20
400.5
 10
201.5
 20
400.0
 10
202.0
 20
399.5
 10
202.0
 20
399.0
 10
202.0
 20
398.5
 10
202.5
 20
398.5
 10
203.0
 20
398.5
 10
203.5
 20
398.5
 10
204.0
 20
398.5
 10
204.5
 20
398.0
 10
205.0
 20
397.5
 10
205.0
 20
397.0
 10
205.0
 20
396.5
 10
205.0
 20
396.0
 10
205.0
 20
395.5
 10
205.0
 20
395.0
 10
205.0
 20
394.5
 10
205.0
 20
394.0
 10
205.0
 20
393.5
 10
205.0
 20
393.0
 10
204.5
 20
392.5
 10
204.0
 20
392.5
 10
203.5
 20
392.5
 10
203.5
 20
392.0
 10
203.0
 20
391.5
 10
203.0
 20
391.0
 10
202.5
 20
390.5
 10
202.0
 20
390.5
 10
202.0
 20
390.0
 10
202.0
 20
389.5
 10
201.5
 20
389.0
 10
201.5
 20
388.5
 10
201.5
 20
388.0
 10
201.5
 20
387.5
 10
201.5
 20
387.0
 10
201.5
 20
386.5
 10
201.5
 20
386.0
 10
201.5
 20
385.5
 10
201.5
 20
385.0
 10
201.5
 20
384.5
 10
201.5
 20
384.0
 10
201.5
 20
383.5
 10
201.5
 20
383.0
 10
202.0
 20
382.5
 10
202.0
 20
382.0
 10
202.0
 20
381.5
 10
202.5
 20
381.0
 10
203.0
 20
380.5
 10
203.5
 20
380.5
 10
204.0
 20
380.5
 10
204.5
 20
380.5
 10
205.0
 20
380.5
 10
205.5
 20
380.5
 10
206.0
 20
380.5
 10
206.5
 20
381.0
 10
207.0
 20
381.0
 10
207.0
 20
381.5
 10
207.5
 20
382.0
 10
208.0
 20
382.0
 10
208.5
 20
382.0
 10
209.0
 20
382.0
 10
209.5
 20
382.0
 10
210.0
 20
382.0
 10
210.5
 20
382.0
 10
211.0
 20
382.0
 10
211.0
 20
382.5
 10
211.0
 20
383.0
 10
211.0
 20
383.5
 10
211.0
 20
384.0
 10
211.0
 20
384.5
 10
211.0
 20
385.0
 10
211.0
 20
385.5
 10
211.0
 20
386.0
 10
211.0
 20
386.5
 10
211.0
 20
387.0
 10
211.0
 20
387.5
 10
211.0
 20
388.0
 10
211.0
 20
388.5
 10
211.0
 20
389.0
 10
211.0
 20
389.5
 10
210.5
 20
390.0
 10
210.5
 20
390.5
 10
210.0
 20
391.0
 10
210.0
 20
391.5
 10
210.0
 20
392.0
 10
210.0
 20
392.5
 10
209.5
 20
393.0
 10
209.5
 20
393.5
 10
209.5
 20
394.0
 10
209.5
 20
394.5
 10
209.5
 20
395.0
 10
209.5
 20
395.5
 10
209.5
 20
396.0
 10
209.5
 20
396.5
 10
209.5
 20
397.0
 10
209.5
 20
397.5
 10
209.0
 20
397.5
 10
208.5
 20
397.5
 10
208.0
 20
398.0
 10
208.0
 20
398.5
 10
208.0
 20
399.0
 10
208.0
 20
399.5
 10
208.0
 20
400.0
 10
208.0
 20
400.5
 10
208.0
 20
401.0
 10
208.0
 20
401.5
 10
208.0
 20
402.0
 10
207.5
 20
402.0
 10
207.0
 20
402.5
 10
207.0
 20
403.0
 10
207.0
 20
403.5
 10
207.0
 20
404.0
 10
207.0
 20
404.5
 10
207.0
 20
405.0
 10
207.0
 20
405.5
 10
207.0
 20
406.0
 10
207.0
 20
406.5
 10
207.0
 20
407.0
 10
207.0
 20
407.5
 10
207.0
 20
408.0
 10
207.0
 20
408.5
 10
207.0
 20
409.0
 10
207.0
 20
409.5
 10
207.0
 20
410.0
 10
206.5
 20
410.5
 10
206.5
 20
411.0
 10
206.5
 20
411.5
 10
206.5
 20
412.0
 10
206.5
 20
412.5
 10
206.5
 20
413.0
 10
206.5
 20
413.5
 10
206.5
 20
414.0
 10
206.5
 20
414.5
 10
206.5
 20
415.0
 10
206.5
 20
415.5
 10
206.5
 20
416.0
 10
206.5
 20
416.5
 10
207.0
 20
417.0
 10
207.0
 20
417.5
 10
207.0
 20
418.0
 10
207.0
 20
418.5
 10
207.0
 20
419.0
 10
207.0
 20
419.5
 10
207.0
 20
420.0
 10
207.0
 20
420.5
 10
207.0
 20
421.0
 10
207.0
 20
421.5
 10
207.0
 20
422.0
 10
207.0
 20
422.5
 10
207.0
 20
423.0
 10
206.5
 20
423.0
 10
206.0
 20
423.0
 10
205.5
 20
423.0
 10
205.0
 20
423.0
 10
204.5
 20
423.5
 10
204.0
 20
423.5
 10
203.5
 20
423.5
 10
203.0
 20
423.5
  0
LWPOLYLINE
  5
B6
330
17
100
AcDbEntity
  8
CURB
370
25
100
AcDbPolyline
 90
110
 70
0
 10
12.0
 20
448.5
 10
12.0
 20
448.0
 10
12.0
 20
447.5
 10
12.0
 20
447.0
 10
12.0
 20
446.5
 10
12.0
 20
446.0
 10
12.0
 20
445.5
 10
12.5
 20
445.5
 10
13.0
 20
445.0
 10
13.0
 20
444.5
 10
13.5
 20
444.0
 10
14.0
 20
443.5
 10
14.0
 20
443.0
 10
14.5
 20
442.5
 10
14.5
 20
442.0
 10
14.5
 20
441.5
 10
14.5
 20
441.0
 10
14.5
 20
440.5
 10
14.5
 20
440.0
 10
14.5
 20
439.5
 10
14.0
 20
439.0
 10
14.0
 20
438.5
 10
14.0
 20
438.0
 10
13.5
 20
437.5
 10
13.5
 20
437.0
 10
13.0
 20
436.5
 10
12.5
 20
436.0
 10
12.0
 20
436.0
 10
11.5
 20
436.0
 10
11.0
 20
435.5
 10
11.0
 20
435.0
 10
11.0
 20
434.5
 10
11.0
 20
434.0
 10
11.0
 20
433.5
 10
10.5
 20
433.0
 10
10.5
 20
432.5
 10
10.5
 20
432.0
 10
10.5
 20
431.5
 10
10.5
 20
431.0
 10
11.0
 20
431.0
 10
11.5
 20
431.0
 10
12.0
 20
430.5
 10
12.5
 20
430.5
 10
13.0
 20
430.5
 10
13.5
 20
430.5
 10
14.0
 20
430.5
 10
14.5
 20
430.5
 10
15.0
 20
430.5
 10
15.5
 20
430.5
 10
16.0
 20
430.5
 10
16.5
 20
430.5
 10
17.0
 20
430.5
 10
17.5
 20
430.5
 10
18.0
 20
430.5
 10
18.5
 20
430.5
 10
19.0
 20
430.5
 10
19.5
 20
430.5
 10
20.0
 20
430.5
 10
20.5
 20
430.5
 10
20.5
 20
431.0
 10
20.5
 20
431.5
 10
20.5
 20
432.0
 10
20.5
 20
432.5
 10
20.5
 20
433.0
 10
20.5
 20
433.5
 10
21.0
 20
434.0
 10
21.0
 20
434.5
 10
21.0
 20
435.0
 10
21.0
 20
435.5
 10
21.0
 20
436.0
 10
21.0
 20
436.5
 10
21.0
 20
437.0
 10
20.5
 20
437.0
 10
20.0
 20
437.5
 10
20.0
 20
438.0
 10
20.0
 20
438.5
 10
20.0
 20
439.0
 10
20.0
 20
439.5
 10
20.0
 20
440.0
 10
20.0
 20
440.5
 10
20.0
 20
441.0
 10
20.0
 20
441.5
 10
20.0
 20
442.0
 10
20.0
 20
442.5
 10
20.0
 20
443.0
 10
20.0
 20
443.5
 10
20.0
 20
444.0
 10
20.0
 20
444.5
 10
20.0
 20
445.0
 10
20.0
 20
445.5
 10
20.0
 20
446.0
 10
20.0
 20
446.5
 10
20.0
 20
447.0
 10
20.0
 20
447.5
 10
20.0
 20
448.0
 10
19.5
 20
448.0
 10
19.0
 20
448.0
 10
18.5
 20
448.0
 10
18.0
 20
448.5
 10
17.5
 20
448.5
 10
17.0
 20
448.5
 10
16.5
 20
448.5
 10
16.0
 20
448.5
 10
15.5
 20
448.5
 10
15.0
 20
448.5
 10
14.5
 20
448.5
 10
14.0
 20
448.5
 10
13.5
 20
448.5
 10
13.0
 20
448.5
 10
12.5
 20
448.5
  0
LWPOLYLINE
  5
B7
330
17
100
AcDbEntity
  8
CURB
370
25
100
AcDbPolyline
 90
126
 70
0
 10
300.0
 20
467.0
 10
299.5
 20
466.5
 10
299.5
 20
466.0
 10
299.0
 20
465.5
 10
299.0
 20
465.0
 10
299.0
 20
464.5
 10
298.5
 20
464.0
 10
298.0
 20
464.0
 10
298.0
 20
463.5
 10
298.0
 20
463.0
 10
297.5
 20
462.5
 10
297.5
 20
462.0
 10
297.5
 20
461.5
 10
297.5
 20
461.0
 10
297.5
 20
460.5
 10
297.5
 20
460.0
 10
297.5
 20
459.5
 10
297.5
 20
459.0
 10
297.5
 20
458.5
 10
297.5
 20
458.0
 10
297.5
 20
457.5
 10
297.5
 20
457.0
 10
298.0
 20
456.5
 10
298.5
 20
456.0
 10
298.5
 20
455.5
 10
298.5
 20
455.0
 10
298.5
 20
454.5
 10
298.5
 20
454.0
 10
298.5
 20
453.5
 10
298.5
 20
453.0
 10
298.5
 20
452.5
 10
298.5
 20
452.0
 10
298.5
 20
451.5
 10
298.5
 20
451.0
 10
298.5
 20
450.5
 10
298.5
 20
450.0
 10
299.0
 20
449.5
 10
299.5
 20
449.0
 10
299.5
 20
448.5
 10
299.5
 20
448.0
 10
299.5
 20
447.5
 10
300.0
 20
447.0
 10
300.5
 20
446.5
 10
300.5
 20
446.0
 10
301.0
 20
445.5
 10
301.5
 20
445.0
 10
302.0
 20
445.0
 10
302.5
 20
445.0
 10
303.0
 20
445.0
 10
303.5
 20
445.0
 10
304.0
 20
445.0
 10
304.5
 20
445.0
 10
305.0
 20
445.0
 10
305.5
 20
445.0
 10
306.0
 20
445.0
 10
306.5
 20
445.0
 10
307.0
 20
445.0
 10
307.5
 20
445.5
 10
308.0
 20
445.5
 10
308.5
 20
445.5
 10
309.0
 20
446.0
 10
309.5
 20
446.0
 10
310.0
 20
446.0
 10
310.0
 20
446.5
 10
310.0
 20
447.0
 10
310.0
 20
447.5
 10
310.0
 20
448.0
 10
310.0
 20
448.5
 10
309.5
 20
449.0
 10
309.5
 20
449.5
 10
309.5
 20
450.0
 10
309.5
 20
450.5
 10
309.0
 20
450.5
 10
308.5
 20
450.5
 10
308.0
 20
451.0
 10
308.0
 20
451.5
 10
308.0
 20
452.0
 10
308.0
 20
452.5
 10
308.0
 20
453.0
 10
307.5
 20
453.0
 10
307.0
 20
453.5
 10
307.0
 20
454.0
 10
307.0
 20
454.5
 10
307.0
 20
455.0
 10
307.0
 20
455.5
 10
307.0
 20
456.0
 10
307.0
 20
456.5
 10
307.0
 20
457.0
 10
307.0
 20
457.5
 10
307.0
 20
458.0
 10
307.5
 20
458.5
 10
308.0
 20
458.5
 10
308.0
 20
459.0
 10
308.0
 20
459.5
 10
308.0
 20
460.0
 10
308.0
 20
460.5
 10
308.5
 20
461.0
 10
309.0
 20
461.0
 10
309.5
 20
461.5
 10
309.5
 20
462.0
 10
309.5
 20
462.5
 10
309.5
 20
463.0
 10
309.5
 20
463.5
 10
309.5
 20
464.0
 10
309.5
 20
464.5
 10
309.0
 20
464.5
 10
308.5
 20
464.5
 10
308.0
 20
464.5
 10
307.5
 20
464.5
 10
307.0
 20
465.0
 10
307.0
 20
465.5
 10
307.0
 20
466.0
 10
307.0
 20
466.5
 10
306.5
 20
466.5
 10
306.0
 20
466.5
 10
305.5
 20
467.0
 10
305.0
 20
467.0
 10
304.5
 20
467.0
 10
304.0
 20
467.0
 10
303.5
 20
467.0
 10
303.0
 20
467.0
 10
302.5
 20
467.0
 10
302.0
 20
467.0
 10
301.5
 20
467.0
 10
301.0
 20
467.0
 10
300.5
 20
467.0
  0
LWPOLYLINE
  5
B8
330
17
100
AcDbEntity
  8
CURB
370
25
100
AcDbPolyline
 90
218
 70
0
 10
169.0
 20
467.0
 10
168.5
 20
466.5
 10
168.0
 20
466.0
 10
167.5
 20
465.5
 10
167.5
 20
465.0
 10
167.5
 20
464.5
 10
167.5
 20
464.0
 10
167.5
 20
463.5
 10
167.5
 20
463.0
 10
167.5
 20
462.5
 10
167.5
 20
462.0
 10
167.5
 20
461.5
 10
167.5
 20
461.0
 10
167.5
 20
460.5
 10
167.5
 20
460.0
 10
167.5
 20
459.5
 10
167.5
 20
459.0
 10
167.5
 20
458.5
 10
167.5
 20
458.0
 10
167.5
 20
457.5
 10
167.5
 20
457.0
 10
167.5
 20
456.5
 10
167.5
 20
456.0
 10
167.0
 20
455.5
 10
166.5
 20
455.5
 10
166.0
 20
455.5
 10
165.5
 20
455.5
 10
165.0
 20
455.5
 10
164.5
 20
455.5
 10
164.5
 20
455.0
 10
164.5
 20
454.5
 10
164.5
 20
454.0
 10
164.5
 20
453.5
 10
164.5
 20
453.0
 10
164.5
 20
452.5
 10
164.5
 20
452.0
 10
164.5
 20
451.5
 10
164.5
 20
451.0
 10
164.5
 20
450.5
 10
165.0
 20
450.5
 10
165.5
 20
450.5
 10
166.0
 20
450.5
 10
166.5
 20
450.5
 10
167.0
 20
450.5
 10
167.5
 20
450.0
 10
167.5
 20
449.5
 10
167.5
 20
449.0
 10
168.0
 20
448.5
 10
168.5
 20
448.0
 10
169.0
 20
448.0
 10
169.5
 20
447.5
 10
169.5
 20
447.0
 10
170.0
 20
447.0
 10
170.5
 20
446.5
 10
171.0
 20
446.0
 10
171.5
 20
445.5
 10
172.0
 20
445.0
 10
172.0
 20
444.5
 10
172.0
 20
444.0
 10
172.0
 20
443.5
 10
172.0
 20
443.0
 10
171.5
 20
442.5
 10
171.0
 20
442.0
 10
170.5
 20
442.0
 10
170.5
 20
441.5
 10
170.0
 20
441.0
 10
170.0
 20
440.5
 10
170.0
 20
440.0
 10
170.0
 20
439.5
 10
170.0
 20
439.0
 10
170.0
 20
438.5
 10
170.0
 20
438.0
 10
170.5
 20
437.5
 10
170.5
 20
437.0
 10
171.0
 20
436.5
 10
171.0
 20
436.0
 10
171.5
 20
436.0
 10
172.0
 20
436.0
 10
172.5
 20
436.0
 10
173.0
 20
436.0
 10
173.0
 20
436.5
 10
173.0
 20
437.0
 10
173.0
 20
437.5
 10
173.0
 20
438.0
 10
173.5
 20
438.5
 10
173.5
 20
439.0
 10
174.0
 20
439.5
 10
174.5
 20
439.5
 10
175.0
 20
439.5
 10
175.5
 20
439.5
 10
176.0
 20
439.5
 10
176.5
 20
439.0
 10
176.5
 20
438.5
 10
176.5
 20
438.0
 10
176.5
 20
437.5
 10
176.5
 20
437.0
 10
176.5
 20
436.5
 10
176.0
 20
436.0
 10
175.5
 20
435.5
 10
175.0
 20
435.5
 10
174.5
 20
435.5
 10
174.0
 20
435.5
 10
174.0
 20
435.0
 10
174.0
 20
434.5
 10
174.0
 20
434.0
 10
174.0
 20
433.5
 10
174.0
 20
433.0
 10
174.0
 20
432.5
 10
174.5
 20
432.0
 10
174.5
 20
431.5
 10
175.0
 20
431.0
 10
175.0
 20
430.5
 10
175.5
 20
430.0
 10
176.0
 20
429.5
 10
176.5
 20
429.0
 10
176.5
 20
428.5
 10
177.0
 20
428.5
 10
177.5
 20
428.5
 10
178.0
 20
428.5
 10
178.5
 20
428.5
 10
179.0
 20
428.5
 10
179.5
 20
429.0
 10
180.0
 20
429.0
 10
180.0
 20
429.5
 10
180.0
 20
430.0
 10
180.0
 20
430.5
 10
180.0
 20
431.0
 10
180.0
 20
431.5
 10
180.0
 20
432.0
 10
180.0
 20
432.5
 10
180.0
 20
433.0
 10
180.0
 20
433.5
 10
180.0
 20
434.0
 10
180.0
 20
434.5
 10
179.5
 20
434.5
 10
179.0
 20
435.0
 10
179.0
 20
435.5
 10
179.0
 20
436.0
 10
179.0
 20
436.5
 10
179.0
 20
437.0
 10
179.0
 20
437.5
 10
179.0
 20
438.0
 10
179.0
 20
438.5
 10
179.0
 20
439.0
 10
179.0
 20
439.5
 10
179.0
 20
440.0
 10
179.0
 20
440.5
 10
179.0
 20
441.0
 10
179.0
 20
441.5
 10
179.0
 20
442.0
 10
179.5
 20
442.5
 10
179.5
 20
443.0
 10
179.5
 20
443.5
 10
179.5
 20
444.0
 10
179.5
 20
444.5
 10
179.5
 20
445.0
 10
179.5
 20
445.5
 10
180.0
 20
446.0
 10
180.0
 20
446.5
 10
180.0
 20
447.0
 10
180.0
 20
447.5
 10
180.0
 20
448.0
 10
180.0
 20
448.5
 10
180.0
 20
449.0
 10
180.0
 20
449.5
 10
180.0
 20
450.0
 10
180.0
 20
450.5
 10
180.0
 20
451.0
 10
180.0
 20
451.5
 10
180.0
 20
452.0
 10
180.0
 20
452.5
 10
180.0
 20
453.0
 10
180.0
 20
453.5
 10
180.0
 20
454.0
 10
179.5
 20
454.5
 10
179.5
 20
455.0
 10
179.5
 20
455.5
 10
179.5
 20
456.0
 10
179.5
 20
456.5
 10
179.0
 20
456.5
 10
178.5
 20
456.5
 10
178.0
 20
456.5
 10
177.5
 20
456.5
 10
177.0
 20
456.5
 10
176.5
 20
456.5
 10
176.0
 20
456.5
 10
175.5
 20
456.5
 10
175.0
 20
456.5
 10
174.5
 20
456.5
 10
174.0
 20
456.5
 10
173.5
 20
457.0
 10
173.5
 20
457.5
 10
173.5
 20
458.0
 10
173.5
 20
458.5
 10
173.5
 20
459.0
 10
173.5
 20
459.5
 10
173.5
 20
460.0
 10
173.5
 20
460.5
 10
173.5
 20
461.0
 10
173.5
 20
461.5
 10
173.5
 20
462.0
 10
173.5
 20
462.5
 10
173.5
 20
463.0
 10
173.5
 20
463.5
 10
173.5
 20
464.0
 10
173.5
 20
464.5
 10
173.5
 20
465.0
 10
173.5
 20
465.5
 10
173.5
 20
466.0
 10
173.0
 20
466.5
 10
173.0
 20
467.0
 10
172.5
 20
467.0
 10
172.0
 20
467.0
 10
171.5
 20
467.0
 10
171.0
 20
467.0
 10
170.5
 20
467.0
 10
170.0
 20
467.0
 10
169.5
 20
467.0
  0
LWPOLYLINE
  5
B9
330
17
100
AcDbEntity
  8
CURB
370
25
100
AcDbPolyline
 90
1606
 70
0
 10
584.0
 20
475.0
 10
584.0
 20
474.5
 10
584.0
 20
474.0
 10
584.0
 20
473.5
 10
583.5
 20
473.0
 10
583.0
 20
472.5
 10
583.0
 20
472.0
 10
583.0
 20
471.5
 10
583.0
 20
471.0
 10
583.0
 20
470.5
 10
583.0
 20
470.0
 10
583.0
 20
469.5
 10
582.5
 20
469.0
 10
582.0
 20
469.0
 10
582.0
 20
468.5
 10
582.0
 20
468.0
 10
581.5
 20
467.5
 10
581.5
 20
467.0
 10
581.5
 20
466.5
 10
581.5
 20
466.0
 10
581.0
 20
465.5
 10
581.0
 20
465.0
 10
581.0
 20
464.5
 10
581.0
 20
464.0
 10
580.5
 20
463.5
 10
580.5
 20
463.0
 10
580.0
 20
462.5
 10
579.5
 20
462.0
 10
579.0
 20
461.5
 10
578.5
 20
461.0
 10
578.5
 20
460.5
 10
578.5
 20
460.0
 10
578.5
 20
459.5
 10
578.5
 20
459.0
 10
578.0
 20
458.5
 10
577.5
 20
458.5
 10
577.0
 20
458.0
 10
576.5
 20
457.5
 10
576.0
 20
457.0
 10
576.0
 20
456.5
 10
576.0
 20
456.0
 10
576.0
 20
455.5
 10
576.0
 20
455.0
 10
576.0
 20
454.5
 10
576.0
 20
454.0
 10
576.0
 20
453.5
 10
575.5
 20
453.0
 10
575.5
 20
452.5
 10
575.5
 20
452.0
 10
575.0
 20
451.5
 10
574.5
 20
451.5
 10
574.5
 20
451.0
 10
574.5
 20
450.5
 10
574.5
 20
450.0
 10
574.5
 20
449.5
 10
574.5
 20
449.0
 10
574.5
 20
448.5
 10
574.5
 20
448.0
 10
574.5
 20
447.5
 10
574.5
 20
447.0
 10
574.5
 20
446.5
 10
574.5
 20
446.0
 10
574.5
 20
445.5
 10
574.5
 20
445.0
 10
575.0
 20
445.0
 10
575.5
 20
444.5
 10
576.0
 20
444.0
 10
576.0
 20
443.5
 10
576.0
 20
443.0
 10
576.0
 20
442.5
 10
576.0
 20
442.0
 10
576.0
 20
441.5
 10
576.0
 20
441.0
 10
576.5
 20
441.0
 10
577.0
 20
441.0
 10
577.5
 20
441.0
 10
578.0
 20
440.5
 10
578.0
 20
440.0
 10
578.0
 20
439.5
 10
578.0
 20
439.0
 10
578.0
 20
438.5
 10
578.0
 20
438.0
 10
578.0
 20
437.5
 10
578.0
 20
437.0
 10
578.0
 20
436.5
 10
578.0
 20
436.0
 10
578.0
 20
435.5
 10
578.0
 20
435.0
 10
578.0
 20
434.5
 10
578.0
 20
434.0
 10
578.0
 20
433.5
 10
578.5
 20
433.0
 10
578.5
 20
432.5
 10
578.5
 20
432.0
 10
578.5
 20
431.5
 10
578.5
 20
431.0
 10
578.5
 20
430.5
 10
579.0
 20
430.0
 10
579.0
 20
429.5
 10
579.0
 20
429.0
 10
579.5
 20
428.5
 10
580.0
 20
428.0
 10
580.5
 20
427.5
 10
581.0
 20
427.0
 10
581.0
 20
426.5
 10
581.0
 20
426.0
 10
581.0
 20
425.5
 10
581.0
 20
425.0
 10
581.0
 20
424.5
 10
581.0
 20
424.0
 10
580.5
 20
423.5
 10
580.0
 20
423.0
 10
580.0
 20
422.5
 10
580.0
 20
422.0
 10
579.5
 20
421.5
 10
579.0
 20
421.0
 10
578.5
 20
420.5
 10
578.5
 20
420.0
 10
578.5
 20
419.5
 10
578.0
 20
419.0
 10
577.5
 20
419.0
 10
577.0
 20
419.0
 10
576.5
 20
419.0
 10
576.0
 20
419.0
 10
576.0
 20
418.5
 10
576.0
 20
418.0
 10
575.5
 20
417.5
 10
575.0
 20
417.0
 10
574.5
 20
416.5
 10
574.5
 20
416.0
 10
574.5
 20
415.5
 10
574.5
 20
415.0
 10
574.5
 20
414.5
 10
574.5
 20
414.0
 10
574.5
 20
413.5
 10
574.0
 20
413.0
 10
573.5
 20
413.0
 10
573.0
 20
413.0
 10
572.5
 20
413.0
 10
572.0
 20
412.5
 10
571.5
 20
412.5
 10
571.5
 20
412.0
 10
571.5
 20
411.5
 10
571.5
 20
411.0
 10
571.5
 20
410.5
 10
572.0
 20
410.5
 10
572.5
 20
410.5
 10
573.0
 20
410.5
 10
573.5
 20
410.5
 10
574.0
 20
410.5
 10
574.5
 20
410.0
 10
574.5
 20
409.5
 10
574.5
 20
409.0
 10
574.5
 20
408.5
 10
574.5
 20
408.0
 10
574.5
 20
407.5
 10
574.5
 20
407.0
 10
574.5
 20
406.5
 10
574.5
 20
406.0
 10
575.0
 20
406.0
 10
575.5
 20
405.5
 10
575.5
 20
405.0
 10
576.0
 20
404.5
 10
576.0
 20
404.0
 10
576.0
 20
403.5
 10
576.5
 20
403.5
 10
577.0
 20
403.5
 10
577.5
 20
403.5
 10
578.0
 20
403.0
 10
578.0
 20
402.5
 10
578.0
 20
402.0
 10
578.0
 20
401.5
 10
578.0
 20
401.0
 10
578.0
 20
400.5
 10
578.0
 20
400.0
 10
578.0
 20
399.5
 10
578.0
 20
399.0
 10
578.0
 20
398.5
 10
578.0
 20
398.0
 10
578.0
 20
397.5
 10
578.0
 20
397.0
 10
578.5
 20
397.0
 10
579.0
 20
396.5
 10
579.0
 20
396.0
 10
579.5
 20
395.5
 10
579.5
 20
395.0
 10
579.5
 20
394.5
 10
579.5
 20
394.0
 10
579.5
 20
393.5
 10
579.5
 20
393.0
 10
579.5
 20
392.5
 10
579.5
 20
392.0
 10
579.5
 20
391.5
 10
579.5
 20
391.0
 10
579.5
 20
390.5
 10
579.5
 20
390.0
 10
579.5
 20
389.5
 10
579.5
 20
389.0
 10
579.5
 20
388.5
 10
579.5
 20
388.0
 10
579.5
 20
387.5
 10
579.5
 20
387.0
 10
579.5
 20
386.5
 10
579.5
 20
386.0
 10
579.5
 20
385.5
 10
579.5
 20
385.0
 10
579.5
 20
384.5
 10
579.5
 20
384.0
 10
579.5
 20
383.5
 10
579.5
 20
383.0
 10
579.5
 20
382.5
 10
579.5
 20
382.0
 10
579.5
 20
381.5
 10
579.5
 20
381.0
 10
579.5
 20
380.5
 10
579.5
 20
380.0
 10
579.5
 20
379.5
 10
579.5
 20
379.0
 10
580.0
 20
378.5
 10
580.0
 20
378.0
 10
580.0
 20
377.5
 10
580.0
 20
377.0
 10
580.0
 20
376.5
 10
580.0
 20
376.0
 10
580.0
 20
375.5
 10
580.0
 20
375.0
 10
580.0
 20
374.5
 10
580.0
 20
374.0
 10
580.0
 20
373.5
 10
580.0
 20
373.0
 10
580.0
 20
372.5
 10
579.5
 20
372.0
 10
579.5
 20
371.5
 10
579.5
 20
371.0
 10
579.5
 20
370.5
 10
579.0
 20
370.0
 10
578.5
 20
370.0
 10
578.0
 20
370.0
 10
578.0
 20
369.5
 10
578.0
 20
369.0
 10
578.0
 20
368.5
 10
578.0
 20
368.0
 10
578.0
 20
367.5
 10
578.0
 20
367.0
 10
578.0
 20
366.5
 10
578.0
 20
366.0
 10
578.0
 20
365.5
 10
578.0
 20
365.0
 10
578.0
 20
364.5
 10
577.5
 20
364.0
 10
577.0
 20
363.5
 10
577.0
 20
363.0
 10
577.0
 20
362.5
 10
576.5
 20
362.0
 10
576.0
 20
361.5
 10
575.5
 20
361.0
 10
575.5
 20
360.5
 10
575.0
 20
360.0
 10
574.5
 20
359.5
 10
574.5
 20
359.0
 10
574.0
 20
358.5
 10
573.5
 20
358.0
 10
573.0
 20
358.0
 10
572.5
 20
357.5
 10
572.0
 20
357.5
 10
571.5
 20
357.0
 10
571.0
 20
356.5
 10
570.5
 20
356.5
 10
570.0
 20
356.5
 10
569.5
 20
356.0
 10
569.0
 20
355.5
 10
568.5
 20
355.5
 10
568.5
 20
355.0
 10
568.0
 20
354.5
 10
567.5
 20
354.5
 10
567.5
 20
354.0
 10
567.0
 20
353.5
 10
566.5
 20
353.0
 10
566.0
 20
353.0
 10
565.5
 20
353.0
 10
565.0
 20
352.5
 10
564.5
 20
352.5
 10
564.5
 20
352.0
 10
564.0
 20
351.5
 10
563.5
 20
351.5
 10
563.0
 20
351.0
 10
562.5
 20
351.0
 10
562.0
 20
351.0
 10
561.5
 20
351.0
 10
561.0
 20
350.5
 10
560.5
 20
350.5
 10
560.0
 20
350.5
 10
559.5
 20
350.5
 10
559.0
 20
350.5
 10
558.5
 20
350.5
 10
558.0
 20
350.5
 10
557.5
 20
350.5
 10
557.0
 20
350.5
 10
556.5
 20
350.5
 10
556.0
 20
350.0
 10
555.5
 20
350.0
 10
555.0
 20
350.0
 10
554.5
 20
350.0
 10
554.0
 20
350.0
 10
553.5
 20
350.0
 10
553.0
 20
349.5
 10
552.5
 20
349.5
 10
552.0
 20
349.5
 10
551.5
 20
349.5
 10
551.0
 20
349.5
 10
550.5
 20
349.5
 10
550.0
 20
349.5
 10
549.5
 20
349.5
 10
549.0
 20
350.0
 10
548.5
 20
350.5
 10
548.5
 20
351.0
 10
548.0
 20
351.5
 10
548.0
 20
352.0
 10
548.0
 20
352.5
 10
547.5
 20
352.5
 10
547.0
 20
352.5
 10
546.5
 20
352.5
 10
546.0
 20
352.5
 10
545.5
 20
353.0
 10
545.5
 20
353.5
 10
545.5
 20
354.0
 10
545.5
 20
354.5
 10
545.5
 20
355.0
 10
545.0
 20
355.0
 10
544.5
 20
355.0
 10
544.0
 20
355.0
 10
543.5
 20
355.0
 10
543.0
 20
355.0
 10
542.5
 20
355.0
 10
542.0
 20
355.0
 10
541.5
 20
355.0
 10
541.0
 20
355.0
 10
540.5
 20
355.0
 10
540.0
 20
355.0
 10
539.5
 20
355.0
 10
539.0
 20
355.0
 10
538.5
 20
355.0
 10
538.0
 20
355.0
 10
537.5
 20
355.0
 10
537.0
 20
355.0
 10
536.5
 20
355.0
 10
536.0
 20
355.0
 10
535.5
 20
355.0
 10
535.0
 20
355.0
 10
534.5
 20
355.0
 10
534.0
 20
355.0
 10
533.5
 20
355.0
 10
533.0
 20
355.0
 10
532.5
 20
355.0
 10
532.0
 20
355.0
 10
531.5
 20
355.0
 10
531.0
 20
355.0
 10
530.5
 20
355.0
 10
530.0
 20
355.0
 10
529.5
 20
355.0
 10
529.0
 20
355.0
 10
528.5
 20
355.0
 10
528.0
 20
355.0
 10
527.5
 20
355.0
 10
527.0
 20
355.0
 10
526.5
 20
355.0
 10
526.0
 20
354.5
 10
525.5
 20
354.5
 10
525.0
 20
354.5
 10
524.5
 20
354.5
 10
524.0
 20
354.5
 10
523.5
 20
354.5
 10
523.0
 20
354.5
 10
522.5
 20
354.5
 10
522.0
 20
354.5
 10
521.5
 20
354.5
 10
521.0
 20
354.5
 10
520.5
 20
354.5
 10
520.0
 20
354.5
 10
519.5
 20
354.5
 10
519.0
 20
354.5
 10
518.5
 20
354.5
 10
518.0
 20
354.5
 10
518.0
 20
354.0
 10
517.5
 20
353.5
 10
517.5
 20
353.0
 10
517.0
 20
352.5
 10
516.5
 20
352.5
 10
516.0
 20
352.5
 10
515.5
 20
352.5
 10
515.0
 20
352.5
 10
514.5
 20
352.0
 10
514.0
 20
351.5
 10
513.5
 20
351.5
 10
513.0
 20
351.0
 10
512.5
 20
350.5
 10
512.0
 20
350.5
 10
511.5
 20
350.5
 10
511.0
 20
350.5
 10
510.5
 20
350.5
 10
510.0
 20
350.5
 10
509.5
 20
350.5
 10
509.0
 20
350.5
 10
508.5
 20
350.5
 10
508.0
 20
351.0
 10
507.5
 20
351.5
 10
507.0
 20
351.5
 10
506.5
 20
352.0
 10
506.5
 20
352.5
 10
506.0
 20
352.5
 10
505.5
 20
352.5
 10
505.0
 20
352.5
 10
504.5
 20
352.5
 10
504.0
 20
352.5
 10
503.5
 20
353.0
 10
503.5
 20
353.5
 10
503.5
 20
354.0
 10
503.5
 20
354.5
 10
503.0
 20
355.0
 10
502.5
 20
355.5
 10
502.0
 20
355.5
 10
501.5
 20
356.0
 10
501.0
 20
356.0
 10
500.5
 20
356.0
 10
500.0
 20
356.0
 10
499.5
 20
356.0
 10
499.0
 20
356.0
 10
498.5
 20
356.0
 10
498.0
 20
355.5
 10
497.5
 20
355.5
 10
497.0
 20
355.5
 10
496.5
 20
355.5
 10
496.0
 20
355.5
 10
495.5
 20
355.5
 10
495.0
 20
355.5
 10
494.5
 20
355.5
 10
494.0
 20
355.5
 10
493.5
 20
355.0
 10
493.0
 20
355.0
 10
492.5
 20
355.0
 10
492.5
 20
354.5
 10
492.5
 20
354.0
 10
492.5
 20
353.5
 10
492.0
 20
353.0
 10
491.5
 20
352.5
 10
491.0
 20
352.5
 10
490.5
 20
352.5
 10
490.0
 20
352.5
 10
489.5
 20
352.0
 10
489.0
 20
351.5
 10
488.5
 20
351.0
 10
488.0
 20
351.0
 10
487.5
 20
351.0
 10
487.0
 20
351.0
 10
486.5
 20
351.0
 10
486.0
 20
351.0
 10
485.5
 20
351.0
 10
485.0
 20
351.0
 10
484.5
 20
351.0
 10
484.0
 20
350.5
 10
483.5
 20
350.5
 10
483.0
 20
350.5
 10
482.5
 20
350.5
 10
482.0
 20
350.5
 10
481.5
 20
350.5
 10
481.0
 20
351.0
 10
480.5
 20
351.0
 10
480.0
 20
351.0
 10
479.5
 20
351.0
 10
479.0
 20
351.0
 10
478.5
 20
351.0
 10
478.0
 20
351.0
 10
477.5
 20
351.0
 10
477.0
 20
351.0
 10
476.5
 20
351.0
 10
476.0
 20
351.0
 10
475.5
 20
351.0
 10
475.0
 20
351.5
 10
474.5
 20
351.5
 10
474.0
 20
351.5
 10
473.5
 20
351.5
 10
473.0
 20
351.5
 10
472.5
 20
351.5
 10
472.0
 20
351.5
 10
471.5
 20
351.5
 10
471.0
 20
351.5
 10
470.5
 20
351.5
 10
470.0
 20
352.0
 10
469.5
 20
352.0
 10
469.0
 20
352.0
 10
468.5
 20
352.0
 10
468.0
 20
352.0
 10
467.5
 20
352.0
 10
467.0
 20
351.5
 10
466.5
 20
351.5
 10
466.0
 20
351.5
 10
465.5
 20
351.5
 10
465.0
 20
351.5
 10
464.5
 20
351.5
 10
464.0
 20
351.5
 10
463.5
 20
351.5
 10
463.0
 20
351.5
 10
462.5
 20
351.5
 10
462.0
 20
351.0
 10
461.5
 20
351.0
 10
461.0
 20
351.0
 10
460.5
 20
351.0
 10
460.0
 20
351.0
 10
459.5
 20
351.5
 10
459.5
 20
352.0
 10
459.0
 20
352.0
 10
458.5
 20
352.0
 10
458.0
 20
352.0
 10
457.5
 20
352.0
 10
457.5
 20
351.5
 10
457.0
 20
351.0
 10
456.5
 20
351.0
 10
456.0
 20
351.0
 10
455.5
 20
351.0
 10
455.0
 20
351.0
 10
454.5
 20
351.0
 10
454.0
 20
351.0
 10
453.5
 20
351.0
 10
453.0
 20
351.0
 10
452.5
 20
351.0
 10
452.0
 20
351.0
 10
451.5
 20
351.0
 10
451.0
 20
351.0
 10
450.5
 20
351.0
 10
450.0
 20
351.0
 10
449.5
 20
351.0
 10
449.0
 20
351.0
 10
448.5
 20
351.0
 10
448.0
 20
351.0
 10
447.5
 20
351.0
 10
447.0
 20
351.0
 10
446.5
 20
351.0
 10
446.0
 20
351.0
 10
445.5
 20
351.0
 10
445.0
 20
351.0
 10
444.5
 20
351.0
 10
444.0
 20
351.0
 10
443.5
 20
351.0
 10
443.0
 20
351.0
 10
442.5
 20
351.5
 10
442.5
 20
352.0
 10
442.5
 20
352.5
 10
442.0
 20
352.5
 10
441.5
 20
352.5
 10
441.0
 20
353.0
 10
440.5
 20
353.0
 10
440.0
 20
353.0
 10
439.5
 20
353.0
 10
439.0
 20
353.0
 10
438.5
 20
353.5
 10
438.0
 20
354.0
 10
437.5
 20
354.5
 10
437.0
 20
355.0
 10
436.5
 20
355.0
 10
436.0
 20
355.0
 10
435.5
 20
355.5
 10
435.5
 20
356.0
 10
435.0
 20
356.0
 10
434.5
 20
356.5
 10
434.0
 20
356.5
 10
433.5
 20
356.5
 10
433.0
 20
356.5
 10
432.5
 20
356.5
 10
432.0
 20
356.5
 10
431.5
 20
356.5
 10
431.0
 20
356.5
 10
430.5
 20
356.0
 10
430.0
 20
356.0
 10
429.5
 20
356.0
 10
429.5
 20
355.5
 10
429.5
 20
355.0
 10
429.5
 20
354.5
 10
429.5
 20
354.0
 10
429.5
 20
353.5
 10
429.5
 20
353.0
 10
429.0
 20
352.5
 10
428.5
 20
352.5
 10
428.0
 20
352.5
 10
427.5
 20
352.5
 10
427.0
 20
352.5
 10
426.5
 20
352.5
 10
426.5
 20
352.0
 10
426.0
 20
351.5
 10
425.5
 20
351.5
 10
425.0
 20
351.0
 10
424.5
 20
350.5
 10
424.0
 20
350.5
 10
423.5
 20
350.5
 10
423.0
 20
350.5
 10
422.5
 20
350.5
 10
422.0
 20
350.5
 10
421.5
 20
350.5
 10
421.0
 20
350.5
 10
420.5
 20
350.5
 10
420.0
 20
350.5
 10
419.5
 20
350.5
 10
419.0
 20
350.0
 10
418.5
 20
350.0
 10
418.0
 20
350.0
 10
417.5
 20
350.0
 10
417.0
 20
350.0
 10
416.5
 20
350.0
 10
416.0
 20
349.5
 10
415.5
 20
349.5
 10
415.0
 20
349.5
 10
414.5
 20
349.5
 10
414.0
 20
349.5
 10
413.5
 20
349.5
 10
413.0
 20
349.5
 10
412.5
 20
349.5
 10
412.0
 20
349.5
 10
411.5
 20
349.5
 10
411.0
 20
350.0
 10
410.5
 20
350.0
 10
410.0
 20
350.0
 10
409.5
 20
350.0
 10
409.0
 20
350.0
 10
408.5
 20
350.5
 10
408.0
 20
350.5
 10
407.5
 20
350.5
 10
407.0
 20
350.5
 10
406.5
 20
350.5
 10
406.0
 20
350.5
 10
405.5
 20
350.5
 10
405.0
 20
350.5
 10
404.5
 20
350.5
 10
404.0
 20
350.5
 10
403.5
 20
350.5
 10
403.0
 20
350.5
 10
402.5
 20
350.5
 10
402.0
 20
350.5
 10
401.5
 20
351.0
 10
401.0
 20
351.0
 10
400.5
 20
351.0
 10
400.0
 20
351.5
 10
399.5
 20
352.0
 10
399.5
 20
352.5
 10
399.0
 20
352.5
 10
398.5
 20
352.5
 10
398.0
 20
352.5
 10
397.5
 20
353.0
 10
397.0
 20
353.5
 10
397.0
 20
354.0
 10
397.0
 20
354.5
 10
397.0
 20
355.0
 10
397.0
 20
355.5
 10
397.0
 20
356.0
 10
397.0
 20
356.5
 10
396.5
 20
356.5
 10
396.0
 20
356.5
 10
395.5
 20
356.5
 10
395.0
 20
356.5
 10
395.0
 20
356.0
 10
394.5
 20
355.5
 10
394.0
 20
355.5
 10
393.5
 20
355.0
 10
393.0
 20
355.0
 10
392.5
 20
355.0
 10
392.0
 20
355.0
 10
391.5
 20
355.0
 10
391.0
 20
355.0
 10
390.5
 20
354.5
 10
390.0
 20
354.5
 10
389.5
 20
354.5
 10
389.0
 20
354.5
 10
388.5
 20
354.5
 10
388.0
 20
354.5
 10
387.5
 20
354.5
 10
387.0
 20
354.5
 10
386.5
 20
354.5
 10
386.0
 20
354.5
 10
385.5
 20
354.5
 10
385.0
 20
354.5
 10
384.5
 20
354.5
 10
384.0
 20
354.5
 10
384.0
 20
354.0
 10
384.0
 20
353.5
 10
383.5
 20
353.0
 10
383.0
 20
352.5
 10
382.5
 20
352.5
 10
382.0
 20
352.0
 10
381.5
 20
352.0
 10
381.0
 20
352.0
 10
381.0
 20
351.5
 10
380.5
 20
351.0
 10
380.0
 20
350.5
 10
379.5
 20
350.5
 10
379.0
 20
350.5
 10
378.5
 20
350.5
 10
378.0
 20
350.5
 10
377.5
 20
350.5
 10
377.0
 20
350.5
 10
376.5
 20
350.5
 10
376.0
 20
350.5
 10
375.5
 20
350.5
 10
375.0
 20
350.5
 10
374.5
 20
350.5
 10
374.0
 20
351.0
 10
373.5
 20
351.0
 10
373.0
 20
351.5
 10
373.0
 20
352.0
 10
372.5
 20
352.0
 10
372.0
 20
352.5
 10
371.5
 20
352.5
 10
371.0
 20
352.5
 10
370.5
 20
352.5
 10
370.0
 20
353.0
 10
370.0
 20
353.5
 10
369.5
 20
353.5
 10
369.0
 20
354.0
 10
368.5
 20
354.0
 10
368.0
 20
354.0
 10
367.5
 20
354.0
 10
367.0
 20
354.0
 10
366.5
 20
354.0
 10
366.0
 20
354.0
 10
365.5
 20
354.0
 10
365.0
 20
354.5
 10
364.5
 20
354.5
 10
364.0
 20
354.5
 10
363.5
 20
354.5
 10
363.0
 20
355.0
 10
363.0
 20
355.5
 10
362.5
 20
356.0
 10
362.0
 20
356.0
 10
361.5
 20
356.0
 10
361.0
 20
356.0
 10
360.5
 20
356.0
 10
360.0
 20
356.0
 10
359.5
 20
355.5
 10
359.0
 20
355.5
 10
358.5
 20
355.5
 10
358.0
 20
355.5
 10
357.5
 20
355.5
 10
357.0
 20
355.5
 10
357.0
 20
355.0
 10
357.0
 20
354.5
 10
357.0
 20
354.0
 10
357.0
 20
353.5
 10
357.0
 20
353.0
 10
357.0
 20
352.5
 10
357.0
 20
352.0
 10
357.0
 20
351.5
 10
357.0
 20
351.0
 10
357.0
 20
350.5
 10
357.0
 20
350.0
 10
357.0
 20
349.5
 10
357.0
 20
349.0
 10
357.0
 20
348.5
 10
357.0
 20
348.0
 10
357.0
 20
347.5
 10
357.0
 20
347.0
 10
357.0
 20
346.5
 10
357.0
 20
346.0
 10
357.0
 20
345.5
 10
357.0
 20
345.0
 10
357.0
 20
344.5
 10
357.0
 20
344.0
 10
357.0
 20
343.5
 10
357.0
 20
343.0
 10
357.0
 20
342.5
 10
357.0
 20
342.0
 10
357.5
 20
341.5
 10
358.0
 20
341.5
 10
358.5
 20
341.5
 10
359.0
 20
341.5
 10
359.5
 20
341.5
 10
360.0
 20
341.5
 10
360.5
 20
341.0
 10
360.5
 20
340.5
 10
360.5
 20
340.0
 10
361.0
 20
340.0
 10
361.5
 20
340.0
 10
362.0
 20
340.0
 10
362.5
 20
340.0
 10
363.0
 20
340.5
 10
363.5
 20
340.5
 10
364.0
 20
340.5
 10
364.5
 20
340.5
 10
365.0
 20
340.5
 10
365.5
 20
340.5
 10
366.0
 20
340.5
 10
366.5
 20
340.5
 10
367.0
 20
340.5
 10
367.5
 20
340.5
 10
368.0
 20
340.5
 10
368.5
 20
340.5
 10
369.0
 20
340.5
 10
369.5
 20
340.5
 10
370.0
 20
340.5
 10
370.5
 20
340.5
 10
371.0
 20
340.0
 10
371.5
 20
340.0
 10
372.0
 20
340.0
 10
372.5
 20
340.0
 10
373.0
 20
340.0
 10
373.5
 20
339.5
 10
374.0
 20
339.5
 10
374.5
 20
339.0
 10
375.0
 20
339.0
 10
375.5
 20
339.0
 10
376.0
 20
339.0
 10
376.5
 20
339.0
 10
377.0
 20
338.5
 10
377.5
 20
338.5
 10
378.0
 20
338.5
 10
378.5
 20
338.5
 10
379.0
 20
338.5
 10
379.5
 20
339.0
 10
380.0
 20
339.0
 10
380.5
 20
339.0
 10
381.0
 20
339.0
 10
381.5
 20
339.0
 10
382.0
 20
339.0
 10
382.5
 20
339.0
 10
383.0
 20
339.0
 10
383.5
 20
339.0
 10
384.0
 20
339.0
 10
384.5
 20
339.0
 10
385.0
 20
339.0
 10
385.5
 20
339.0
 10
386.0
 20
339.0
 10
386.5
 20
339.0
 10
387.0
 20
339.0
 10
387.5
 20
338.5
 10
388.0
 20
338.5
 10
388.5
 20
338.5
 10
389.0
 20
338.0
 10
389.5
 20
338.0
 10
390.0
 20
338.0
 10
390.5
 20
338.0
 10
391.0
 20
338.0
 10
391.5
 20
338.0
 10
392.0
 20
338.0
 10
392.5
 20
338.0
 10
393.0
 20
338.0
 10
393.5
 20
338.0
 10
394.0
 20
338.0
 10
394.5
 20
338.0
 10
395.0
 20
338.0
 10
395.5
 20
338.0
 10
396.0
 20
338.0
 10
396.5
 20
338.0
 10
397.0
 20
338.0
 10
397.5
 20
338.0
 10
398.0
 20
338.0
 10
398.5
 20
338.0
 10
399.0
 20
338.5
 10
399.5
 20
338.5
 10
400.0
 20
339.0
 10
400.5
 20
339.0
 10
400.5
 20
339.5
 10
400.5
 20
340.0
 10
400.5
 20
340.5
 10
401.0
 20
341.0
 10
401.5
 20
341.0
 10
402.0
 20
341.0
 10
402.5
 20
341.0
 10
403.0
 20
341.0
 10
403.5
 20
341.0
 10
404.0
 20
341.0
 10
404.5
 20
341.0
 10
404.5
 20
341.5
 10
405.0
 20
342.0
 10
405.5
 20
342.5
 10
406.0
 20
342.5
 10
406.5
 20
342.5
 10
407.0
 20
342.5
 10
407.5
 20
342.5
 10
408.0
 20
342.5
 10
408.5
 20
342.5
 10
409.0
 20
342.5
 10
409.5
 20
342.5
 10
410.0
 20
342.5
 10
410.5
 20
342.5
 10
411.0
 20
343.0
 10
411.5
 20
343.0
 10
412.0
 20
343.0
 10
412.5
 20
343.0
 10
413.0
 20
343.0
 10
413.5
 20
343.0
 10
414.0
 20
343.0
 10
414.5
 20
343.0
 10
415.0
 20
343.0
 10
415.5
 20
343.0
 10
416.0
 20
343.0
 10
416.5
 20
343.0
 10
417.0
 20
343.0
 10
417.5
 20
343.0
 10
418.0
 20
343.0
 10
418.5
 20
342.5
 10
419.0
 20
342.5
 10
419.5
 20
342.5
 10
420.0
 20
342.5
 10
420.5
 20
342.5
 10
421.0
 20
342.5
 10
421.5
 20
342.0
 10
422.0
 20
342.0
 10
422.5
 20
342.0
 10
423.0
 20
341.5
 10
423.0
 20
341.0
 10
423.5
 20
341.0
 10
424.0
 20
341.0
 10
424.5
 20
341.0
 10
425.0
 20
341.0
 10
425.5
 20
341.0
 10
426.0
 20
340.5
 10
426.5
 20
340.0
 10
426.5
 20
339.5
 10
426.5
 20
339.0
 10
426.5
 20
338.5
 10
427.0
 20
338.0
 10
427.5
 20
338.0
 10
428.0
 20
338.0
 10
428.5
 20
338.0
 10
429.0
 20
338.0
 10
429.5
 20
338.0
 10
430.0
 20
338.0
 10
430.5
 20
338.0
 10
431.0
 20
338.0
 10
431.5
 20
338.0
 10
432.0
 20
338.0
 10
432.5
 20
338.0
 10
433.0
 20
338.0
 10
433.5
 20
338.0
 10
434.0
 20
338.0
 10
434.5
 20
338.0
 10
435.0
 20
338.0
 10
435.5
 20
338.0
 10
436.0
 20
338.0
 10
436.5
 20
338.0
 10
437.0
 20
338.0
 10
437.5
 20
338.0
 10
438.0
 20
338.0
 10
438.5
 20
338.5
 10
439.0
 20
338.5
 10
439.5
 20
338.5
 10
440.0
 20
338.5
 10
440.0
 20
339.0
 10
440.0
 20
339.5
 10
440.0
 20
340.0
 10
440.0
 20
340.5
 10
440.5
 20
341.0
 10
441.0
 20
341.0
 10
441.5
 20
341.0
 10
442.0
 20
341.0
 10
442.5
 20
341.0
 10
443.0
 20
341.0
 10
443.5
 20
341.0
 10
444.0
 20
341.0
 10
444.5
 20
341.0
 10
445.0
 20
341.0
 10
445.5
 20
341.0
 10
446.0
 20
341.0
 10
446.5
 20
341.0
 10
447.0
 20
341.0
 10
447.5
 20
341.0
 10
448.0
 20
341.0
 10
448.5
 20
341.0
 10
449.0
 20
341.0
 10
449.5
 20
341.0
 10
450.0
 20
341.0
 10
450.5
 20
341.0
 10
451.0
 20
341.0
 10
451.5
 20
341.0
 10
452.0
 20
341.0
 10
452.5
 20
341.0
 10
453.0
 20
341.0
 10
453.5
 20
341.0
 10
454.0
 20
341.0
 10
454.5
 20
341.0
 10
454.5
 20
341.5
 10
455.0
 20
342.0
 10
455.5
 20
342.0
 10
456.0
 20
342.0
 10
456.5
 20
342.0
 10
457.0
 20
342.0
 10
457.5
 20
342.0
 10
458.0
 20
341.5
 10
458.0
 20
341.0
 10
458.5
 20
341.0
 10
459.0
 20
341.0
 10
459.5
 20
341.0
 10
460.0
 20
341.0
 10
460.5
 20
341.0
 10
461.0
 20
341.0
 10
461.5
 20
341.0
 10
462.0
 20
341.0
 10
462.5
 20
341.0
 10
463.0
 20
341.0
 10
463.5
 20
341.0
 10
464.0
 20
341.0
 10
464.5
 20
341.0
 10
465.0
 20
341.0
 10
465.5
 20
341.0
 10
466.0
 20
341.0
 10
466.5
 20
341.0
 10
467.0
 20
341.0
 10
467.5
 20
341.0
 10
468.0
 20
341.0
 10
468.5
 20
341.0
 10
469.0
 20
341.0
 10
469.5
 20
341.0
 10
470.0
 20
341.0
 10
470.5
 20
341.0
 10
471.0
 20
341.0
 10
471.5
 20
341.0
 10
472.0
 20
341.0
 10
472.5
 20
341.0
 10
473.0
 20
341.0
 10
473.5
 20
341.0
 10
473.5
 20
341.5
 10
473.5
 20
342.0
 10
473.5
 20
342.5
 10
473.5
 20
343.0
 10
473.5
 20
343.5
 10
474.0
 20
344.0
 10
474.5
 20
344.0
 10
475.0
 20
344.0
 10
475.5
 20
344.0
 10
476.0
 20
344.0
 10
476.5
 20
344.0
 10
477.0
 20
344.5
 10
477.5
 20
344.5
 10
478.0
 20
344.5
 10
478.5
 20
344.5
 10
479.0
 20
344.5
 10
479.5
 20
344.0
 10
480.0
 20
344.0
 10
480.5
 20
344.0
 10
481.0
 20
344.0
 10
481.5
 20
344.0
 10
482.0
 20
344.0
 10
482.5
 20
344.0
 10
483.0
 20
344.0
 10
483.5
 20
344.0
 10
484.0
 20
344.0
 10
484.5
 20
344.0
 10
485.0
 20
344.0
 10
485.5
 20
344.0
 10
486.0
 20
344.5
 10
486.5
 20
344.5
 10
487.0
 20
344.5
 10
487.5
 20
344.5
 10
488.0
 20
345.0
 10
488.5
 20
345.0
 10
489.0
 20
345.5
 10
489.5
 20
345.5
 10
490.0
 20
345.5
 10
490.5
 20
345.5
 10
491.0
 20
345.5
 10
491.5
 20
346.0
 10
492.0
 20
346.5
 10
492.5
 20
346.5
 10
493.0
 20
347.0
 10
493.5
 20
347.0
 10
494.0
 20
347.0
 10
494.5
 20
347.0
 10
495.0
 20
347.0
 10
495.5
 20
347.0
 10
496.0
 20
347.0
 10
496.5
 20
347.0
 10
497.0
 20
346.5
 10
497.5
 20
346.5
 10
498.0
 20
346.5
 10
498.5
 20
346.5
 10
499.0
 20
346.5
 10
499.5
 20
346.0
 10
500.0
 20
346.0
 10
500.5
 20
345.5
 10
501.0
 20
345.0
 10
501.5
 20
345.0
 10
502.0
 20
344.5
 10
502.5
 20
344.5
 10
503.0
 20
344.5
 10
503.5
 20
344.5
 10
504.0
 20
344.5
 10
504.5
 20
344.0
 10
505.0
 20
344.0
 10
505.5
 20
344.0
 10
506.0
 20
343.5
 10
506.0
 20
343.0
 10
506.5
 20
342.5
 10
507.0
 20
342.5
 10
507.5
 20
342.5
 10
508.0
 20
342.5
 10
508.5
 20
342.0
 10
509.0
 20
342.0
 10
509.5
 20
342.0
 10
510.0
 20
342.0
 10
510.5
 20
342.0
 10
511.0
 20
342.0
 10
511.5
 20
342.0
 10
512.0
 20
341.5
 10
512.5
 20
341.0
 10
513.0
 20
341.0
 10
513.5
 20
341.0
 10
514.0
 20
340.5
 10
514.0
 20
340.0
 10
514.0
 20
339.5
 10
514.0
 20
339.0
 10
514.0
 20
338.5
 10
514.0
 20
338.0
 10
514.5
 20
338.0
 10
515.0
 20
338.0
 10
515.5
 20
338.0
 10
516.0
 20
338.0
 10
516.5
 20
338.0
 10
517.0
 20
338.0
 10
517.5
 20
338.0
 10
518.0
 20
338.0
 10
518.5
 20
338.0
 10
519.0
 20
338.0
 10
519.0
 20
338.5
 10
519.0
 20
339.0
 10
519.0
 20
339.5
 10
519.0
 20
340.0
 10
519.0
 20
340.5
 10
519.5
 20
341.0
 10
520.0
 20
341.0
 10
520.5
 20
341.0
 10
521.0
 20
341.0
 10
521.5
 20
341.0
 10
522.0
 20
341.0
 10
522.5
 20
341.0
 10
523.0
 20
341.0
 10
523.5
 20
341.0
 10
524.0
 20
341.0
 10
524.5
 20
341.0
 10
525.0
 20
341.0
 10
525.5
 20
341.0
 10
526.0
 20
341.0
 10
526.5
 20
341.0
 10
527.0
 20
341.0
 10
527.5
 20
341.0
 10
528.0
 20
341.0
 10
528.5
 20
341.5
 10
529.0
 20
342.0
 10
529.5
 20
342.0
 10
530.0
 20
342.5
 10
530.5
 20
343.0
 10
531.0
 20
343.5
 10
531.5
 20
344.0
 10
532.0
 20
344.5
 10
532.5
 20
345.0
 10
533.0
 20
345.5
 10
533.5
 20
345.5
 10
534.0
 20
345.5
 10
534.5
 20
346.0
 10
534.5
 20
346.5
 10
535.0
 20
347.0
 10
535.5
 20
347.0
 10
536.0
 20
347.0
 10
536.5
 20
347.5
 10
537.0
 20
347.5
 10
537.5
 20
348.0
 10
538.0
 20
348.0
 10
538.5
 20
348.0
 10
539.0
 20
348.0
 10
539.5
 20
348.0
 10
540.0
 20
348.0
 10
540.5
 20
348.0
 10
541.0
 20
348.0
 10
541.5
 20
348.0
 10
542.0
 20
348.0
 10
542.5
 20
348.0
 10
543.0
 20
348.0
 10
543.5
 20
348.5
 10
544.0
 20
348.5
 10
544.5
 20
348.5
 10
545.0
 20
348.5
 10
545.5
 20
348.5
 10
546.0
 20
348.0
 10
546.5
 20
347.5
 10
546.5
 20
347.0
 10
546.5
 20
346.5
 10
546.5
 20
346.0
 10
547.0
 20
345.5
 10
547.0
 20
345.0
 10
547.5
 20
345.0
 10
548.0
 20
345.0
 10
548.5
 20
344.5
 10
549.0
 20
344.5
 10
549.5
 20
344.0
 10
550.0
 20
344.0
 10
550.5
 20
343.5
 10
551.0
 20
343.0
 10
551.0
 20
342.5
 10
551.5
 20
342.0
 10
551.5
 20
341.5
 10
552.0
 20
341.0
 10
552.0
 20
340.5
 10
552.5
 20
340.5
 10
553.0
 20
340.0
 10
553.5
 20
339.5
 10
554.0
 20
339.0
 10
554.5
 20
339.0
 10
555.0
 20
339.0
 10
555.5
 20
338.5
 10
555.5
 20
338.0
 10
556.0
 20
337.5
 10
556.0
 20
337.0
 10
556.0
 20
336.5
 10
556.0
 20
336.0
 10
556.5
 20
335.5
 10
557.0
 20
335.0
 10
557.0
 20
334.5
 10
557.0
 20
334.0
 10
557.5
 20
333.5
 10
557.5
 20
333.0
 10
558.0
 20
332.5
 10
558.5
 20
332.0
 10
559.0
 20
331.5
 10
559.0
 20
331.0
 10
559.5
 20
330.5
 10
559.5
 20
330.0
 10
560.0
 20
330.0
 10
560.5
 20
330.0
 10
561.0
 20
329.5
 10
561.5
 20
329.5
 10
562.0
 20
329.0
 10
562.5
 20
329.0
 10
563.0
 20
329.0
 10
563.5
 20
329.0
 10
564.0
 20
329.0
 10
564.5
 20
329.0
 10
565.0
 20
329.0
 10
565.5
 20
329.0
 10
566.0
 20
329.5
 10
566.5
 20
329.5
 10
567.0
 20
329.5
 10
567.5
 20
329.5
 10
568.0
 20
329.5
 10
568.5
 20
329.5
 10
569.0
 20
329.5
 10
569.5
 20
330.0
 10
570.0
 20
330.0
 10
570.5
 20
330.5
 10
571.0
 20
330.5
 10
571.5
 20
331.0
 10
572.0
 20
331.0
 10
572.5
 20
331.0
 10
573.0
 20
331.0
 10
573.5
 20
331.5
 10
574.0
 20
331.5
 10
574.5
 20
331.5
 10
575.0
 20
331.5
 10
575.5
 20
331.5
 10
576.0
 20
332.0
 10
576.5
 20
332.0
 10
577.0
 20
332.0
 10
577.5
 20
332.0
 10
578.0
 20
332.0
 10
578.5
 20
332.0
 10
579.0
 20
332.0
 10
579.5
 20
332.0
 10
580.0
 20
332.0
 10
580.5
 20
332.0
 10
581.0
 20
332.0
 10
581.5
 20
332.0
 10
582.0
 20
332.0
 10
582.5
 20
332.0
 10
583.0
 20
332.0
 10
583.5
 20
332.0
 10
584.0
 20
332.0
 10
584.5
 20
332.0
 10
585.0
 20
332.0
 10
585.5
 20
332.5
 10
585.5
 20
333.0
 10
585.5
 20
333.5
 10
585.5
 20
334.0
 10
585.5
 20
334.5
 10
586.0
 20
335.0
 10
586.5
 20
335.5
 10
587.0
 20
336.0
 10
587.0
 20
336.5
 10
587.0
 20
337.0
 10
587.5
 20
337.5
 10
587.5
 20
338.0
 10
588.0
 20
338.5
 10
588.0
 20
339.0
 10
588.0
 20
339.5
 10
588.5
 20
340.0
 10
589.0
 20
340.0
 10
589.5
 20
340.5
 10
589.5
 20
341.0
 10
590.0
 20
341.5
 10
590.5
 20
342.0
 10
591.0
 20
342.5
 10
591.5
 20
343.0
 10
592.0
 20
343.5
 10
592.0
 20
344.0
 10
592.0
 20
344.5
 10
592.0
 20
345.0
 10
592.0
 20
345.5
 10
592.5
 20
346.0
 10
593.0
 20
346.5
 10
593.0
 20
347.0
 10
593.0
 20
347.5
 10
593.0
 20
348.0
 10
593.0
 20
348.5
 10
593.0
 20
349.0
 10
593.0
 20
349.5
 10
593.5
 20
350.0
 10
594.0
 20
350.0
 10
594.5
 20
350.0
 10
595.0
 20
350.0
 10
595.5
 20
350.0
 10
596.0
 20
350.0
 10
596.5
 20
350.0
 10
597.0
 20
350.5
 10
597.5
 20
350.5
 10
598.0
 20
350.5
 10
598.5
 20
350.5
 10
599.0
 20
350.5
 10
599.0
 20
351.0
 10
599.5
 20
351.5
 10
600.0
 20
351.5
 10
600.5
 20
352.0
 10
601.0
 20
352.0
 10
601.0
 20
352.5
 10
601.5
 20
353.0
 10
601.5
 20
353.5
 10
601.5
 20
354.0
 10
601.5
 20
354.5
 10
602.0
 20
355.0
 10
602.0
 20
355.5
 10
602.0
 20
356.0
 10
602.0
 20
356.5
 10
602.0
 20
357.0
 10
602.5
 20
357.5
 10
602.5
 20
358.0
 10
602.5
 20
358.5
 10
602.5
 20
359.0
 10
602.5
 20
359.5
 10
602.5
 20
360.0
 10
602.5
 20
360.5
 10
602.5
 20
361.0
 10
602.5
 20
361.5
 10
602.0
 20
362.0
 10
602.0
 20
362.5
 10
602.0
 20
363.0
 10
602.0
 20
363.5
 10
602.0
 20
364.0
 10
602.0
 20
364.5
 10
602.0
 20
365.0
 10
602.0
 20
365.5
 10
602.5
 20
366.0
 10
602.5
 20
366.5
 10
602.5
 20
367.0
 10
602.5
 20
367.5
 10
602.5
 20
368.0
 10
602.5
 20
368.5
 10
602.5
 20
369.0
 10
602.5
 20
369.5
 10
602.5
 20
370.0
 10
602.5
 20
370.5
 10
602.5
 20
371.0
 10
602.0
 20
371.0
 10
601.5
 20
371.5
 10
601.0
 20
372.0
 10
601.0
 20
372.5
 10
600.5
 20
373.0
 10
600.0
 20
373.5
 10
600.0
 20
374.0
 10
599.5
 20
374.5
 10
599.5
 20
375.0
 10
599.5
 20
375.5
 10
599.0
 20
376.0
 10
598.5
 20
376.0
 10
598.0
 20
376.0
 10
597.5
 20
376.0
 10
597.0
 20
376.0
 10
596.5
 20
376.0
 10
596.0
 20
376.0
 10
595.5
 20
376.0
 10
595.0
 20
376.0
 10
594.5
 20
376.5
 10
594.5
 20
377.0
 10
594.0
 20
377.0
 10
593.5
 20
377.0
 10
593.0
 20
377.0
 10
592.5
 20
377.0
 10
592.0
 20
377.0
 10
591.5
 20
377.0
 10
591.0
 20
377.0
 10
590.5
 20
377.0
 10
590.0
 20
377.0
 10
589.5
 20
377.5
 10
589.5
 20
378.0
 10
589.5
 20
378.5
 10
589.5
 20
379.0
 10
589.5
 20
379.5
 10
589.5
 20
380.0
 10
589.5
 20
380.5
 10
589.5
 20
381.0
 10
589.5
 20
381.5
 10
589.5
 20
382.0
 10
589.5
 20
382.5
 10
589.5
 20
383.0
 10
589.5
 20
383.5
 10
589.5
 20
384.0
 10
589.5
 20
384.5
 10
590.0
 20
385.0
 10
590.5
 20
385.0
 10
591.0
 20
385.0
 10
591.5
 20
385.0
 10
592.0
 20
385.0
 10
592.0
 20
385.5
 10
592.0
 20
386.0
 10
592.0
 20
386.5
 10
592.0
 20
387.0
 10
592.0
 20
387.5
 10
592.0
 20
388.0
 10
592.0
 20
388.5
 10
592.0
 20
389.0
 10
592.0
 20
389.5
 10
592.0
 20
390.0
 10
592.0
 20
390.5
 10
592.0
 20
391.0
 10
592.0
 20
391.5
 10
591.5
 20
392.0
 10
591.0
 20
392.5
 10
590.5
 20
393.0
 10
590.5
 20
393.5
 10
590.0
 20
394.0
 10
590.0
 20
394.5
 10
590.0
 20
395.0
 10
590.0
 20
395.5
 10
590.0
 20
396.0
 10
589.5
 20
396.0
 10
589.0
 20
396.5
 10
589.0
 20
397.0
 10
589.0
 20
397.5
 10
589.0
 20
398.0
 10
588.5
 20
398.5
 10
588.5
 20
399.0
 10
588.5
 20
399.5
 10
588.5
 20
400.0
 10
588.0
 20
400.5
 10
587.5
 20
401.0
 10
587.5
 20
401.5
 10
587.5
 20
402.0
 10
587.0
 20
402.5
 10
586.5
 20
403.0
 10
586.5
 20
403.5
 10
586.0
 20
404.0
 10
586.0
 20
404.5
 10
585.5
 20
405.0
 10
585.5
 20
405.5
 10
585.5
 20
406.0
 10
585.5
 20
406.5
 10
585.5
 20
407.0
 10
586.0
 20
407.5
 10
586.0
 20
408.0
 10
586.0
 20
408.5
 10
586.5
 20
409.0
 10
587.0
 20
409.5
 10
587.0
 20
410.0
 10
587.0
 20
410.5
 10
587.0
 20
411.0
 10
587.0
 20
411.5
 10
587.0
 20
412.0
 10
587.0
 20
412.5
 10
587.5
 20
413.0
 10
587.5
 20
413.5
 10
587.5
 20
414.0
 10
587.5
 20
414.5
 10
587.5
 20
415.0
 10
588.0
 20
415.5
 10
588.0
 20
416.0
 10
588.0
 20
416.5
 10
588.0
 20
417.0
 10
588.0
 20
417.5
 10
588.0
 20
418.0
 10
588.0
 20
418.5
 10
588.0
 20
419.0
 10
588.0
 20
419.5
 10
588.5
 20
420.0
 10
588.5
 20
420.5
 10
588.5
 20
421.0
 10
588.5
 20
421.5
 10
588.5
 20
422.0
 10
588.5
 20
422.5
 10
588.5
 20
423.0
 10
588.5
 20
423.5
 10
588.5
 20
424.0
 10
588.5
 20
424.5
 10
588.5
 20
425.0
 10
589.0
 20
425.5
 10
589.0
 20
426.0
 10
589.0
 20
426.5
 10
589.0
 20
427.0
 10
589.5
 20
427.5
 10
590.0
 20
427.5
 10
590.0
 20
428.0
 10
590.0
 20
428.5
 10
590.0
 20
429.0
 10
590.0
 20
429.5
 10
590.0
 20
430.0
 10
590.0
 20
430.5
 10
590.0
 20
431.0
 10
590.5
 20
431.5
 10
591.0
 20
432.0
 10
591.5
 20
432.0
 10
592.0
 20
432.0
 10
592.5
 20
432.0
 10
593.0
 20
432.0
 10
593.0
 20
432.5
 10
593.0
 20
433.0
 10
593.0
 20
433.5
 10
593.0
 20
434.0
 10
593.0
 20
434.5
 10
593.0
 20
435.0
 10
593.0
 20
435.5
 10
593.0
 20
436.0
 10
593.5
 20
436.5
 10
593.5
 20
437.0
 10
593.5
 20
437.5
 10
593.5
 20
438.0
 10
593.5
 20
438.5
 10
593.5
 20
439.0
 10
593.5
 20
439.5
 10
593.0
 20
440.0
 10
593.0
 20
440.5
 10
592.5
 20
440.5
 10
592.0
 20
441.0
 10
591.5
 20
441.5
 10
591.5
 20
442.0
 10
591.0
 20
442.5
 10
591.0
 20
443.0
 10
590.5
 20
443.5
 10
590.0
 20
444.0
 10
590.0
 20
444.5
 10
590.0
 20
445.0
 10
590.0
 20
445.5
 10
590.0
 20
446.0
 10
589.5
 20
446.5
 10
589.5
 20
447.0
 10
589.5
 20
447.5
 10
589.5
 20
448.0
 10
589.5
 20
448.5
 10
589.5
 20
449.0
 10
589.5
 20
449.5
 10
589.5
 20
450.0
 10
589.5
 20
450.5
 10
589.5
 20
451.0
 10
589.5
 20
451.5
 10
589.5
 20
452.0
 10
589.5
 20
452.5
 10
590.0
 20
453.0
 10
590.0
 20
453.5
 10
590.5
 20
454.0
 10
590.5
 20
454.5
 10
590.5
 20
455.0
 10
590.5
 20
455.5
 10
590.5
 20
456.0
 10
590.5
 20
456.5
 10
590.5
 20
457.0
 10
590.5
 20
457.5
 10
590.5
 20
458.0
 10
590.5
 20
458.5
 10
590.5
 20
459.0
 10
590.5
 20
459.5
 10
590.5
 20
460.0
 10
590.5
 20
460.5
 10
590.5
 20
461.0
 10
590.5
 20
461.5
 10
590.5
 20
462.0
 10
590.5
 20
462.5
 10
590.5
 20
463.0
 10
590.5
 20
463.5
 10
590.5
 20
464.0
 10
590.5
 20
464.5
 10
590.0
 20
465.0
 10
590.0
 20
465.5
 10
590.0
 20
466.0
 10
590.0
 20
466.5
 10
590.0
 20
467.0
 10
590.0
 20
467.5
 10
589.5
 20
468.0
 10
589.5
 20
468.5
 10
589.5
 20
469.0
 10
589.0
 20
469.5
 10
588.5
 20
470.0
 10
588.0
 20
470.5
 10
588.0
 20
471.0
 10
588.0
 20
471.5
 10
588.0
 20
472.0
 10
588.0
 20
472.5
 10
588.0
 20
473.0
 10
587.5
 20
473.0
 10
587.0
 20
473.0
 10
586.5
 20
473.5
 10
586.5
 20
474.0
 10
586.5
 20
474.5
 10
586.5
 20
475.0
 10
586.0
 20
475.0
 10
585.5
 20
475.0
 10
585.0
 20
475.0
 10
584.5
 20
475.0
  0
LWPOLYLINE
  5
BA
330
17
100
AcDbEntity
  8
CURB
370
25
100
AcDbPolyline
 90
107
 70
0
 10
37.0
 20
476.5
 10
37.0
 20
476.0
 10
37.0
 20
475.5
 10
37.0
 20
475.0
 10
37.0
 20
474.5
 10
37.0
 20
474.0
 10
36.5
 20
473.5
 10
36.5
 20
473.0
 10
36.0
 20
472.5
 10
36.0
 20
472.0
 10
36.0
 20
471.5
 10
36.0
 20
471.0
 10
36.0
 20
470.5
 10
35.5
 20
470.0
 10
35.5
 20
469.5
 10
35.0
 20
469.0
 10
34.5
 20
469.0
 10
34.0
 20
469.0
 10
33.5
 20
469.0
 10
33.5
 20
468.5
 10
33.0
 20
468.0
 10
32.5
 20
468.0
 10
32.0
 20
468.0
 10
32.0
 20
467.5
 10
32.0
 20
467.0
 10
32.0
 20
466.5
 10
32.0
 20
466.0
 10
32.5
 20
466.0
 10
33.0
 20
466.0
 10
33.5
 20
466.0
 10
34.0
 20
466.0
 10
34.5
 20
466.0
 10
35.0
 20
466.0
 10
35.5
 20
466.0
 10
36.0
 20
465.5
 10
36.5
 20
465.0
 10
37.0
 20
465.0
 10
37.5
 20
465.0
 10
38.0
 20
465.0
 10
38.5
 20
465.0
 10
38.5
 20
465.5
 10
39.0
 20
466.0
 10
39.5
 20
466.0
 10
40.0
 20
466.0
 10
40.5
 20
466.0
 10
41.0
 20
466.0
 10
41.5
 20
466.0
 10
42.0
 20
465.5
 10
42.5
 20
465.5
 10
43.0
 20
465.5
 10
43.5
 20
465.5
 10
44.0
 20
465.5
 10
44.5
 20
465.5
 10
45.0
 20
465.5
 10
45.5
 20
465.5
 10
46.0
 20
465.0
 10
46.0
 20
464.5
 10
46.5
 20
464.5
 10
47.0
 20
464.0
 10
47.0
 20
463.5
 10
47.0
 20
463.0
 10
47.5
 20
463.0
 10
48.0
 20
463.0
 10
48.5
 20
463.0
 10
49.0
 20
463.0
 10
49.5
 20
463.0
 10
49.5
 20
463.5
 10
49.5
 20
464.0
 10
50.0
 20
464.5
 10
50.0
 20
465.0
 10
50.0
 20
465.5
 10
50.0
 20
466.0
 10
50.0
 20
466.5
 10
50.0
 20
467.0
 10
49.5
 20
467.5
 10
49.5
 20
468.0
 10
49.5
 20
468.5
 10
49.5
 20
469.0
 10
49.5
 20
469.5
 10
49.0
 20
470.0
 10
48.5
 20
470.5
 10
48.0
 20
471.0
 10
47.5
 20
471.5
 10
47.0
 20
472.0
 10
46.5
 20
472.5
 10
46.5
 20
473.0
 10
46.0
 20
473.5
 10
45.5
 20
473.5
 10
45.0
 20
473.5
 10
44.5
 20
473.5
 10
44.0
 20
473.5
 10
43.5
 20
474.0
 10
43.0
 20
474.5
 10
43.0
 20
475.0
 10
42.5
 20
475.5
 10
42.5
 20
476.0
 10
42.5
 20
476.5
 10
42.0
 20
476.5
 10
41.5
 20
476.5
 10
41.0
 20
476.5
 10
40.5
 20
476.5
 10
40.0
 20
476.5
 10
39.5
 20
476.5
 10
39.0
 20
476.5
 10
38.5
 20
476.5
 10
38.0
 20
476.5
 10
37.5
 20
476.5
  0
LWPOLYLINE
  5
BB
330
17
100
AcDbEntity
  8
CURB
370
25
100
AcDbPolyline
 90
136
 70
0
 10
779.5
 20
493.5
 10
779.0
 20
493.0
 10
779.0
 20
492.5
 10
779.0
 20
492.0
 10
779.0
 20
491.5
 10
779.0
 20
491.0
 10
779.0
 20
490.5
 10
779.0
 20
490.0
 10
779.0
 20
489.5
 10
779.0
 20
489.0
 10
779.0
 20
488.5
 10
779.0
 20
488.0
 10
779.0
 20
487.5
 10
779.5
 20
487.0
 10
779.5
 20
486.5
 10
779.5
 20
486.0
 10
779.5
 20
485.5
 10
779.5
 20
485.0
 10
779.5
 20
484.5
 10
779.5
 20
484.0
 10
779.5
 20
483.5
 10
779.5
 20
483.0
 10
779.5
 20
482.5
 10
779.5
 20
482.0
 10
779.0
 20
481.5
 10
779.0
 20
481.0
 10
779.0
 20
480.5
 10
779.0
 20
480.0
 10
779.0
 20
479.5
 10
779.0
 20
479.0
 10
779.0
 20
478.5
 10
779.0
 20
478.0
 10
779.0
 20
477.5
 10
779.0
 20
477.0
 10
779.0
 20
476.5
 10
779.5
 20
476.0
 10
779.5
 20
475.5
 10
780.0
 20
475.0
 10
780.5
 20
475.0
 10
781.0
 20
474.5
 10
781.0
 20
474.0
 10
781.5
 20
474.0
 10
782.0
 20
473.5
 10
782.5
 20
473.5
 10
783.0
 20
473.5
 10
783.5
 20
473.5
 10
784.0
 20
473.5
 10
784.5
 20
473.5
 10
785.0
 20
473.5
 10
785.0
 20
474.0
 10
785.0
 20
474.5
 10
785.5
 20
475.0
 10
786.0
 20
475.0
 10
786.5
 20
475.0
 10
787.0
 20
475.0
 10
787.5
 20
475.0
 10
788.0
 20
475.0
 10
788.5
 20
475.0
 10
788.5
 20
475.5
 10
788.5
 20
476.0
 10
788.5
 20
476.5
 10
788.5
 20
477.0
 10
788.0
 20
477.0
 10
787.5
 20
477.0
 10
787.0
 20
477.5
 10
787.0
 20
478.0
 10
787.0
 20
478.5
 10
787.0
 20
479.0
 10
787.0
 20
479.5
 10
787.5
 20
480.0
 10
788.0
 20
480.0
 10
788.5
 20
480.0
 10
788.5
 20
480.5
 10
788.5
 20
481.0
 10
788.5
 20
481.5
 10
789.0
 20
482.0
 10
789.0
 20
482.5
 10
789.0
 20
483.0
 10
789.0
 20
483.5
 10
789.0
 20
484.0
 10
789.0
 20
484.5
 10
789.0
 20
485.0
 10
789.0
 20
485.5
 10
789.0
 20
486.0
 10
789.0
 20
486.5
 10
788.5
 20
486.5
 10
788.0
 20
486.5
 10
787.5
 20
486.5
 10
787.0
 20
486.5
 10
786.5
 20
486.5
 10
786.0
 20
486.5
 10
785.5
 20
486.5
 10
785.0
 20
486.5
 10
784.5
 20
487.0
 10
784.5
 20
487.5
 10
784.5
 20
488.0
 10
784.5
 20
488.5
 10
784.5
 20
489.0
 10
784.5
 20
489.5
 10
785.0
 20
490.0
 10
785.5
 20
490.5
 10
786.0
 20
490.5
 10
786.5
 20
490.5
 10
787.0
 20
490.5
 10
787.5
 20
490.5
 10
788.0
 20
490.0
 10
788.0
 20
489.5
 10
788.5
 20
489.5
 10
789.0
 20
489.5
 10
789.5
 20
489.5
 10
790.0
 20
489.5
 10
790.0
 20
490.0
 10
790.0
 20
490.5
 10
790.0
 20
491.0
 10
790.0
 20
491.5
 10
789.5
 20
491.5
 10
789.0
 20
491.5
 10
788.5
 20
491.5
 10
788.0
 20
491.5
 10
787.5
 20
492.0
 10
787.5
 20
492.5
 10
787.0
 20
492.5
 10
786.5
 20
492.5
 10
786.0
 20
493.0
 10
785.5
 20
493.5
 10
785.0
 20
493.5
 10
784.5
 20
493.5
 10
784.0
 20
493.5
 10
783.5
 20
493.5
 10
783.0
 20
493.5
 10
782.5
 20
493.5
 10
782.0
 20
493.5
 10
781.5
 20
493.5
 10
781.0
 20
493.5
 10
780.5
 20
493.5
 10
780.0
 20
493.5
  0
LWPOLYLINE
  5
BC
330
17
100
AcDbEntity
  8
CURB
370
25
100
AcDbPolyline
 90
182
 70
0
 10
235.0
 20
499.5
 10
235.0
 20
499.0
 10
234.5
 20
498.5
 10
234.0
 20
498.5
 10
234.0
 20
498.0
 10
233.5
 20
497.5
 10
233.0
 20
497.0
 10
232.5
 20
497.0
 10
232.5
 20
496.5
 10
232.5
 20
496.0
 10
232.5
 20
495.5
 10
232.5
 20
495.0
 10
232.5
 20
494.5
 10
232.5
 20
494.0
 10
232.5
 20
493.5
 10
232.0
 20
493.0
 10
231.5
 20
493.0
 10
231.0
 20
492.5
 10
230.5
 20
492.5
 10
230.0
 20
492.5
 10
230.0
 20
492.0
 10
230.0
 20
491.5
 10
230.0
 20
491.0
 10
230.0
 20
490.5
 10
230.0
 20
490.0
 10
230.0
 20
489.5
 10
230.0
 20
489.0
 10
230.0
 20
488.5
 10
230.0
 20
488.0
 10
230.0
 20
487.5
 10
230.0
 20
487.0
 10
230.0
 20
486.5
 10
230.5
 20
486.0
 10
230.5
 20
485.5
 10
230.5
 20
485.0
 10
230.5
 20
484.5
 10
230.5
 20
484.0
 10
230.5
 20
483.5
 10
230.0
 20
483.0
 10
230.0
 20
482.5
 10
230.0
 20
482.0
 10
230.0
 20
481.5
 10
230.0
 20
481.0
 10
230.0
 20
480.5
 10
230.0
 20
480.0
 10
230.0
 20
479.5
 10
230.0
 20
479.0
 10
230.0
 20
478.5
 10
230.0
 20
478.0
 10
230.0
 20
477.5
 10
230.0
 20
477.0
 10
230.0
 20
476.5
 10
230.5
 20
476.0
 10
231.0
 20
476.0
 10
231.5
 20
476.0
 10
232.0
 20
475.5
 10
232.0
 20
475.0
 10
232.5
 20
475.0
 10
233.0
 20
475.0
 10
233.5
 20
475.0
 10
234.0
 20
474.5
 10
234.0
 20
474.0
 10
234.5
 20
474.0
 10
235.0
 20
474.0
 10
235.5
 20
474.0
 10
236.0
 20
474.0
 10
236.5
 20
474.0
 10
237.0
 20
474.0
 10
237.0
 20
474.5
 10
237.5
 20
475.0
 10
237.5
 20
475.5
 10
238.0
 20
476.0
 10
238.5
 20
476.0
 10
239.0
 20
476.0
 10
239.5
 20
476.5
 10
239.5
 20
477.0
 10
239.5
 20
477.5
 10
239.5
 20
478.0
 10
239.5
 20
478.5
 10
239.5
 20
479.0
 10
239.5
 20
479.5
 10
239.5
 20
480.0
 10
239.0
 20
480.5
 10
238.5
 20
480.5
 10
238.0
 20
480.5
 10
237.5
 20
480.5
 10
237.0
 20
481.0
 10
237.0
 20
481.5
 10
237.0
 20
482.0
 10
237.0
 20
482.5
 10
236.5
 20
482.5
 10
236.0
 20
482.5
 10
235.5
 20
482.5
 10
235.0
 20
482.5
 10
234.5
 20
483.0
 10
234.5
 20
483.5
 10
234.5
 20
484.0
 10
234.0
 20
484.5
 10
234.0
 20
485.0
 10
234.0
 20
485.5
 10
234.0
 20
486.0
 10
234.0
 20
486.5
 10
234.5
 20
487.0
 10
234.5
 20
487.5
 10
234.5
 20
488.0
 10
234.5
 20
488.5
 10
234.5
 20
489.0
 10
234.5
 20
489.5
 10
234.5
 20
490.0
 10
235.0
 20
490.5
 10
235.0
 20
491.0
 10
235.5
 20
491.5
 10
236.0
 20
491.5
 10
236.5
 20
491.5
 10
237.0
 20
491.5
 10
237.5
 20
491.5
 10
238.0
 20
491.5
 10
238.5
 20
491.0
 10
238.5
 20
490.5
 10
239.0
 20
490.5
 10
239.5
 20
490.5
 10
240.0
 20
490.5
 10
240.5
 20
490.5
 10
241.0
 20
490.5
 10
241.5
 20
490.5
 10
242.0
 20
490.5
 10
242.5
 20
490.0
 10
243.0
 20
490.0
 10
243.5
 20
489.5
 10
244.0
 20
489.5
 10
244.5
 20
489.5
 10
245.0
 20
489.5
 10
245.5
 20
489.5
 10
246.0
 20
489.5
 10
246.5
 20
490.0
 10
247.0
 20
490.0
 10
247.5
 20
490.0
 10
248.0
 20
490.0
 10
248.5
 20
490.0
 10
249.0
 20
490.0
 10
249.0
 20
490.5
 10
249.0
 20
491.0
 10
249.0
 20
491.5
 10
249.0
 20
492.0
 10
249.0
 20
492.5
 10
249.0
 20
493.0
 10
249.0
 20
493.5
 10
249.0
 20
494.0
 10
249.0
 20
494.5
 10
249.0
 20
495.0
 10
249.0
 20
495.5
 10
249.0
 20
496.0
 10
249.0
 20
496.5
 10
249.0
 20
497.0
 10
248.5
 20
497.0
 10
248.0
 20
497.5
 10
247.5
 20
497.5
 10
247.0
 20
497.5
 10
246.5
 20
497.5
 10
246.0
 20
498.0
 10
246.0
 20
498.5
 10
245.5
 20
498.5
 10
245.0
 20
498.5
 10
244.5
 20
498.5
 10
244.0
 20
498.5
 10
243.5
 20
498.5
 10
243.0
 20
498.5
 10
242.5
 20
498.5
 10
242.0
 20
499.0
 10
241.5
 20
499.5
 10
241.0
 20
499.5
 10
240.5
 20
499.5
 10
240.0
 20
499.5
 10
239.5
 20
499.5
 10
239.0
 20
499.5
 10
238.5
 20
499.5
 10
238.0
 20
499.5
 10
237.5
 20
499.5
 10
237.0
 20
499.5
 10
236.5
 20
499.5
 10
236.0
 20
499.5
 10
235.5
 20
499.5
  0
LWPOLYLINE
  5
BD
330
17
100
AcDbEntity
  8
CURB
370
25
100
AcDbPolyline
 90
362
 70
0
 10
4.5
 20
505.5
 10
4.5
 20
505.0
 10
4.0
 20
504.5
 10
3.5
 20
504.0
 10
3.0
 20
504.0
 10
3.0
 20
503.5
 10
3.0
 20
503.0
 10
3.0
 20
502.5
 10
3.0
 20
502.0
 10
3.0
 20
501.5
 10
3.5
 20
501.0
 10
3.5
 20
500.5
 10
3.5
 20
500.0
 10
3.5
 20
499.5
 10
3.5
 20
499.0
 10
3.5
 20
498.5
 10
3.5
 20
498.0
 10
3.0
 20
497.5
 10
3.0
 20
497.0
 10
3.0
 20
496.5
 10
2.5
 20
496.0
 10
2.0
 20
495.5
 10
1.5
 20
495.5
 10
1.0
 20
495.5
 10
0.5
 20
495.5
 10
0.0
 20
495.5
 10
0.0
 20
495.0
 10
0.5
 20
495.0
 10
1.0
 20
495.0
 10
1.5
 20
495.0
 10
2.0
 20
495.0
 10
2.5
 20
495.0
 10
3.0
 20
495.0
 10
3.5
 20
495.5
 10
3.5
 20
496.0
 10
3.5
 20
496.5
 10
4.0
 20
497.0
 10
4.0
 20
497.5
 10
4.0
 20
498.0
 10
4.0
 20
498.5
 10
4.0
 20
499.0
 10
4.0
 20
499.5
 10
4.0
 20
500.0
 10
4.0
 20
500.5
 10
4.0
 20
501.0
 10
4.0
 20
501.5
 10
4.0
 20
502.0
 10
3.5
 20
502.5
 10
3.5
 20
503.0
 10
4.0
 20
503.5
 10
4.5
 20
503.5
 10
5.0
 20
504.0
 10
5.0
 20
504.5
 10
5.5
 20
505.0
 10
6.0
 20
505.0
 10
6.5
 20
505.0
 10
7.0
 20
505.0
 10
7.5
 20
505.0
 10
8.0
 20
505.0
 10
8.5
 20
505.0
 10
9.0
 20
505.0
 10
9.5
 20
505.0
 10
10.0
 20
505.0
 10
10.5
 20
505.0
 10
11.0
 20
505.0
 10
11.5
 20
505.0
 10
12.0
 20
505.0
 10
12.5
 20
505.0
 10
13.0
 20
505.0
 10
13.5
 20
505.0
 10
14.0
 20
504.5
 10
14.0
 20
504.0
 10
14.0
 20
503.5
 10
14.5
 20
503.5
 10
15.0
 20
503.5
 10
15.5
 20
503.0
 10
15.5
 20
502.5
 10
15.5
 20
502.0
 10
16.0
 20
502.0
 10
16.5
 20
501.5
 10
16.5
 20
501.0
 10
16.5
 20
500.5
 10
17.0
 20
500.0
 10
17.0
 20
499.5
 10
17.0
 20
499.0
 10
17.0
 20
498.5
 10
16.5
 20
498.0
 10
16.0
 20
498.0
 10
15.5
 20
498.0
 10
15.0
 20
498.5
 10
15.0
 20
499.0
 10
15.0
 20
499.5
 10
15.0
 20
500.0
 10
15.0
 20
500.5
 10
14.5
 20
500.5
 10
14.0
 20
500.5
 10
13.5
 20
500.5
 10
13.0
 20
500.5
 10
12.5
 20
500.5
 10
12.0
 20
500.5
 10
11.5
 20
500.5
 10
11.0
 20
500.5
 10
10.5
 20
500.5
 10
10.0
 20
500.5
 10
9.5
 20
500.5
 10
9.5
 20
500.0
 10
9.5
 20
499.5
 10
9.5
 20
499.0
 10
9.5
 20
498.5
 10
9.5
 20
498.0
 10
9.5
 20
497.5
 10
9.5
 20
497.0
 10
9.5
 20
496.5
 10
9.5
 20
496.0
 10
9.5
 20
495.5
 10
9.5
 20
495.0
 10
10.0
 20
495.0
 10
10.5
 20
495.0
 10
11.0
 20
495.0
 10
11.5
 20
495.0
 10
12.0
 20
495.0
 10
12.5
 20
494.5
 10
12.5
 20
494.0
 10
12.5
 20
493.5
 10
12.5
 20
493.0
 10
12.0
 20
492.5
 10
12.0
 20
492.0
 10
12.0
 20
491.5
 10
12.0
 20
491.0
 10
12.0
 20
490.5
 10
12.0
 20
490.0
 10
12.0
 20
489.5
 10
12.0
 20
489.0
 10
12.0
 20
488.5
 10
12.0
 20
488.0
 10
12.0
 20
487.5
 10
11.5
 20
487.0
 10
11.5
 20
486.5
 10
11.5
 20
486.0
 10
11.5
 20
485.5
 10
11.0
 20
485.0
 10
10.5
 20
485.0
 10
10.0
 20
484.5
 10
10.0
 20
484.0
 10
10.0
 20
483.5
 10
9.5
 20
483.0
 10
9.5
 20
482.5
 10
9.5
 20
482.0
 10
9.0
 20
481.5
 10
8.5
 20
481.5
 10
8.0
 20
481.5
 10
8.0
 20
481.0
 10
8.0
 20
480.5
 10
8.0
 20
480.0
 10
7.5
 20
479.5
 10
7.5
 20
479.0
 10
7.5
 20
478.5
 10
7.5
 20
478.0
 10
7.5
 20
477.5
 10
7.5
 20
477.0
 10
7.5
 20
476.5
 10
7.5
 20
476.0
 10
7.5
 20
475.5
 10
7.5
 20
475.0
 10
7.5
 20
474.5
 10
7.0
 20
474.0
 10
6.5
 20
474.0
 10
6.0
 20
474.0
 10
5.5
 20
474.0
 10
5.0
 20
474.0
 10
4.5
 20
474.5
 10
4.5
 20
475.0
 10
4.5
 20
475.5
 10
4.5
 20
476.0
 10
4.5
 20
476.5
 10
4.5
 20
477.0
 10
4.0
 20
477.0
 10
3.5
 20
477.5
 10
3.0
 20
478.0
 10
3.5
 20
478.5
 10
3.5
 20
479.0
 10
3.5
 20
479.5
 10
3.5
 20
480.0
 10
3.5
 20
480.5
 10
3.5
 20
481.0
 10
3.5
 20
481.5
 10
3.5
 20
482.0
 10
4.0
 20
482.5
 10
4.0
 20
483.0
 10
4.0
 20
483.5
 10
4.0
 20
484.0
 10
4.0
 20
484.5
 10
4.0
 20
485.0
 10
4.0
 20
485.5
 10
4.0
 20
486.0
 10
4.0
 20
486.5
 10
3.5
 20
487.0
 10
3.0
 20
487.0
 10
2.5
 20
487.5
 10
2.0
 20
487.5
 10
1.5
 20
487.5
 10
1.0
 20
487.5
 10
0.5
 20
487.5
 10
0.0
 20
487.5
 10
0.0
 20
487.0
 10
0.5
 20
487.0
 10
1.0
 20
487.0
 10
1.5
 20
487.0
 10
2.0
 20
486.5
 10
2.5
 20
486.5
 10
3.0
 20
486.0
 10
3.5
 20
485.5
 10
3.5
 20
485.0
 10
3.5
 20
484.5
 10
3.5
 20
484.0
 10
3.5
 20
483.5
 10
3.0
 20
483.0
 10
3.0
 20
482.5
 10
3.0
 20
482.0
 10
3.0
 20
481.5
 10
3.0
 20
481.0
 10
3.0
 20
480.5
 10
3.0
 20
480.0
 10
3.0
 20
479.5
 10
2.5
 20
479.0
 10
2.5
 20
478.5
 10
2.5
 20
478.0
 10
2.5
 20
477.5
 10
2.5
 20
477.0
 10
3.0
 20
476.5
 10
3.5
 20
476.5
 10
4.0
 20
476.0
 10
4.0
 20
475.5
 10
4.0
 20
475.0
 10
4.0
 20
474.5
 10
4.0
 20
474.0
 10
4.0
 20
473.5
 10
4.5
 20
473.5
 10
5.0
 20
473.5
 10
5.5
 20
473.5
 10
6.0
 20
473.5
 10
6.5
 20
473.5
 10
7.0
 20
473.5
 10
7.5
 20
473.5
 10
8.0
 20
473.5
 10
8.0
 20
474.0
 10
8.0
 20
474.5
 10
8.0
 20
475.0
 10
8.0
 20
475.5
 10
8.0
 20
476.0
 10
8.0
 20
476.5
 10
8.0
 20
477.0
 10
8.0
 20
477.5
 10
8.0
 20
478.0
 10
8.0
 20
478.5
 10
8.5
 20
479.0
 10
8.5
 20
479.5
 10
8.5
 20
480.0
 10
8.5
 20
480.5
 10
9.0
 20
481.0
 10
9.5
 20
481.0
 10
10.0
 20
481.0
 10
10.0
 20
481.5
 10
10.0
 20
482.0
 10
10.5
 20
482.5
 10
10.5
 20
483.0
 10
10.5
 20
483.5
 10
11.0
 20
484.0
 10
11.5
 20
484.5
 10
12.0
 20
484.5
 10
12.0
 20
485.0
 10
12.0
 20
485.5
 10
12.0
 20
486.0
 10
12.5
 20
486.5
 10
12.5
 20
487.0
 10
12.5
 20
487.5
 10
12.5
 20
488.0
 10
12.5
 20
488.5
 10
12.5
 20
489.0
 10
12.5
 20
489.5
 10
12.5
 20
490.0
 10
12.5
 20
490.5
 10
12.5
 20
491.0
 10
12.5
 20
491.5
 10
13.0
 20
492.0
 10
13.0
 20
492.5
 10
13.0
 20
493.0
 10
13.0
 20
493.5
 10
13.0
 20
494.0
 10
13.0
 20
494.5
 10
13.0
 20
495.0
 10
13.0
 20
495.5
 10
12.5
 20
495.5
 10
12.0
 20
495.5
 10
11.5
 20
495.5
 10
11.0
 20
495.5
 10
10.5
 20
495.5
 10
10.0
 20
496.0
 10
10.0
 20
496.5
 10
10.0
 20
497.0
 10
10.0
 20
497.5
 10
10.0
 20
498.0
 10
10.0
 20
498.5
 10
10.0
 20
499.0
 10
10.0
 20
499.5
 10
10.5
 20
500.0
 10
11.0
 20
500.0
 10
11.5
 20
500.0
 10
12.0
 20
500.0
 10
12.5
 20
500.0
 10
13.0
 20
500.0
 10
13.5
 20
500.0
 10
14.0
 20
500.0
 10
14.5
 20
499.5
 10
14.5
 20
499.0
 10
14.5
 20
498.5
 10
14.5
 20
498.0
 10
14.5
 20
497.5
 10
15.0
 20
497.5
 10
15.5
 20
497.5
 10
16.0
 20
497.5
 10
16.5
 20
497.5
 10
17.0
 20
497.5
 10
17.5
 20
497.5
 10
17.5
 20
498.0
 10
17.5
 20
498.5
 10
17.5
 20
499.0
 10
17.5
 20
499.5
 10
17.5
 20
500.0
 10
17.5
 20
500.5
 10
17.5
 20
501.0
 10
17.0
 20
501.5
 10
17.0
 20
502.0
 10
17.0
 20
502.5
 10
16.5
 20
502.5
 10
16.0
 20
503.0
 10
16.0
 20
503.5
 10
16.0
 20
504.0
 10
15.5
 20
504.0
 10
15.0
 20
504.0
 10
14.5
 20
504.5
 10
14.5
 20
505.0
 10
14.5
 20
505.5
 10
14.0
 20
505.5
 10
13.5
 20
505.5
 10
13.0
 20
505.5
 10
12.5
 20
505.5
 10
12.0
 20
505.5
 10
11.5
 20
505.5
 10
11.0
 20
505.5
 10
10.5
 20
505.5
 10
10.0
 20
505.5
 10
9.5
 20
505.5
 10
9.0
 20
505.5
 10
8.5
 20
505.5
 10
8.0
 20
505.5
 10
7.5
 20
505.5
 10
7.0
 20
505.5
 10
6.5
 20
505.5
 10
6.0
 20
505.5
 10
5.5
 20
505.5
 10
5.0
 20
505.5
  0
LWPOLYLINE
  5
BE
330
17
100
AcDbEntity
  8
CURB
370
25
100
AcDbPolyline
 90
118
 70
0
 10
447.5
 20
509.5
 10
447.5
 20
509.0
 10
447.5
 20
508.5
 10
447.5
 20
508.0
 10
447.5
 20
507.5
 10
447.0
 20
507.0
 10
447.0
 20
506.5
 10
447.0
 20
506.0
 10
446.5
 20
505.5
 10
446.0
 20
505.5
 10
445.5
 20
505.5
 10
445.5
 20
505.0
 10
445.5
 20
504.5
 10
445.5
 20
504.0
 10
445.5
 20
503.5
 10
445.5
 20
503.0
 10
445.5
 20
502.5
 10
445.5
 20
502.0
 10
445.5
 20
501.5
 10
445.5
 20
501.0
 10
445.5
 20
500.5
 10
445.5
 20
500.0
 10
445.5
 20
499.5
 10
445.5
 20
499.0
 10
445.5
 20
498.5
 10
445.5
 20
498.0
 10
446.0
 20
497.5
 10
446.0
 20
497.0
 10
446.0
 20
496.5
 10
446.0
 20
496.0
 10
446.0
 20
495.5
 10
446.0
 20
495.0
 10
446.0
 20
494.5
 10
446.0
 20
494.0
 10
446.0
 20
493.5
 10
446.5
 20
493.5
 10
447.0
 20
493.0
 10
447.0
 20
492.5
 10
447.5
 20
492.5
 10
448.0
 20
492.5
 10
448.5
 20
492.5
 10
449.0
 20
492.5
 10
449.0
 20
493.0
 10
449.5
 20
493.5
 10
450.0
 20
494.0
 10
450.5
 20
494.0
 10
451.0
 20
494.0
 10
451.5
 20
494.5
 10
452.0
 20
494.5
 10
452.5
 20
494.5
 10
453.0
 20
494.5
 10
453.5
 20
494.5
 10
454.0
 20
494.5
 10
454.5
 20
494.5
 10
455.0
 20
494.5
 10
455.5
 20
494.5
 10
456.0
 20
494.5
 10
456.5
 20
494.0
 10
457.0
 20
493.5
 10
457.5
 20
493.5
 10
458.0
 20
493.5
 10
458.5
 20
493.5
 10
459.0
 20
493.5
 10
459.5
 20
493.5
 10
459.5
 20
494.0
 10
459.5
 20
494.5
 10
459.5
 20
495.0
 10
459.5
 20
495.5
 10
459.5
 20
496.0
 10
459.5
 20
496.5
 10
459.5
 20
497.0
 10
459.5
 20
497.5
 10
459.5
 20
498.0
 10
459.5
 20
498.5
 10
459.5
 20
499.0
 10
459.5
 20
499.5
 10
459.5
 20
500.0
 10
459.5
 20
500.5
 10
459.5
 20
501.0
 10
459.5
 20
501.5
 10
459.5
 20
502.0
 10
459.5
 20
502.5
 10
459.5
 20
503.0
 10
459.5
 20
503.5
 10
459.0
 20
503.5
 10
458.5
 20
503.5
 10
458.0
 20
504.0
 10
457.5
 20
504.0
 10
457.0
 20
504.0
 10
456.5
 20
504.5
 10
456.0
 20
504.5
 10
455.5
 20
505.0
 10
455.5
 20
505.5
 10
455.5
 20
506.0
 10
455.5
 20
506.5
 10
455.5
 20
507.0
 10
455.0
 20
507.0
 10
454.5
 20
507.0
 10
454.0
 20
507.0
 10
453.5
 20
507.0
 10
453.0
 20
507.0
 10
453.0
 20
506.5
 10
452.5
 20
506.0
 10
452.0
 20
506.0
 10
451.5
 20
506.0
 10
451.0
 20
506.0
 10
450.5
 20
506.0
 10
450.0
 20
506.0
 10
449.5
 20
506.5
 10
449.5
 20
507.0
 10
449.5
 20
507.5
 10
449.5
 20
508.0
 10
449.5
 20
508.5
 10
449.5
 20
509.0
 10
449.5
 20
509.5
 10
449.0
 20
509.5
 10
448.5
 20
509.5
 10
448.0
 20
509.5
  0
LWPOLYLINE
  5
BF
330
17
100
AcDbEntity
  8
CURB
370
25
100
AcDbPolyline
 90
117
 70
0
 10
456.0
 20
527.0
 10
455.5
 20
526.5
 10
455.0
 20
526.0
 10
454.5
 20
526.0
 10
454.0
 20
525.5
 10
453.5
 20
525.5
 10
453.0
 20
525.5
 10
452.5
 20
525.5
 10
452.0
 20
525.5
 10
451.5
 20
525.5
 10
451.0
 20
525.5
 10
450.5
 20
525.5
 10
450.0
 20
525.5
 10
449.5
 20
525.5
 10
449.0
 20
525.5
 10
448.5
 20
525.5
 10
448.0
 20
525.5
 10
447.5
 20
525.5
 10
447.0
 20
525.5
 10
446.5
 20
525.5
 10
446.0
 20
525.5
 10
445.5
 20
525.5
 10
445.0
 20
525.5
 10
444.5
 20
525.5
 10
444.0
 20
525.5
 10
443.5
 20
525.5
 10
443.0
 20
525.5
 10
442.5
 20
525.5
 10
442.0
 20
525.5
 10
441.5
 20
525.5
 10
441.0
 20
525.5
 10
440.5
 20
525.5
 10
440.0
 20
525.5
 10
439.5
 20
525.5
 10
439.5
 20
525.0
 10
439.0
 20
524.5
 10
438.5
 20
524.5
 10
438.5
 20
524.0
 10
438.5
 20
523.5
 10
438.0
 20
523.0
 10
438.0
 20
522.5
 10
438.0
 20
522.0
 10
438.0
 20
521.5
 10
438.0
 20
521.0
 10
438.0
 20
520.5
 10
438.0
 20
520.0
 10
438.0
 20
519.5
 10
438.0
 20
519.0
 10
438.0
 20
518.5
 10
438.0
 20
518.0
 10
438.5
 20
518.0
 10
439.0
 20
517.5
 10
439.0
 20
517.0
 10
439.5
 20
516.5
 10
439.5
 20
516.0
 10
439.5
 20
515.5
 10
440.0
 20
515.5
 10
440.5
 20
515.5
 10
441.0
 20
515.5
 10
441.5
 20
515.5
 10
441.5
 20
516.0
 10
442.0
 20
516.5
 10
442.0
 20
517.0
 10
442.5
 20
517.5
 10
443.0
 20
518.0
 10
443.0
 20
518.5
 10
443.5
 20
519.0
 10
444.0
 20
519.5
 10
444.5
 20
520.0
 10
445.0
 20
520.0
 10
445.5
 20
520.5
 10
446.0
 20
520.5
 10
446.5
 20
520.5
 10
447.0
 20
520.5
 10
447.5
 20
520.5
 10
448.0
 20
520.5
 10
448.5
 20
520.5
 10
449.0
 20
520.5
 10
449.5
 20
521.0
 10
450.0
 20
521.5
 10
450.5
 20
521.5
 10
451.0
 20
521.5
 10
451.5
 20
521.5
 10
452.0
 20
521.5
 10
452.5
 20
521.5
 10
453.0
 20
521.0
 10
453.5
 20
521.0
 10
454.0
 20
521.0
 10
454.5
 20
520.5
 10
455.0
 20
520.5
 10
455.5
 20
520.5
 10
456.0
 20
520.5
 10
456.5
 20
520.5
 10
457.0
 20
520.5
 10
457.5
 20
520.5
 10
458.0
 20
520.5
 10
458.5
 20
521.0
 10
459.0
 20
521.0
 10
459.5
 20
521.0
 10
459.5
 20
521.5
 10
459.5
 20
522.0
 10
459.5
 20
522.5
 10
459.5
 20
523.0
 10
459.5
 20
523.5
 10
459.5
 20
524.0
 10
459.5
 20
524.5
 10
459.5
 20
525.0
 10
459.5
 20
525.5
 10
459.5
 20
526.0
 10
459.5
 20
526.5
 10
459.5
 20
527.0
 10
459.0
 20
527.0
 10
458.5
 20
527.0
 10
458.0
 20
527.0
 10
457.5
 20
527.0
 10
457.0
 20
527.0
 10
456.5
 20
527.0
  0
LWPOLYLINE
  5
C0
330
17
100
AcDbEntity
  8
CURB
370
25
100
AcDbPolyline
 90
138
 70
0
 10
404.0
 20
527.5
 10
404.0
 20
527.0
 10
404.0
 20
526.5
 10
403.5
 20
526.0
 10
403.0
 20
526.0
 10
403.0
 20
525.5
 10
402.5
 20
525.0
 10
402.5
 20
524.5
 10
402.5
 20
524.0
 10
402.5
 20
523.5
 10
402.5
 20
523.0
 10
402.5
 20
522.5
 10
402.5
 20
522.0
 10
402.5
 20
521.5
 10
402.5
 20
521.0
 10
402.5
 20
520.5
 10
402.5
 20
520.0
 10
402.5
 20
519.5
 10
402.5
 20
519.0
 10
402.5
 20
518.5
 10
402.5
 20
518.0
 10
402.5
 20
517.5
 10
402.5
 20
517.0
 10
402.5
 20
516.5
 10
402.5
 20
516.0
 10
402.5
 20
515.5
 10
402.5
 20
515.0
 10
402.5
 20
514.5
 10
403.0
 20
514.5
 10
403.5
 20
514.5
 10
404.0
 20
514.0
 10
404.0
 20
513.5
 10
404.5
 20
513.0
 10
405.0
 20
513.0
 10
405.5
 20
513.0
 10
406.0
 20
513.0
 10
406.5
 20
513.0
 10
407.0
 20
513.0
 10
407.0
 20
513.5
 10
407.0
 20
514.0
 10
407.5
 20
514.5
 10
408.0
 20
514.5
 10
408.5
 20
514.5
 10
409.0
 20
515.0
 10
409.5
 20
515.0
 10
409.5
 20
515.5
 10
410.0
 20
516.0
 10
410.5
 20
516.0
 10
411.0
 20
516.5
 10
411.5
 20
516.5
 10
412.0
 20
516.5
 10
412.5
 20
516.5
 10
413.0
 20
516.5
 10
413.5
 20
516.5
 10
414.0
 20
516.5
 10
414.5
 20
516.0
 10
415.0
 20
516.0
 10
415.5
 20
516.0
 10
416.0
 20
516.0
 10
416.5
 20
515.5
 10
416.5
 20
515.0
 10
417.0
 20
515.0
 10
417.5
 20
514.5
 10
417.5
 20
514.0
 10
417.5
 20
513.5
 10
417.5
 20
513.0
 10
418.0
 20
512.5
 10
418.5
 20
512.5
 10
419.0
 20
512.0
 10
419.0
 20
511.5
 10
419.5
 20
511.0
 10
420.0
 20
511.0
 10
420.5
 20
511.0
 10
421.0
 20
511.0
 10
421.5
 20
511.0
 10
421.5
 20
511.5
 10
421.5
 20
512.0
 10
421.5
 20
512.5
 10
422.0
 20
513.0
 10
422.5
 20
513.0
 10
423.0
 20
513.0
 10
423.5
 20
513.0
 10
424.0
 20
513.0
 10
424.5
 20
513.0
 10
424.5
 20
513.5
 10
424.5
 20
514.0
 10
424.5
 20
514.5
 10
425.0
 20
515.0
 10
425.0
 20
515.5
 10
425.0
 20
516.0
 10
425.0
 20
516.5
 10
425.0
 20
517.0
 10
424.5
 20
517.0
 10
424.0
 20
517.0
 10
423.5
 20
517.0
 10
423.0
 20
517.0
 10
422.5
 20
517.0
 10
422.0
 20
517.0
 10
421.5
 20
517.5
 10
421.5
 20
518.0
 10
421.0
 20
518.0
 10
420.5
 20
518.0
 10
420.0
 20
518.5
 10
419.5
 20
519.0
 10
419.0
 20
519.0
 10
418.5
 20
519.0
 10
418.0
 20
519.0
 10
417.5
 20
519.0
 10
417.0
 20
519.5
 10
416.5
 20
520.0
 10
416.5
 20
520.5
 10
416.5
 20
521.0
 10
416.0
 20
521.5
 10
416.0
 20
522.0
 10
415.5
 20
522.5
 10
415.5
 20
523.0
 10
415.0
 20
523.5
 10
414.5
 20
524.0
 10
414.0
 20
524.5
 10
413.5
 20
525.0
 10
413.0
 20
525.0
 10
412.5
 20
525.5
 10
412.0
 20
525.5
 10
411.5
 20
526.0
 10
411.0
 20
526.0
 10
410.5
 20
526.5
 10
410.0
 20
526.5
 10
409.5
 20
526.5
 10
409.0
 20
526.5
 10
408.5
 20
527.0
 10
408.0
 20
527.5
 10
407.5
 20
527.5
 10
407.0
 20
527.5
 10
406.5
 20
527.5
 10
406.0
 20
527.5
 10
405.5
 20
527.5
 10
405.0
 20
527.5
 10
404.5
 20
527.5
  0
LWPOLYLINE
  5
C1
330
17
100
AcDbEntity
  8
CURB
370
25
100
AcDbPolyline
 90
109
 70
0
 10
87.0
 20
530.0
 10
86.5
 20
529.5
 10
86.0
 20
529.5
 10
85.5
 20
529.5
 10
85.0
 20
529.5
 10
84.5
 20
529.5
 10
84.0
 20
529.5
 10
83.5
 20
529.0
 10
83.0
 20
529.0
 10
82.5
 20
529.0
 10
82.0
 20
529.0
 10
81.5
 20
529.0
 10
81.0
 20
529.0
 10
80.5
 20
529.0
 10
80.0
 20
529.0
 10
79.5
 20
529.0
 10
79.0
 20
528.5
 10
78.5
 20
528.5
 10
78.0
 20
528.5
 10
77.5
 20
528.5
 10
77.0
 20
528.0
 10
76.5
 20
527.5
 10
76.0
 20
527.5
 10
75.5
 20
527.5
 10
75.0
 20
527.5
 10
74.5
 20
527.5
 10
74.0
 20
527.5
 10
73.5
 20
527.5
 10
73.0
 20
527.5
 10
73.0
 20
527.0
 10
72.5
 20
526.5
 10
72.0
 20
526.5
 10
72.0
 20
526.0
 10
72.0
 20
525.5
 10
72.0
 20
525.0
 10
72.0
 20
524.5
 10
72.0
 20
524.0
 10
72.0
 20
523.5
 10
72.0
 20
523.0
 10
72.0
 20
522.5
 10
72.5
 20
522.5
 10
73.0
 20
522.5
 10
73.5
 20
522.0
 10
74.0
 20
522.0
 10
74.5
 20
522.0
 10
75.0
 20
522.0
 10
75.5
 20
521.5
 10
76.0
 20
521.0
 10
76.0
 20
520.5
 10
76.5
 20
520.5
 10
77.0
 20
520.5
 10
77.5
 20
520.5
 10
78.0
 20
520.5
 10
78.5
 20
520.5
 10
79.0
 20
520.5
 10
79.5
 20
520.5
 10
80.0
 20
521.0
 10
80.5
 20
521.0
 10
81.0
 20
521.0
 10
81.5
 20
521.0
 10
82.0
 20
521.0
 10
82.5
 20
521.0
 10
83.0
 20
521.0
 10
83.5
 20
521.0
 10
84.0
 20
521.0
 10
84.5
 20
521.0
 10
85.0
 20
521.0
 10
85.5
 20
521.5
 10
86.0
 20
521.5
 10
86.5
 20
521.5
 10
87.0
 20
521.5
 10
87.5
 20
521.5
 10
88.0
 20
521.5
 10
88.5
 20
521.5
 10
89.0
 20
521.5
 10
89.5
 20
521.5
 10
90.0
 20
521.5
 10
90.5
 20
521.5
 10
91.0
 20
521.5
 10
91.5
 20
521.5
 10
92.0
 20
522.0
 10
92.5
 20
522.5
 10
93.0
 20
522.5
 10
93.5
 20
522.5
 10
94.0
 20
523.0
 10
94.0
 20
523.5
 10
94.0
 20
524.0
 10
94.0
 20
524.5
 10
94.0
 20
525.0
 10
94.0
 20
525.5
 10
94.0
 20
526.0
 10
94.0
 20
526.5
 10
93.5
 20
527.0
 10
93.5
 20
527.5
 10
93.5
 20
528.0
 10
93.5
 20
528.5
 10
93.5
 20
529.0
 10
93.0
 20
529.5
 10
92.5
 20
529.5
 10
92.0
 20
529.5
 10
91.5
 20
530.0
 10
91.0
 20
530.0
 10
90.5
 20
530.0
 10
90.0
 20
530.0
 10
89.5
 20
530.0
 10
89.0
 20
530.0
 10
88.5
 20
530.0
 10
88.0
 20
530.0
 10
87.5
 20
530.0
  0
LWPOLYLINE
  5
C2
330
17
100
AcDbEntity
  8
CURB
370
25
100
AcDbPolyline
 90
166
 70
0
 10
780.5
 20
532.5
 10
780.5
 20
532.0
 10
780.5
 20
531.5
 10
780.5
 20
531.0
 10
780.0
 20
530.5
 10
780.0
 20
530.0
 10
780.0
 20
529.5
 10
780.0
 20
529.0
 10
780.0
 20
528.5
 10
780.0
 20
528.0
 10
780.0
 20
527.5
 10
780.0
 20
527.0
 10
780.0
 20
526.5
 10
780.0
 20
526.0
 10
780.0
 20
525.5
 10
780.0
 20
525.0
 10
780.0
 20
524.5
 10
780.0
 20
524.0
 10
780.0
 20
523.5
 10
780.0
 20
523.0
 10
780.0
 20
522.5
 10
780.5
 20
522.0
 10
780.5
 20
521.5
 10
780.5
 20
521.0
 10
780.5
 20
520.5
 10
780.5
 20
520.0
 10
780.5
 20
519.5
 10
781.0
 20
519.0
 10
781.5
 20
519.0
 10
782.0
 20
519.0
 10
782.5
 20
519.0
 10
783.0
 20
518.5
 10
783.0
 20
518.0
 10
783.0
 20
517.5
 10
783.0
 20
517.0
 10
783.0
 20
516.5
 10
783.0
 20
516.0
 10
782.5
 20
515.5
 10
782.5
 20
515.0
 10
782.5
 20
514.5
 10
782.5
 20
514.0
 10
782.5
 20
513.5
 10
782.5
 20
513.0
 10
782.5
 20
512.5
 10
783.0
 20
512.5
 10
783.5
 20
512.5
 10
784.0
 20
512.5
 10
784.5
 20
512.5
 10
785.0
 20
512.5
 10
785.5
 20
512.5
 10
786.0
 20
512.0
 10
786.0
 20
511.5
 10
786.0
 20
511.0
 10
786.0
 20
510.5
 10
786.5
 20
510.0
 10
787.0
 20
510.0
 10
787.5
 20
510.0
 10
788.0
 20
510.0
 10
788.5
 20
510.0
 10
789.0
 20
510.0
 10
789.5
 20
510.0
 10
790.0
 20
510.0
 10
790.5
 20
510.0
 10
791.0
 20
510.0
 10
791.5
 20
510.0
 10
792.0
 20
510.0
 10
792.5
 20
510.0
 10
792.5
 20
510.5
 10
792.5
 20
511.0
 10
792.5
 20
511.5
 10
792.5
 20
512.0
 10
793.0
 20
512.5
 10
793.0
 20
513.0
 10
793.5
 20
513.5
 10
794.0
 20
513.5
 10
794.5
 20
513.5
 10
795.0
 20
513.5
 10
795.5
 20
513.5
 10
796.0
 20
513.5
 10
796.5
 20
513.5
 10
796.5
 20
514.0
 10
796.5
 20
514.5
 10
796.5
 20
515.0
 10
796.5
 20
515.5
 10
796.0
 20
515.5
 10
795.5
 20
515.5
 10
795.0
 20
515.5
 10
794.5
 20
515.5
 10
794.0
 20
515.5
 10
793.5
 20
515.5
 10
793.0
 20
516.0
 10
793.0
 20
516.5
 10
793.0
 20
517.0
 10
793.0
 20
517.5
 10
793.0
 20
518.0
 10
793.0
 20
518.5
 10
793.0
 20
519.0
 10
793.0
 20
519.5
 10
792.5
 20
519.5
 10
792.0
 20
520.0
 10
792.0
 20
520.5
 10
792.0
 20
521.0
 10
792.0
 20
521.5
 10
791.5
 20
521.5
 10
791.0
 20
521.5
 10
790.5
 20
521.5
 10
790.0
 20
521.5
 10
789.5
 20
522.0
 10
789.0
 20
522.0
 10
788.5
 20
522.5
 10
788.5
 20
523.0
 10
788.5
 20
523.5
 10
788.5
 20
524.0
 10
788.5
 20
524.5
 10
788.5
 20
525.0
 10
788.5
 20
525.5
 10
789.0
 20
526.0
 10
789.5
 20
526.0
 10
790.0
 20
526.0
 10
790.5
 20
526.0
 10
791.0
 20
526.0
 10
791.5
 20
526.0
 10
792.0
 20
526.0
 10
792.0
 20
526.5
 10
792.5
 20
527.0
 10
793.0
 20
527.0
 10
793.5
 20
527.0
 10
794.0
 20
527.0
 10
794.5
 20
527.0
 10
795.0
 20
527.5
 10
795.0
 20
528.0
 10
795.0
 20
528.5
 10
795.0
 20
529.0
 10
795.0
 20
529.5
 10
794.5
 20
530.0
 10
794.5
 20
530.5
 10
794.0
 20
530.5
 10
793.5
 20
530.5
 10
793.0
 20
530.5
 10
792.5
 20
530.5
 10
792.0
 20
531.0
 10
792.0
 20
531.5
 10
792.0
 20
532.0
 10
792.0
 20
532.5
 10
791.5
 20
532.5
 10
791.0
 20
532.5
 10
790.5
 20
532.5
 10
790.0
 20
532.5
 10
789.5
 20
532.5
 10
789.0
 20
532.5
 10
788.5
 20
532.5
 10
788.0
 20
532.5
 10
787.5
 20
532.5
 10
787.0
 20
532.5
 10
786.5
 20
532.5
 10
786.0
 20
532.5
 10
785.5
 20
532.5
 10
785.0
 20
532.5
 10
784.5
 20
532.5
 10
784.0
 20
532.5
 10
783.5
 20
532.5
 10
783.0
 20
532.5
 10
782.5
 20
532.5
 10
782.0
 20
532.5
 10
781.5
 20
532.5
 10
781.0
 20
532.5
  0
LWPOLYLINE
  5
C3
330
17
100
AcDbEntity
  8
CURB
370
25
100
AcDbPolyline
 90
130
 70
0
 10
1006.0
 20
537.5
 10
1006.0
 20
537.0
 10
1006.0
 20
536.5
 10
1006.0
 20
536.0
 10
1006.0
 20
535.5
 10
1006.0
 20
535.0
 10
1006.0
 20
534.5
 10
1006.0
 20
534.0
 10
1006.0
 20
533.5
 10
1006.0
 20
533.0
 10
1006.0
 20
532.5
 10
1006.0
 20
532.0
 10
1006.0
 20
531.5
 10
1006.0
 20
531.0
 10
1006.0
 20
530.5
 10
1006.0
 20
530.0
 10
1006.0
 20
529.5
 10
1006.0
 20
529.0
 10
1006.0
 20
528.5
 10
1006.0
 20
528.0
 10
1006.0
 20
527.5
 10
1006.0
 20
527.0
 10
1006.0
 20
526.5
 10
1006.0
 20
526.0
 10
1006.0
 20
525.5
 10
1006.0
 20
525.0
 10
1006.0
 20
524.5
 10
1006.0
 20
524.0
 10
1006.0
 20
523.5
 10
1006.0
 20
523.0
 10
1005.5
 20
522.5
 10
1005.5
 20
522.0
 10
1005.5
 20
521.5
 10
1005.5
 20
521.0
 10
1005.5
 20
520.5
 10
1005.5
 20
520.0
 10
1005.5
 20
519.5
 10
1005.5
 20
519.0
 10
1005.5
 20
518.5
 10
1005.5
 20
518.0
 10
1005.5
 20
517.5
 10
1005.5
 20
517.0
 10
1005.5
 20
516.5
 10
1005.5
 20
516.0
 10
1005.5
 20
515.5
 10
1005.5
 20
515.0
 10
1005.5
 20
514.5
 10
1006.0
 20
514.5
 10
1006.5
 20
514.5
 10
1007.0
 20
514.5
 10
1007.5
 20
514.5
 10
1008.0
 20
514.5
 10
1008.5
 20
514.5
 10
1009.0
 20
514.5
 10
1009.5
 20
514.5
 10
1010.0
 20
514.5
 10
1010.5
 20
514.5
 10
1011.0
 20
514.5
 10
1011.5
 20
514.5
 10
1012.0
 20
514.5
 10
1012.5
 20
514.5
 10
1013.0
 20
514.5
 10
1013.5
 20
514.5
 10
1014.0
 20
514.5
 10
1014.5
 20
515.0
 10
1015.0
 20
515.5
 10
1015.5
 20
515.5
 10
1016.0
 20
515.5
 10
1016.0
 20
516.0
 10
1016.0
 20
516.5
 10
1016.0
 20
517.0
 10
1016.0
 20
517.5
 10
1016.0
 20
518.0
 10
1016.0
 20
518.5
 10
1016.0
 20
519.0
 10
1016.0
 20
519.5
 10
1016.0
 20
520.0
 10
1016.5
 20
520.5
 10
1016.5
 20
521.0
 10
1016.5
 20
521.5
 10
1016.5
 20
522.0
 10
1017.0
 20
522.5
 10
1017.0
 20
523.0
 10
1017.0
 20
523.5
 10
1017.5
 20
524.0
 10
1018.0
 20
524.5
 10
1018.0
 20
525.0
 10
1018.0
 20
525.5
 10
1018.0
 20
526.0
 10
1018.0
 20
526.5
 10
1018.0
 20
527.0
 10
1018.5
 20
527.5
 10
1018.5
 20
528.0
 10
1018.5
 20
528.5
 10
1018.5
 20
529.0
 10
1018.5
 20
529.5
 10
1018.5
 20
530.0
 10
1018.5
 20
530.5
 10
1018.0
 20
531.0
 10
1018.0
 20
531.5
 10
1018.0
 20
532.0
 10
1018.0
 20
532.5
 10
1018.0
 20
533.0
 10
1018.0
 20
533.5
 10
1017.5
 20
533.5
 10
1017.0
 20
533.5
 10
1016.5
 20
534.0
 10
1016.5
 20
534.5
 10
1016.5
 20
535.0
 10
1016.0
 20
535.5
 10
1015.5
 20
536.0
 10
1015.5
 20
536.5
 10
1015.0
 20
536.5
 10
1014.5
 20
536.5
 10
1014.0
 20
536.5
 10
1013.5
 20
536.5
 10
1013.0
 20
537.0
 10
1012.5
 20
537.5
 10
1012.0
 20
537.5
 10
1011.5
 20
537.5
 10
1011.0
 20
537.5
 10
1010.5
 20
537.5
 10
1010.0
 20
537.5
 10
1009.5
 20
537.5
 10
1009.0
 20
537.5
 10
1008.5
 20
537.5
 10
1008.0
 20
537.5
 10
1007.5
 20
537.5
 10
1007.0
 20
537.5
 10
1006.5
 20
537.5
  0
LWPOLYLINE
  5
C4
330
17
100
AcDbEntity
  8
CURB
370
25
100
AcDbPolyline
 90
111
 70
0
 10
864.5
 20
538.5
 10
864.5
 20
538.0
 10
864.0
 20
537.5
 10
863.5
 20
537.5
 10
863.0
 20
537.5
 10
863.0
 20
537.0
 10
863.0
 20
536.5
 10
863.0
 20
536.0
 10
863.0
 20
535.5
 10
863.5
 20
535.5
 10
864.0
 20
535.5
 10
864.5
 20
535.0
 10
865.0
 20
534.5
 10
865.5
 20
534.0
 10
865.5
 20
533.5
 10
866.0
 20
533.0
 10
866.0
 20
532.5
 10
866.0
 20
532.0
 10
866.0
 20
531.5
 10
866.0
 20
531.0
 10
866.5
 20
530.5
 10
866.5
 20
530.0
 10
866.5
 20
529.5
 10
866.5
 20
529.0
 10
866.5
 20
528.5
 10
866.5
 20
528.0
 10
867.0
 20
527.5
 10
867.0
 20
527.0
 10
867.0
 20
526.5
 10
867.0
 20
526.0
 10
867.0
 20
525.5
 10
867.0
 20
525.0
 10
867.0
 20
524.5
 10
867.0
 20
524.0
 10
867.0
 20
523.5
 10
867.0
 20
523.0
 10
867.0
 20
522.5
 10
867.0
 20
522.0
 10
867.0
 20
521.5
 10
867.0
 20
521.0
 10
867.0
 20
520.5
 10
866.5
 20
520.0
 10
866.0
 20
520.0
 10
866.0
 20
519.5
 10
866.0
 20
519.0
 10
866.0
 20
518.5
 10
866.0
 20
518.0
 10
866.0
 20
517.5
 10
866.5
 20
517.5
 10
867.0
 20
517.5
 10
867.5
 20
517.5
 10
868.0
 20
517.5
 10
868.5
 20
517.5
 10
869.0
 20
517.5
 10
869.5
 20
517.5
 10
870.0
 20
517.5
 10
870.5
 20
517.5
 10
871.0
 20
517.5
 10
871.0
 20
518.0
 10
871.0
 20
518.5
 10
871.0
 20
519.0
 10
871.0
 20
519.5
 10
871.0
 20
520.0
 10
871.0
 20
520.5
 10
871.0
 20
521.0
 10
871.0
 20
521.5
 10
871.5
 20
522.0
 10
872.0
 20
522.5
 10
872.0
 20
523.0
 10
872.0
 20
523.5
 10
872.0
 20
524.0
 10
872.0
 20
524.5
 10
872.5
 20
525.0
 10
872.5
 20
525.5
 10
873.0
 20
526.0
 10
873.0
 20
526.5
 10
873.5
 20
527.0
 10
874.0
 20
527.5
 10
874.5
 20
528.0
 10
874.5
 20
528.5
 10
874.5
 20
529.0
 10
874.5
 20
529.5
 10
874.5
 20
530.0
 10
874.0
 20
530.5
 10
873.5
 20
531.0
 10
873.5
 20
531.5
 10
873.0
 20
532.0
 10
873.0
 20
532.5
 10
872.5
 20
533.0
 10
872.5
 20
533.5
 10
872.5
 20
534.0
 10
872.5
 20
534.5
 10
872.0
 20
535.0
 10
871.5
 20
535.5
 10
871.5
 20
536.0
 10
871.0
 20
536.5
 10
871.0
 20
537.0
 10
871.0
 20
537.5
 10
870.5
 20
537.5
 10
870.0
 20
537.5
 10
869.5
 20
538.0
 10
869.5
 20
538.5
 10
869.0
 20
538.5
 10
868.5
 20
538.5
 10
868.0
 20
538.5
 10
867.5
 20
538.5
 10
867.0
 20
538.5
 10
866.5
 20
538.5
 10
866.0
 20
538.5
 10
865.5
 20
538.5
 10
865.0
 20
538.5
  0
LWPOLYLINE
  5
C5
330
17
100
AcDbEntity
  8
CURB
370
25
100
AcDbPolyline
 90
513
 70
0
 10
203.5
 20
550.5
 10
203.0
 20
550.0
 10
202.5
 20
550.0
 10
202.0
 20
549.5
 10
202.0
 20
549.0
 10
202.0
 20
548.5
 10
202.0
 20
548.0
 10
202.0
 20
547.5
 10
202.0
 20
547.0
 10
202.0
 20
546.5
 10
202.0
 20
546.0
 10
202.0
 20
545.5
 10
202.5
 20
545.0
 10
202.5
 20
544.5
 10
202.5
 20
544.0
 10
202.5
 20
543.5
 10
202.5
 20
543.0
 10
202.5
 20
542.5
 10
202.5
 20
542.0
 10
202.5
 20
541.5
 10
202.5
 20
541.0
 10
202.5
 20
540.5
 10
202.5
 20
540.0
 10
202.5
 20
539.5
 10
202.5
 20
539.0
 10
202.0
 20
538.5
 10
202.0
 20
538.0
 10
202.0
 20
537.5
 10
202.0
 20
537.0
 10
202.0
 20
536.5
 10
202.0
 20
536.0
 10
202.0
 20
535.5
 10
202.0
 20
535.0
 10
202.0
 20
534.5
 10
202.0
 20
534.0
 10
202.0
 20
533.5
 10
202.0
 20
533.0
 10
202.5
 20
532.5
 10
202.5
 20
532.0
 10
202.5
 20
531.5
 10
202.5
 20
531.0
 10
202.5
 20
530.5
 10
202.5
 20
530.0
 10
202.5
 20
529.5
 10
202.5
 20
529.0
 10
202.5
 20
528.5
 10
202.5
 20
528.0
 10
202.5
 20
527.5
 10
202.5
 20
527.0
 10
202.5
 20
526.5
 10
202.0
 20
526.0
 10
202.0
 20
525.5
 10
202.0
 20
525.0
 10
202.0
 20
524.5
 10
202.0
 20
524.0
 10
202.0
 20
523.5
 10
202.0
 20
523.0
 10
202.0
 20
522.5
 10
202.5
 20
522.0
 10
202.5
 20
521.5
 10
202.5
 20
521.0
 10
203.0
 20
520.5
 10
203.0
 20
520.0
 10
203.5
 20
519.5
 10
204.0
 20
519.0
 10
204.0
 20
518.5
 10
204.0
 20
518.0
 10
204.0
 20
517.5
 10
204.0
 20
517.0
 10
204.0
 20
516.5
 10
204.0
 20
516.0
 10
204.0
 20
515.5
 10
203.5
 20
515.0
 10
203.0
 20
514.5
 10
203.0
 20
514.0
 10
203.0
 20
513.5
 10
203.0
 20
513.0
 10
202.5
 20
512.5
 10
202.5
 20
512.0
 10
202.5
 20
511.5
 10
202.5
 20
511.0
 10
202.5
 20
510.5
 10
202.5
 20
510.0
 10
202.5
 20
509.5
 10
202.5
 20
509.0
 10
202.5
 20
508.5
 10
202.5
 20
508.0
 10
202.5
 20
507.5
 10
202.5
 20
507.0
 10
202.5
 20
506.5
 10
202.5
 20
506.0
 10
202.5
 20
505.5
 10
202.5
 20
505.0
 10
202.5
 20
504.5
 10
202.5
 20
504.0
 10
202.5
 20
503.5
 10
202.5
 20
503.0
 10
202.5
 20
502.5
 10
202.5
 20
502.0
 10
202.5
 20
501.5
 10
202.5
 20
501.0
 10
202.5
 20
500.5
 10
202.0
 20
500.0
 10
202.0
 20
499.5
 10
202.0
 20
499.0
 10
202.0
 20
498.5
 10
202.0
 20
498.0
 10
202.0
 20
497.5
 10
202.0
 20
497.0
 10
202.0
 20
496.5
 10
202.0
 20
496.0
 10
202.0
 20
495.5
 10
202.0
 20
495.0
 10
202.0
 20
494.5
 10
202.5
 20
494.0
 10
202.5
 20
493.5
 10
202.5
 20
493.0
 10
202.5
 20
492.5
 10
203.0
 20
492.5
 10
203.5
 20
492.5
 10
204.0
 20
492.0
 10
204.0
 20
491.5
 10
204.5
 20
491.5
 10
205.0
 20
491.0
 10
205.0
 20
490.5
 10
205.0
 20
490.0
 10
205.5
 20
489.5
 10
205.5
 20
489.0
 10
205.5
 20
488.5
 10
206.0
 20
488.0
 10
206.0
 20
487.5
 10
206.0
 20
487.0
 10
206.0
 20
486.5
 10
206.0
 20
486.0
 10
206.0
 20
485.5
 10
206.0
 20
485.0
 10
206.0
 20
484.5
 10
206.0
 20
484.0
 10
206.0
 20
483.5
 10
206.0
 20
483.0
 10
206.0
 20
482.5
 10
206.0
 20
482.0
 10
205.5
 20
481.5
 10
205.5
 20
481.0
 10
205.0
 20
480.5
 10
204.5
 20
480.0
 10
204.0
 20
479.5
 10
204.0
 20
479.0
 10
203.5
 20
478.5
 10
203.0
 20
478.5
 10
202.5
 20
478.5
 10
202.5
 20
478.0
 10
202.5
 20
477.5
 10
202.5
 20
477.0
 10
202.5
 20
476.5
 10
202.5
 20
476.0
 10
202.5
 20
475.5
 10
202.5
 20
475.0
 10
202.5
 20
474.5
 10
202.5
 20
474.0
 10
202.5
 20
473.5
 10
202.5
 20
473.0
 10
202.5
 20
472.5
 10
202.5
 20
472.0
 10
202.5
 20
471.5
 10
202.5
 20
471.0
 10
202.5
 20
470.5
 10
202.5
 20
470.0
 10
202.5
 20
469.5
 10
202.5
 20
469.0
 10
202.5
 20
468.5
 10
202.5
 20
468.0
 10
202.5
 20
467.5
 10
202.5
 20
467.0
 10
202.5
 20
466.5
 10
202.5
 20
466.0
 10
202.5
 20
465.5
 10
202.5
 20
465.0
 10
202.5
 20
464.5
 10
202.5
 20
464.0
 10
202.5
 20
463.5
 10
202.5
 20
463.0
 10
202.5
 20
462.5
 10
202.5
 20
462.0
 10
202.5
 20
461.5
 10
202.5
 20
461.0
 10
202.5
 20
460.5
 10
202.5
 20
460.0
 10
202.5
 20
459.5
 10
202.5
 20
459.0
 10
202.5
 20
458.5
 10
202.5
 20
458.0
 10
202.5
 20
457.5
 10
202.5
 20
457.0
 10
202.5
 20
456.5
 10
202.5
 20
456.0
 10
202.5
 20
455.5
 10
202.5
 20
455.0
 10
202.5
 20
454.5
 10
202.0
 20
454.0
 10
201.5
 20
453.5
 10
201.0
 20
453.0
 10
201.0
 20
452.5
 10
201.0
 20
452.0
 10
201.0
 20
451.5
 10
201.0
 20
451.0
 10
201.0
 20
450.5
 10
201.0
 20
450.0
 10
201.0
 20
449.5
 10
201.0
 20
449.0
 10
201.0
 20
448.5
 10
201.0
 20
448.0
 10
201.0
 20
447.5
 10
201.0
 20
447.0
 10
201.0
 20
446.5
 10
201.0
 20
446.0
 10
201.0
 20
445.5
 10
201.0
 20
445.0
 10
201.0
 20
444.5
 10
201.0
 20
444.0
 10
201.0
 20
443.5
 10
201.0
 20
443.0
 10
201.0
 20
442.5
 10
201.0
 20
442.0
 10
201.0
 20
441.5
 10
201.0
 20
441.0
 10
201.0
 20
440.5
 10
201.0
 20
440.0
 10
201.0
 20
439.5
 10
201.0
 20
439.0
 10
201.0
 20
438.5
 10
201.0
 20
438.0
 10
201.0
 20
437.5
 10
201.0
 20
437.0
 10
201.0
 20
436.5
 10
201.0
 20
436.0
 10
201.0
 20
435.5
 10
201.0
 20
435.0
 10
201.5
 20
434.5
 10
201.5
 20
434.0
 10
201.5
 20
433.5
 10
202.0
 20
433.5
 10
202.5
 20
433.0
 10
202.5
 20
432.5
 10
202.5
 20
432.0
 10
202.5
 20
431.5
 10
202.5
 20
431.0
 10
203.0
 20
431.0
 10
203.5
 20
431.0
 10
204.0
 20
431.0
 10
204.5
 20
431.0
 10
205.0
 20
431.5
 10
205.5
 20
432.0
 10
206.0
 20
432.0
 10
206.0
 20
432.5
 10
206.0
 20
433.0
 10
206.5
 20
433.5
 10
206.5
 20
434.0
 10
206.5
 20
434.5
 10
206.5
 20
435.0
 10
206.5
 20
435.5
 10
206.5
 20
436.0
 10
206.5
 20
436.5
 10
206.5
 20
437.0
 10
206.5
 20
437.5
 10
206.5
 20
438.0
 10
206.5
 20
438.5
 10
206.5
 20
439.0
 10
206.5
 20
439.5
 10
206.5
 20
440.0
 10
206.5
 20
440.5
 10
206.5
 20
441.0
 10
206.5
 20
441.5
 10
206.5
 20
442.0
 10
206.5
 20
442.5
 10
206.5
 20
443.0
 10
206.5
 20
443.5
 10
206.5
 20
444.0
 10
206.5
 20
444.5
 10
206.5
 20
445.0
 10
206.5
 20
445.5
 10
206.5
 20
446.0
 10
206.5
 20
446.5
 10
206.5
 20
447.0
 10
206.5
 20
447.5
 10
206.5
 20
448.0
 10
206.5
 20
448.5
 10
206.5
 20
449.0
 10
206.5
 20
449.5
 10
206.5
 20
450.0
 10
206.5
 20
450.5
 10
206.5
 20
451.0
 10
206.5
 20
451.5
 10
206.5
 20
452.0
 10
206.5
 20
452.5
 10
206.5
 20
453.0
 10
206.5
 20
453.5
 10
206.5
 20
454.0
 10
206.5
 20
454.5
 10
206.5
 20
455.0
 10
206.5
 20
455.5
 10
206.5
 20
456.0
 10
206.5
 20
456.5
 10
206.5
 20
457.0
 10
206.5
 20
457.5
 10
206.5
 20
458.0
 10
206.5
 20
458.5
 10
206.5
 20
459.0
 10
206.5
 20
459.5
 10
206.5
 20
460.0
 10
206.5
 20
460.5
 10
206.5
 20
461.0
 10
206.5
 20
461.5
 10
206.5
 20
462.0
 10
206.5
 20
462.5
 10
206.5
 20
463.0
 10
206.5
 20
463.5
 10
206.5
 20
464.0
 10
206.5
 20
464.5
 10
206.5
 20
465.0
 10
206.5
 20
465.5
 10
206.5
 20
466.0
 10
206.5
 20
466.5
 10
206.5
 20
467.0
 10
206.5
 20
467.5
 10
206.5
 20
468.0
 10
206.5
 20
468.5
 10
206.5
 20
469.0
 10
206.5
 20
469.5
 10
206.5
 20
470.0
 10
206.5
 20
470.5
 10
206.5
 20
471.0
 10
206.5
 20
471.5
 10
206.5
 20
472.0
 10
206.5
 20
472.5
 10
206.5
 20
473.0
 10
206.5
 20
473.5
 10
206.5
 20
474.0
 10
206.5
 20
474.5
 10
206.5
 20
475.0
 10
207.0
 20
475.5
 10
207.5
 20
475.5
 10
208.0
 20
475.5
 10
208.5
 20
475.5
 10
209.0
 20
475.5
 10
209.5
 20
475.5
 10
210.0
 20
475.5
 10
210.0
 20
476.0
 10
210.0
 20
476.5
 10
210.0
 20
477.0
 10
210.0
 20
477.5
 10
210.0
 20
478.0
 10
210.0
 20
478.5
 10
210.0
 20
479.0
 10
210.0
 20
479.5
 10
210.0
 20
480.0
 10
210.0
 20
480.5
 10
210.0
 20
481.0
 10
210.0
 20
481.5
 10
210.0
 20
482.0
 10
210.0
 20
482.5
 10
210.0
 20
483.0
 10
210.0
 20
483.5
 10
210.0
 20
484.0
 10
210.0
 20
484.5
 10
210.0
 20
485.0
 10
210.0
 20
485.5
 10
210.0
 20
486.0
 10
210.0
 20
486.5
 10
210.0
 20
487.0
 10
209.5
 20
487.5
 10
209.5
 20
488.0
 10
209.5
 20
488.5
 10
209.5
 20
489.0
 10
209.5
 20
489.5
 10
209.0
 20
490.0
 10
208.5
 20
490.5
 10
208.5
 20
491.0
 10
208.0
 20
491.5
 10
208.0
 20
492.0
 10
208.0
 20
492.5
 10
208.0
 20
493.0
 10
207.5
 20
493.5
 10
207.5
 20
494.0
 10
207.5
 20
494.5
 10
207.5
 20
495.0
 10
207.5
 20
495.5
 10
207.5
 20
496.0
 10
207.5
 20
496.5
 10
207.5
 20
497.0
 10
207.5
 20
497.5
 10
207.5
 20
498.0
 10
207.0
 20
498.0
 10
206.5
 20
498.0
 10
206.0
 20
498.0
 10
205.5
 20
498.5
 10
205.5
 20
499.0
 10
205.5
 20
499.5
 10
205.5
 20
500.0
 10
205.5
 20
500.5
 10
205.5
 20
501.0
 10
205.5
 20
501.5
 10
205.5
 20
502.0
 10
205.5
 20
502.5
 10
205.5
 20
503.0
 10
205.0
 20
503.5
 10
205.0
 20
504.0
 10
205.0
 20
504.5
 10
205.0
 20
505.0
 10
205.0
 20
505.5
 10
205.0
 20
506.0
 10
205.0
 20
506.5
 10
205.0
 20
507.0
 10
205.5
 20
507.5
 10
206.0
 20
508.0
 10
206.0
 20
508.5
 10
206.0
 20
509.0
 10
206.0
 20
509.5
 10
206.0
 20
510.0
 10
206.0
 20
510.5
 10
206.5
 20
511.0
 10
207.0
 20
511.0
 10
207.5
 20
511.0
 10
208.0
 20
511.0
 10
208.5
 20
511.0
 10
209.0
 20
511.0
 10
209.5
 20
511.0
 10
209.5
 20
511.5
 10
209.5
 20
512.0
 10
209.5
 20
512.5
 10
209.5
 20
513.0
 10
209.5
 20
513.5
 10
209.5
 20
514.0
 10
209.5
 20
514.5
 10
209.5
 20
515.0
 10
209.5
 20
515.5
 10
209.5
 20
516.0
 10
209.5
 20
516.5
 10
209.5
 20
517.0
 10
209.5
 20
517.5
 10
209.5
 20
518.0
 10
209.5
 20
518.5
 10
209.5
 20
519.0
 10
209.5
 20
519.5
 10
209.5
 20
520.0
 10
209.5
 20
520.5
 10
209.5
 20
521.0
 10
210.0
 20
521.5
 10
210.0
 20
522.0
 10
210.0
 20
522.5
 10
210.0
 20
523.0
 10
210.0
 20
523.5
 10
210.0
 20
524.0
 10
210.0
 20
524.5
 10
210.0
 20
525.0
 10
210.0
 20
525.5
 10
210.0
 20
526.0
 10
210.0
 20
526.5
 10
210.0
 20
527.0
 10
210.0
 20
527.5
 10
210.0
 20
528.0
 10
210.0
 20
528.5
 10
210.0
 20
529.0
 10
210.0
 20
529.5
 10
210.0
 20
530.0
 10
210.0
 20
530.5
 10
210.0
 20
531.0
 10
210.0
 20
531.5
 10
210.0
 20
532.0
 10
210.0
 20
532.5
 10
210.0
 20
533.0
 10
210.0
 20
533.5
 10
210.0
 20
534.0
 10
210.0
 20
534.5
 10
210.0
 20
535.0
 10
210.0
 20
535.5
 10
210.0
 20
536.0
 10
210.0
 20
536.5
 10
210.0
 20
537.0
 10
210.0
 20
537.5
 10
210.0
 20
538.0
 10
210.0
 20
538.5
 10
210.0
 20
539.0
 10
210.0
 20
539.5
 10
210.0
 20
540.0
 10
210.0
 20
540.5
 10
209.5
 20
541.0
 10
209.5
 20
541.5
 10
209.5
 20
542.0
 10
209.5
 20
542.5
 10
209.0
 20
543.0
 10
208.5
 20
543.0
 10
208.0
 20
543.5
 10
208.0
 20
544.0
 10
207.5
 20
544.5
 10
207.5
 20
545.0
 10
207.5
 20
545.5
 10
207.5
 20
546.0
 10
207.5
 20
546.5
 10
207.5
 20
547.0
 10
207.5
 20
547.5
 10
207.0
 20
547.5
 10
206.5
 20
547.5
 10
206.0
 20
547.5
 10
205.5
 20
548.0
 10
205.5
 20
548.5
 10
205.5
 20
549.0
 10
205.5
 20
549.5
 10
205.5
 20
550.0
 10
205.5
 20
550.5
 10
205.0
 20
550.5
 10
204.5
 20
550.5
 10
204.0
 20
550.5
  0
LWPOLYLINE
  5
C6
330
17
100
AcDbEntity
  8
CURB
370
25
100
AcDbPolyline
 90
118
 70
0
 10
240.5
 20
556.5
 10
240.0
 20
556.0
 10
239.5
 20
555.5
 10
239.0
 20
555.0
 10
238.5
 20
555.0
 10
238.0
 20
555.0
 10
237.5
 20
555.0
 10
237.0
 20
555.0
 10
236.5
 20
555.0
 10
236.0
 20
555.0
 10
235.5
 20
555.0
 10
235.0
 20
555.0
 10
234.5
 20
555.0
 10
234.0
 20
555.0
 10
233.5
 20
555.0
 10
233.0
 20
555.0
 10
232.5
 20
555.0
 10
232.0
 20
555.0
 10
231.5
 20
555.0
 10
231.5
 20
554.5
 10
231.5
 20
554.0
 10
231.5
 20
553.5
 10
231.5
 20
553.0
 10
231.5
 20
552.5
 10
231.5
 20
552.0
 10
231.5
 20
551.5
 10
231.0
 20
551.0
 10
230.5
 20
550.5
 10
230.0
 20
550.0
 10
229.5
 20
550.0
 10
229.0
 20
550.0
 10
228.5
 20
550.0
 10
228.5
 20
549.5
 10
228.5
 20
549.0
 10
228.5
 20
548.5
 10
228.5
 20
548.0
 10
229.0
 20
548.0
 10
229.5
 20
548.0
 10
230.0
 20
548.0
 10
230.5
 20
547.5
 10
231.0
 20
547.5
 10
231.5
 20
547.5
 10
232.0
 20
547.5
 10
232.5
 20
547.5
 10
233.0
 20
547.5
 10
233.5
 20
547.5
 10
234.0
 20
547.5
 10
234.5
 20
547.5
 10
235.0
 20
547.5
 10
235.5
 20
547.5
 10
236.0
 20
547.5
 10
236.5
 20
547.5
 10
237.0
 20
547.5
 10
237.5
 20
547.5
 10
238.0
 20
547.5
 10
238.5
 20
547.5
 10
239.0
 20
547.5
 10
239.5
 20
547.5
 10
240.0
 20
547.5
 10
240.5
 20
547.5
 10
241.0
 20
547.5
 10
241.5
 20
547.5
 10
242.0
 20
547.5
 10
242.5
 20
547.5
 10
243.0
 20
547.5
 10
243.5
 20
547.0
 10
243.5
 20
546.5
 10
244.0
 20
546.5
 10
244.5
 20
546.5
 10
245.0
 20
546.5
 10
245.5
 20
546.5
 10
246.0
 20
546.5
 10
246.5
 20
546.5
 10
247.0
 20
546.5
 10
247.5
 20
546.5
 10
248.0
 20
546.5
 10
248.5
 20
546.5
 10
249.0
 20
546.5
 10
249.0
 20
547.0
 10
249.5
 20
547.5
 10
250.0
 20
547.5
 10
250.5
 20
547.5
 10
251.0
 20
547.5
 10
251.5
 20
547.5
 10
251.5
 20
548.0
 10
251.5
 20
548.5
 10
251.5
 20
549.0
 10
251.5
 20
549.5
 10
251.5
 20
550.0
 10
251.5
 20
550.5
 10
251.5
 20
551.0
 10
251.5
 20
551.5
 10
251.5
 20
552.0
 10
251.5
 20
552.5
 10
251.0
 20
552.5
 10
250.5
 20
553.0
 10
250.0
 20
553.0
 10
249.5
 20
553.0
 10
249.0
 20
553.5
 10
249.0
 20
554.0
 10
249.0
 20
554.5
 10
248.5
 20
555.0
 10
248.5
 20
555.5
 10
248.0
 20
556.0
 10
247.5
 20
556.5
 10
247.0
 20
556.5
 10
246.5
 20
556.5
 10
246.0
 20
556.5
 10
245.5
 20
556.5
 10
245.0
 20
556.5
 10
244.5
 20
556.5
 10
244.0
 20
556.5
 10
243.5
 20
556.5
 10
243.0
 20
556.5
 10
242.5
 20
556.5
 10
242.0
 20
556.5
 10
241.5
 20
556.5
 10
241.0
 20
556.5
  0
LWPOLYLINE
  5
C7
330
17
100
AcDbEntity
  8
CURB
370
25
100
AcDbPolyline
 90
114
 70
0
 10
629.0
 20
569.5
 10
628.5
 20
569.0
 10
628.0
 20
569.0
 10
627.5
 20
569.0
 10
627.0
 20
569.0
 10
626.5
 20
569.0
 10
626.0
 20
569.0
 10
626.0
 20
568.5
 10
626.0
 20
568.0
 10
625.5
 20
567.5
 10
625.0
 20
567.5
 10
624.5
 20
567.0
 10
624.0
 20
567.0
 10
624.0
 20
566.5
 10
624.0
 20
566.0
 10
624.0
 20
565.5
 10
624.0
 20
565.0
 10
624.0
 20
564.5
 10
624.0
 20
564.0
 10
624.0
 20
563.5
 10
624.0
 20
563.0
 10
624.0
 20
562.5
 10
624.0
 20
562.0
 10
624.0
 20
561.5
 10
624.0
 20
561.0
 10
624.0
 20
560.5
 10
624.0
 20
560.0
 10
624.0
 20
559.5
 10
624.0
 20
559.0
 10
624.0
 20
558.5
 10
624.0
 20
558.0
 10
624.0
 20
557.5
 10
624.0
 20
557.0
 10
624.0
 20
556.5
 10
624.0
 20
556.0
 10
624.0
 20
555.5
 10
624.0
 20
555.0
 10
624.0
 20
554.5
 10
624.0
 20
554.0
 10
624.0
 20
553.5
 10
624.0
 20
553.0
 10
624.0
 20
552.5
 10
624.0
 20
552.0
 10
624.0
 20
551.5
 10
624.0
 20
551.0
 10
624.0
 20
550.5
 10
624.0
 20
550.0
 10
624.0
 20
549.5
 10
624.0
 20
549.0
 10
624.5
 20
549.0
 10
625.0
 20
549.0
 10
625.5
 20
549.0
 10
626.0
 20
549.0
 10
626.5
 20
549.0
 10
626.5
 20
549.5
 10
626.5
 20
550.0
 10
626.5
 20
550.5
 10
626.5
 20
551.0
 10
626.5
 20
551.5
 10
627.0
 20
552.0
 10
627.5
 20
552.0
 10
627.5
 20
552.5
 10
627.5
 20
553.0
 10
627.5
 20
553.5
 10
628.0
 20
554.0
 10
628.5
 20
554.0
 10
629.0
 20
554.5
 10
629.5
 20
555.0
 10
630.0
 20
555.0
 10
630.5
 20
555.0
 10
630.5
 20
555.5
 10
630.5
 20
556.0
 10
630.5
 20
556.5
 10
631.0
 20
557.0
 10
631.0
 20
557.5
 10
631.0
 20
558.0
 10
631.0
 20
558.5
 10
631.0
 20
559.0
 10
631.0
 20
559.5
 10
631.0
 20
560.0
 10
631.0
 20
560.5
 10
631.0
 20
561.0
 10
631.0
 20
561.5
 10
631.0
 20
562.0
 10
631.0
 20
562.5
 10
631.0
 20
563.0
 10
631.0
 20
563.5
 10
631.0
 20
564.0
 10
631.0
 20
564.5
 10
631.5
 20
565.0
 10
632.0
 20
565.0
 10
632.5
 20
565.0
 10
633.0
 20
565.0
 10
633.5
 20
565.0
 10
634.0
 20
565.0
 10
634.5
 20
565.0
 10
634.5
 20
565.5
 10
634.5
 20
566.0
 10
634.5
 20
566.5
 10
634.5
 20
567.0
 10
634.5
 20
567.5
 10
634.5
 20
568.0
 10
634.5
 20
568.5
 10
634.5
 20
569.0
 10
634.0
 20
569.5
 10
633.5
 20
569.5
 10
633.0
 20
569.5
 10
632.5
 20
569.5
 10
632.0
 20
569.5
 10
631.5
 20
569.5
 10
631.0
 20
569.5
 10
630.5
 20
569.5
 10
630.0
 20
569.5
 10
629.5
 20
569.5
  0
LWPOLYLINE
  5
C8
330
17
100
AcDbEntity
  8
CURB
370
25
100
AcDbPolyline
 90
253
 70
0
 10
32.0
 20
574.5
 10
32.0
 20
574.0
 10
32.0
 20
573.5
 10
32.0
 20
573.0
 10
32.0
 20
572.5
 10
32.0
 20
572.0
 10
32.0
 20
571.5
 10
32.5
 20
571.0
 10
32.5
 20
570.5
 10
32.5
 20
570.0
 10
32.5
 20
569.5
 10
32.5
 20
569.0
 10
32.5
 20
568.5
 10
32.5
 20
568.0
 10
32.5
 20
567.5
 10
32.5
 20
567.0
 10
32.5
 20
566.5
 10
32.5
 20
566.0
 10
32.5
 20
565.5
 10
32.5
 20
565.0
 10
32.5
 20
564.5
 10
32.5
 20
564.0
 10
32.5
 20
563.5
 10
32.5
 20
563.0
 10
32.5
 20
562.5
 10
32.5
 20
562.0
 10
32.5
 20
561.5
 10
32.5
 20
561.0
 10
32.5
 20
560.5
 10
32.5
 20
560.0
 10
32.5
 20
559.5
 10
32.5
 20
559.0
 10
32.5
 20
558.5
 10
32.5
 20
558.0
 10
32.5
 20
557.5
 10
32.5
 20
557.0
 10
32.5
 20
556.5
 10
32.5
 20
556.0
 10
32.5
 20
555.5
 10
32.5
 20
555.0
 10
32.5
 20
554.5
 10
32.5
 20
554.0
 10
32.5
 20
553.5
 10
32.5
 20
553.0
 10
33.0
 20
553.0
 10
33.5
 20
553.0
 10
34.0
 20
552.5
 10
34.0
 20
552.0
 10
34.0
 20
551.5
 10
34.0
 20
551.0
 10
34.0
 20
550.5
 10
34.0
 20
550.0
 10
34.0
 20
549.5
 10
34.0
 20
549.0
 10
34.0
 20
548.5
 10
34.0
 20
548.0
 10
34.0
 20
547.5
 10
34.0
 20
547.0
 10
33.5
 20
546.5
 10
33.0
 20
546.5
 10
32.5
 20
546.5
 10
32.5
 20
546.0
 10
32.5
 20
545.5
 10
32.5
 20
545.0
 10
32.5
 20
544.5
 10
32.5
 20
544.0
 10
32.5
 20
543.5
 10
32.5
 20
543.0
 10
32.5
 20
542.5
 10
32.5
 20
542.0
 10
32.5
 20
541.5
 10
32.5
 20
541.0
 10
32.5
 20
540.5
 10
32.5
 20
540.0
 10
32.5
 20
539.5
 10
32.5
 20
539.0
 10
32.5
 20
538.5
 10
32.5
 20
538.0
 10
32.5
 20
537.5
 10
32.5
 20
537.0
 10
32.5
 20
536.5
 10
32.5
 20
536.0
 10
32.5
 20
535.5
 10
32.5
 20
535.0
 10
32.5
 20
534.5
 10
32.5
 20
534.0
 10
32.5
 20
533.5
 10
32.5
 20
533.0
 10
32.5
 20
532.5
 10
32.5
 20
532.0
 10
32.5
 20
531.5
 10
33.0
 20
531.5
 10
33.5
 20
531.5
 10
34.0
 20
531.0
 10
34.0
 20
530.5
 10
34.0
 20
530.0
 10
34.0
 20
529.5
 10
34.0
 20
529.0
 10
34.0
 20
528.5
 10
34.0
 20
528.0
 10
34.0
 20
527.5
 10
34.0
 20
527.0
 10
34.5
 20
526.5
 10
35.0
 20
526.5
 10
35.5
 20
526.5
 10
36.0
 20
526.5
 10
36.5
 20
526.5
 10
37.0
 20
526.5
 10
37.5
 20
526.5
 10
38.0
 20
526.5
 10
38.5
 20
526.5
 10
39.0
 20
526.5
 10
39.5
 20
527.0
 10
40.0
 20
527.5
 10
40.5
 20
527.5
 10
41.0
 20
527.5
 10
41.5
 20
527.5
 10
42.0
 20
527.5
 10
42.5
 20
527.5
 10
43.0
 20
527.5
 10
43.5
 20
527.5
 10
44.0
 20
527.5
 10
44.5
 20
527.5
 10
45.0
 20
528.0
 10
45.5
 20
528.0
 10
45.5
 20
528.5
 10
45.5
 20
529.0
 10
46.0
 20
529.5
 10
46.0
 20
530.0
 10
46.0
 20
530.5
 10
46.0
 20
531.0
 10
46.0
 20
531.5
 10
45.5
 20
532.0
 10
45.5
 20
532.5
 10
45.0
 20
533.0
 10
44.5
 20
533.5
 10
44.5
 20
534.0
 10
44.5
 20
534.5
 10
44.5
 20
535.0
 10
44.5
 20
535.5
 10
44.0
 20
536.0
 10
44.0
 20
536.5
 10
44.0
 20
537.0
 10
43.5
 20
537.5
 10
43.0
 20
537.5
 10
42.5
 20
537.5
 10
42.0
 20
537.5
 10
41.5
 20
537.5
 10
41.0
 20
537.5
 10
40.5
 20
537.5
 10
40.0
 20
537.5
 10
39.5
 20
537.5
 10
39.0
 20
538.0
 10
39.0
 20
538.5
 10
38.5
 20
539.0
 10
38.0
 20
539.5
 10
37.5
 20
540.0
 10
37.5
 20
540.5
 10
37.5
 20
541.0
 10
37.5
 20
541.5
 10
37.5
 20
542.0
 10
37.5
 20
542.5
 10
37.5
 20
543.0
 10
37.5
 20
543.5
 10
37.5
 20
544.0
 10
37.5
 20
544.5
 10
37.5
 20
545.0
 10
37.5
 20
545.5
 10
37.5
 20
546.0
 10
37.5
 20
546.5
 10
37.5
 20
547.0
 10
37.5
 20
547.5
 10
38.0
 20
548.0
 10
38.5
 20
548.5
 10
39.0
 20
549.0
 10
39.5
 20
549.5
 10
40.0
 20
549.5
 10
40.5
 20
549.5
 10
41.0
 20
549.5
 10
41.5
 20
549.5
 10
42.0
 20
549.5
 10
42.0
 20
550.0
 10
42.5
 20
550.5
 10
43.0
 20
551.0
 10
43.5
 20
551.0
 10
43.5
 20
551.5
 10
44.0
 20
552.0
 10
44.0
 20
552.5
 10
44.0
 20
553.0
 10
44.0
 20
553.5
 10
44.0
 20
554.0
 10
44.0
 20
554.5
 10
44.0
 20
555.0
 10
44.0
 20
555.5
 10
44.0
 20
556.0
 10
44.0
 20
556.5
 10
44.5
 20
557.0
 10
44.5
 20
557.5
 10
44.5
 20
558.0
 10
44.5
 20
558.5
 10
44.5
 20
559.0
 10
45.0
 20
559.5
 10
45.0
 20
560.0
 10
45.0
 20
560.5
 10
45.0
 20
561.0
 10
45.0
 20
561.5
 10
45.0
 20
562.0
 10
45.0
 20
562.5
 10
45.0
 20
563.0
 10
45.0
 20
563.5
 10
45.0
 20
564.0
 10
45.0
 20
564.5
 10
45.0
 20
565.0
 10
45.0
 20
565.5
 10
44.5
 20
566.0
 10
44.5
 20
566.5
 10
44.0
 20
567.0
 10
43.5
 20
567.5
 10
43.5
 20
568.0
 10
43.5
 20
568.5
 10
43.5
 20
569.0
 10
43.5
 20
569.5
 10
43.5
 20
570.0
 10
43.5
 20
570.5
 10
43.5
 20
571.0
 10
43.0
 20
571.5
 10
43.0
 20
572.0
 10
43.0
 20
572.5
 10
43.0
 20
573.0
 10
43.0
 20
573.5
 10
43.0
 20
574.0
 10
43.0
 20
574.5
 10
42.5
 20
574.5
 10
42.0
 20
574.5
 10
41.5
 20
574.5
 10
41.0
 20
574.5
 10
40.5
 20
574.5
 10
40.0
 20
574.5
 10
39.5
 20
574.5
 10
39.0
 20
574.5
 10
38.5
 20
574.5
 10
38.0
 20
574.5
 10
37.5
 20
574.5
 10
37.0
 20
574.5
 10
36.5
 20
574.5
 10
36.0
 20
574.5
 10
35.5
 20
574.5
 10
35.0
 20
574.5
 10
34.5
 20
574.5
 10
34.0
 20
574.5
 10
33.5
 20
574.5
 10
33.0
 20
574.5
 10
32.5
 20
574.5
  0
LWPOLYLINE
  5
C9
330
17
100
AcDbEntity
  8
CURB
370
25
100
AcDbPolyline
 90
1339
 70
0
 10
558.5
 20
576.0
 10
558.0
 20
575.5
 10
557.5
 20
575.5
 10
557.0
 20
575.0
 10
556.5
 20
575.0
 10
556.0
 20
575.0
 10
556.0
 20
574.5
 10
556.0
 20
574.0
 10
556.0
 20
573.5
 10
556.0
 20
573.0
 10
556.0
 20
572.5
 10
556.0
 20
572.0
 10
555.5
 20
571.5
 10
555.5
 20
571.0
 10
555.0
 20
570.5
 10
554.5
 20
570.0
 10
554.5
 20
569.5
 10
554.0
 20
569.0
 10
554.0
 20
568.5
 10
553.5
 20
568.0
 10
553.0
 20
567.5
 10
552.5
 20
567.0
 10
552.0
 20
567.0
 10
552.0
 20
566.5
 10
551.5
 20
566.0
 10
551.0
 20
566.0
 10
550.5
 20
565.5
 10
550.0
 20
565.5
 10
549.5
 20
565.0
 10
549.0
 20
565.0
 10
548.5
 20
565.0
 10
548.0
 20
564.5
 10
547.5
 20
564.5
 10
547.0
 20
564.5
 10
546.5
 20
564.5
 10
546.0
 20
564.0
 10
545.5
 20
564.0
 10
545.0
 20
564.0
 10
544.5
 20
564.0
 10
544.5
 20
563.5
 10
544.0
 20
563.0
 10
543.5
 20
563.0
 10
543.0
 20
563.0
 10
542.5
 20
563.0
 10
542.0
 20
562.5
 10
541.5
 20
562.5
 10
541.0
 20
562.5
 10
540.5
 20
562.5
 10
540.0
 20
562.5
 10
539.5
 20
562.0
 10
539.0
 20
562.0
 10
538.5
 20
562.0
 10
538.0
 20
561.5
 10
537.5
 20
561.5
 10
537.0
 20
561.5
 10
536.5
 20
561.5
 10
536.0
 20
561.5
 10
535.5
 20
561.5
 10
535.0
 20
561.5
 10
534.5
 20
562.0
 10
534.0
 20
562.0
 10
533.5
 20
562.0
 10
533.0
 20
562.5
 10
532.5
 20
562.5
 10
532.0
 20
563.0
 10
531.5
 20
563.0
 10
531.0
 20
563.0
 10
530.5
 20
563.5
 10
530.5
 20
564.0
 10
530.0
 20
564.0
 10
529.5
 20
564.0
 10
529.0
 20
564.0
 10
528.5
 20
564.5
 10
528.5
 20
565.0
 10
528.0
 20
565.5
 10
527.5
 20
565.5
 10
527.0
 20
565.5
 10
526.5
 20
565.5
 10
526.0
 20
565.5
 10
525.5
 20
565.5
 10
525.0
 20
565.5
 10
525.0
 20
565.0
 10
525.0
 20
564.5
 10
524.5
 20
564.0
 10
524.5
 20
563.5
 10
524.0
 20
563.0
 10
523.5
 20
562.5
 10
523.0
 20
562.5
 10
522.5
 20
562.5
 10
522.0
 20
562.5
 10
521.5
 20
562.5
 10
521.0
 20
562.5
 10
520.5
 20
562.0
 10
520.5
 20
561.5
 10
520.0
 20
561.0
 10
519.5
 20
561.0
 10
519.0
 20
561.0
 10
518.5
 20
561.0
 10
518.0
 20
561.0
 10
517.5
 20
561.0
 10
517.0
 20
561.0
 10
516.5
 20
561.0
 10
516.0
 20
561.0
 10
515.5
 20
561.0
 10
515.0
 20
561.0
 10
514.5
 20
561.0
 10
514.0
 20
561.0
 10
513.5
 20
561.0
 10
513.0
 20
561.0
 10
512.5
 20
561.0
 10
512.0
 20
561.0
 10
511.5
 20
561.0
 10
511.0
 20
561.0
 10
510.5
 20
561.0
 10
510.0
 20
561.0
 10
509.5
 20
561.0
 10
509.0
 20
561.0
 10
508.5
 20
560.5
 10
508.0
 20
560.5
 10
507.5
 20
560.5
 10
507.0
 20
560.5
 10
506.5
 20
560.5
 10
506.0
 20
560.5
 10
505.5
 20
560.5
 10
505.0
 20
560.5
 10
504.5
 20
560.5
 10
504.0
 20
560.5
 10
503.5
 20
561.0
 10
503.0
 20
561.5
 10
502.5
 20
561.5
 10
502.0
 20
562.0
 10
501.5
 20
562.0
 10
501.0
 20
562.0
 10
500.5
 20
562.5
 10
500.5
 20
563.0
 10
500.5
 20
563.5
 10
500.5
 20
564.0
 10
500.5
 20
564.5
 10
500.5
 20
565.0
 10
500.5
 20
565.5
 10
500.0
 20
565.5
 10
499.5
 20
565.5
 10
499.0
 20
565.5
 10
498.5
 20
566.0
 10
498.0
 20
566.0
 10
497.5
 20
566.0
 10
497.0
 20
566.0
 10
496.5
 20
566.0
 10
496.0
 20
566.0
 10
495.5
 20
566.0
 10
495.0
 20
566.0
 10
494.5
 20
566.0
 10
494.0
 20
566.0
 10
493.5
 20
566.0
 10
493.0
 20
566.0
 10
492.5
 20
566.0
 10
492.0
 20
566.0
 10
491.5
 20
566.0
 10
491.0
 20
566.0
 10
490.5
 20
566.0
 10
490.0
 20
566.0
 10
489.5
 20
566.0
 10
489.0
 20
566.0
 10
488.5
 20
566.0
 10
488.0
 20
566.0
 10
487.5
 20
566.0
 10
487.0
 20
566.0
 10
486.5
 20
566.0
 10
486.0
 20
566.0
 10
485.5
 20
565.5
 10
485.0
 20
565.0
 10
484.5
 20
565.0
 10
484.0
 20
565.0
 10
483.5
 20
565.0
 10
483.0
 20
565.0
 10
482.5
 20
565.0
 10
482.0
 20
565.0
 10
482.0
 20
564.5
 10
482.0
 20
564.0
 10
482.0
 20
563.5
 10
482.0
 20
563.0
 10
482.0
 20
562.5
 10
481.5
 20
562.0
 10
481.0
 20
562.0
 10
480.5
 20
562.0
 10
480.0
 20
562.0
 10
479.5
 20
562.0
 10
479.0
 20
561.5
 10
478.5
 20
561.0
 10
478.0
 20
561.0
 10
477.5
 20
560.5
 10
477.0
 20
560.5
 10
476.5
 20
560.5
 10
476.0
 20
560.5
 10
475.5
 20
560.5
 10
475.0
 20
560.5
 10
474.5
 20
560.0
 10
474.0
 20
560.0
 10
473.5
 20
560.0
 10
473.0
 20
560.0
 10
472.5
 20
560.0
 10
472.0
 20
560.0
 10
471.5
 20
560.0
 10
471.0
 20
560.0
 10
470.5
 20
560.0
 10
470.0
 20
559.5
 10
469.5
 20
559.5
 10
469.0
 20
559.5
 10
468.5
 20
559.5
 10
468.0
 20
559.5
 10
467.5
 20
559.5
 10
467.0
 20
560.0
 10
466.5
 20
560.0
 10
466.0
 20
560.5
 10
465.5
 20
561.0
 10
465.0
 20
561.0
 10
464.5
 20
561.5
 10
464.0
 20
561.5
 10
463.5
 20
562.0
 10
463.0
 20
562.0
 10
462.5
 20
562.0
 10
462.0
 20
562.5
 10
462.0
 20
563.0
 10
462.0
 20
563.5
 10
462.0
 20
564.0
 10
462.0
 20
564.5
 10
462.0
 20
565.0
 10
461.5
 20
565.0
 10
461.0
 20
565.0
 10
460.5
 20
565.0
 10
460.0
 20
565.0
 10
459.5
 20
565.0
 10
459.0
 20
565.0
 10
458.5
 20
565.0
 10
458.0
 20
565.0
 10
457.5
 20
565.0
 10
457.0
 20
564.5
 10
456.5
 20
564.5
 10
456.0
 20
564.5
 10
455.5
 20
564.5
 10
455.0
 20
564.5
 10
454.5
 20
564.5
 10
454.0
 20
564.5
 10
453.5
 20
564.5
 10
453.0
 20
564.5
 10
452.5
 20
564.5
 10
452.0
 20
564.5
 10
451.5
 20
564.5
 10
451.0
 20
564.5
 10
450.5
 20
564.5
 10
450.0
 20
564.5
 10
449.5
 20
564.5
 10
449.0
 20
564.5
 10
448.5
 20
564.5
 10
448.0
 20
564.5
 10
447.5
 20
564.5
 10
447.0
 20
564.5
 10
446.5
 20
564.5
 10
446.0
 20
564.5
 10
445.5
 20
564.5
 10
445.0
 20
564.5
 10
444.5
 20
564.5
 10
444.0
 20
564.5
 10
443.5
 20
564.5
 10
443.0
 20
564.5
 10
442.5
 20
564.5
 10
442.0
 20
564.5
 10
441.5
 20
564.5
 10
441.0
 20
564.5
 10
440.5
 20
564.5
 10
440.0
 20
564.5
 10
439.5
 20
564.5
 10
439.0
 20
564.5
 10
438.5
 20
564.5
 10
438.0
 20
564.5
 10
437.5
 20
564.5
 10
437.0
 20
564.5
 10
436.5
 20
564.5
 10
436.0
 20
564.5
 10
435.5
 20
564.5
 10
435.0
 20
564.5
 10
434.5
 20
564.5
 10
434.0
 20
564.5
 10
433.5
 20
564.5
 10
433.0
 20
564.5
 10
432.5
 20
564.5
 10
432.0
 20
564.0
 10
432.0
 20
563.5
 10
432.0
 20
563.0
 10
431.5
 20
562.5
 10
431.0
 20
562.5
 10
430.5
 20
562.0
 10
430.0
 20
562.0
 10
429.5
 20
562.0
 10
429.0
 20
562.0
 10
429.0
 20
561.5
 10
428.5
 20
561.0
 10
428.0
 20
561.0
 10
427.5
 20
560.5
 10
427.0
 20
560.5
 10
426.5
 20
560.5
 10
426.0
 20
560.5
 10
425.5
 20
560.5
 10
425.0
 20
560.5
 10
424.5
 20
560.5
 10
424.0
 20
560.5
 10
423.5
 20
560.5
 10
423.0
 20
561.0
 10
422.5
 20
561.0
 10
422.0
 20
561.0
 10
421.5
 20
561.0
 10
421.0
 20
561.0
 10
420.5
 20
561.0
 10
420.0
 20
561.0
 10
419.5
 20
561.0
 10
419.0
 20
561.0
 10
418.5
 20
561.0
 10
418.0
 20
561.5
 10
418.0
 20
562.0
 10
417.5
 20
562.0
 10
417.0
 20
562.0
 10
416.5
 20
562.0
 10
416.0
 20
562.0
 10
415.5
 20
562.0
 10
415.0
 20
562.0
 10
414.5
 20
562.0
 10
414.0
 20
562.0
 10
413.5
 20
562.0
 10
413.0
 20
562.0
 10
412.5
 20
562.0
 10
412.0
 20
562.0
 10
411.5
 20
562.0
 10
411.0
 20
562.0
 10
410.5
 20
562.0
 10
410.0
 20
562.0
 10
409.5
 20
562.0
 10
409.0
 20
562.0
 10
408.5
 20
562.0
 10
408.0
 20
562.0
 10
407.5
 20
562.0
 10
407.0
 20
562.0
 10
406.5
 20
562.0
 10
406.0
 20
562.0
 10
405.5
 20
562.0
 10
405.0
 20
562.0
 10
404.5
 20
562.0
 10
404.0
 20
562.0
 10
403.5
 20
562.0
 10
403.0
 20
562.0
 10
402.5
 20
562.5
 10
402.5
 20
563.0
 10
402.5
 20
563.5
 10
402.0
 20
563.5
 10
401.5
 20
564.0
 10
401.0
 20
564.0
 10
400.5
 20
564.5
 10
400.0
 20
564.5
 10
399.5
 20
564.5
 10
399.0
 20
564.5
 10
398.5
 20
564.5
 10
398.0
 20
564.5
 10
397.5
 20
564.5
 10
397.0
 20
564.5
 10
396.5
 20
565.0
 10
396.0
 20
565.0
 10
395.5
 20
565.0
 10
395.0
 20
565.0
 10
394.5
 20
565.0
 10
394.0
 20
565.0
 10
393.5
 20
565.0
 10
393.0
 20
565.0
 10
392.5
 20
565.0
 10
392.0
 20
564.5
 10
391.5
 20
564.5
 10
391.0
 20
564.5
 10
390.5
 20
564.5
 10
390.0
 20
564.5
 10
389.5
 20
564.0
 10
389.0
 20
563.5
 10
389.0
 20
563.0
 10
389.0
 20
562.5
 10
388.5
 20
562.0
 10
388.0
 20
562.0
 10
387.5
 20
562.0
 10
387.0
 20
562.0
 10
386.5
 20
562.0
 10
386.0
 20
562.0
 10
386.0
 20
561.5
 10
385.5
 20
561.0
 10
385.0
 20
561.0
 10
384.5
 20
561.0
 10
384.0
 20
561.0
 10
383.5
 20
561.0
 10
383.0
 20
561.0
 10
382.5
 20
561.0
 10
382.0
 20
561.5
 10
381.5
 20
561.5
 10
381.0
 20
561.5
 10
380.5
 20
561.5
 10
380.0
 20
561.5
 10
379.5
 20
561.5
 10
379.0
 20
561.5
 10
378.5
 20
561.5
 10
378.0
 20
561.5
 10
377.5
 20
561.5
 10
377.0
 20
561.5
 10
376.5
 20
561.5
 10
376.5
 20
561.0
 10
376.0
 20
560.5
 10
375.5
 20
560.5
 10
375.0
 20
560.5
 10
374.5
 20
560.5
 10
374.0
 20
560.5
 10
373.5
 20
560.5
 10
373.0
 20
560.5
 10
372.5
 20
560.5
 10
372.0
 20
560.5
 10
371.5
 20
560.5
 10
371.0
 20
560.5
 10
370.5
 20
560.5
 10
370.0
 20
560.5
 10
369.5
 20
560.5
 10
369.0
 20
560.5
 10
368.5
 20
561.0
 10
368.5
 20
561.5
 10
368.0
 20
561.5
 10
367.5
 20
562.0
 10
367.0
 20
562.0
 10
366.5
 20
562.5
 10
366.0
 20
563.0
 10
365.5
 20
563.5
 10
365.5
 20
564.0
 10
365.0
 20
564.5
 10
365.0
 20
565.0
 10
364.5
 20
565.5
 10
364.0
 20
565.5
 10
363.5
 20
565.5
 10
363.0
 20
565.5
 10
362.5
 20
565.5
 10
362.0
 20
565.5
 10
361.5
 20
565.5
 10
361.0
 20
565.5
 10
360.5
 20
565.5
 10
360.0
 20
565.5
 10
359.5
 20
565.5
 10
359.5
 20
565.0
 10
359.5
 20
564.5
 10
359.5
 20
564.0
 10
359.5
 20
563.5
 10
359.5
 20
563.0
 10
359.5
 20
562.5
 10
359.5
 20
562.0
 10
359.5
 20
561.5
 10
359.5
 20
561.0
 10
359.5
 20
560.5
 10
359.5
 20
560.0
 10
359.5
 20
559.5
 10
359.5
 20
559.0
 10
359.5
 20
558.5
 10
359.5
 20
558.0
 10
359.5
 20
557.5
 10
359.5
 20
557.0
 10
359.5
 20
556.5
 10
359.5
 20
556.0
 10
360.0
 20
556.0
 10
360.5
 20
555.5
 10
360.5
 20
555.0
 10
360.5
 20
554.5
 10
360.5
 20
554.0
 10
360.5
 20
553.5
 10
360.5
 20
553.0
 10
360.5
 20
552.5
 10
360.5
 20
552.0
 10
361.0
 20
551.5
 10
361.5
 20
551.0
 10
361.5
 20
550.5
 10
362.0
 20
550.0
 10
362.5
 20
550.0
 10
363.0
 20
549.5
 10
363.0
 20
549.0
 10
363.0
 20
548.5
 10
363.0
 20
548.0
 10
363.5
 20
548.0
 10
364.0
 20
548.0
 10
364.5
 20
548.0
 10
365.0
 20
548.0
 10
365.5
 20
548.0
 10
366.0
 20
548.0
 10
366.5
 20
548.0
 10
367.0
 20
548.0
 10
367.5
 20
548.0
 10
368.0
 20
548.0
 10
368.5
 20
548.0
 10
369.0
 20
548.0
 10
369.5
 20
548.0
 10
370.0
 20
548.0
 10
370.5
 20
548.0
 10
371.0
 20
548.0
 10
371.5
 20
548.0
 10
372.0
 20
548.0
 10
372.5
 20
548.0
 10
373.0
 20
548.0
 10
373.0
 20
548.5
 10
373.0
 20
549.0
 10
373.0
 20
549.5
 10
373.0
 20
550.0
 10
373.5
 20
550.5
 10
374.0
 20
550.5
 10
374.5
 20
550.5
 10
375.0
 20
550.5
 10
375.5
 20
550.5
 10
376.0
 20
550.5
 10
376.5
 20
551.0
 10
377.0
 20
551.5
 10
377.5
 20
551.5
 10
378.0
 20
552.0
 10
378.5
 20
552.0
 10
379.0
 20
552.0
 10
379.5
 20
552.0
 10
380.0
 20
552.0
 10
380.5
 20
552.0
 10
381.0
 20
552.0
 10
381.5
 20
552.0
 10
382.0
 20
552.0
 10
382.5
 20
552.0
 10
383.0
 20
552.0
 10
383.5
 20
552.0
 10
384.0
 20
552.0
 10
384.5
 20
552.0
 10
385.0
 20
551.5
 10
385.5
 20
551.5
 10
386.0
 20
551.0
 10
386.0
 20
550.5
 10
386.5
 20
550.5
 10
387.0
 20
550.5
 10
387.5
 20
550.5
 10
388.0
 20
550.5
 10
388.5
 20
550.5
 10
389.0
 20
550.5
 10
389.5
 20
550.5
 10
390.0
 20
550.5
 10
390.5
 20
550.5
 10
391.0
 20
550.5
 10
391.5
 20
550.5
 10
392.0
 20
550.5
 10
392.5
 20
550.5
 10
393.0
 20
550.5
 10
393.0
 20
551.0
 10
393.0
 20
551.5
 10
393.5
 20
552.0
 10
394.0
 20
552.0
 10
394.5
 20
552.0
 10
395.0
 20
552.0
 10
395.5
 20
552.0
 10
396.0
 20
552.0
 10
396.5
 20
552.0
 10
397.0
 20
552.0
 10
397.5
 20
552.0
 10
398.0
 20
552.0
 10
398.5
 20
552.0
 10
399.0
 20
552.0
 10
399.5
 20
552.0
 10
400.0
 20
552.0
 10
400.5
 20
552.0
 10
401.0
 20
552.0
 10
401.5
 20
552.0
 10
402.0
 20
552.0
 10
402.5
 20
552.0
 10
403.0
 20
552.0
 10
403.5
 20
552.0
 10
404.0
 20
552.0
 10
404.5
 20
552.0
 10
405.0
 20
552.0
 10
405.5
 20
552.0
 10
406.0
 20
552.0
 10
406.5
 20
552.0
 10
407.0
 20
552.0
 10
407.5
 20
552.0
 10
408.0
 20
552.0
 10
408.5
 20
552.0
 10
409.0
 20
552.0
 10
409.5
 20
552.0
 10
410.0
 20
552.0
 10
410.5
 20
552.0
 10
411.0
 20
552.0
 10
411.5
 20
552.0
 10
412.0
 20
552.0
 10
412.5
 20
552.5
 10
413.0
 20
552.5
 10
413.5
 20
552.5
 10
414.0
 20
552.5
 10
414.5
 20
552.5
 10
415.0
 20
552.0
 10
415.5
 20
552.0
 10
416.0
 20
551.5
 10
416.0
 20
551.0
 10
416.5
 20
551.0
 10
417.0
 20
551.0
 10
417.5
 20
551.0
 10
418.0
 20
551.0
 10
418.5
 20
551.0
 10
419.0
 20
550.5
 10
419.5
 20
550.5
 10
420.0
 20
550.5
 10
420.5
 20
550.5
 10
421.0
 20
550.5
 10
421.5
 20
550.5
 10
422.0
 20
550.5
 10
422.5
 20
550.5
 10
423.0
 20
550.5
 10
423.5
 20
550.5
 10
424.0
 20
550.5
 10
424.5
 20
550.5
 10
425.0
 20
550.5
 10
425.5
 20
550.5
 10
426.0
 20
550.5
 10
426.5
 20
550.5
 10
427.0
 20
550.5
 10
427.5
 20
550.5
 10
428.0
 20
550.5
 10
428.5
 20
550.5
 10
429.0
 20
550.5
 10
429.5
 20
550.5
 10
430.0
 20
550.5
 10
430.5
 20
550.5
 10
431.0
 20
550.5
 10
431.5
 20
550.5
 10
432.0
 20
550.5
 10
432.5
 20
550.5
 10
433.0
 20
550.5
 10
433.5
 20
550.5
 10
434.0
 20
550.5
 10
434.5
 20
550.5
 10
435.0
 20
550.5
 10
435.5
 20
550.5
 10
436.0
 20
550.5
 10
436.5
 20
550.5
 10
437.0
 20
550.5
 10
437.5
 20
550.5
 10
438.0
 20
550.5
 10
438.5
 20
550.5
 10
439.0
 20
550.5
 10
439.5
 20
550.5
 10
440.0
 20
550.5
 10
440.0
 20
551.0
 10
440.0
 20
551.5
 10
440.5
 20
552.0
 10
441.0
 20
552.0
 10
441.5
 20
552.0
 10
442.0
 20
552.0
 10
442.5
 20
552.0
 10
443.0
 20
552.0
 10
443.5
 20
552.0
 10
444.0
 20
552.0
 10
444.5
 20
552.0
 10
445.0
 20
552.0
 10
445.5
 20
552.0
 10
446.0
 20
552.0
 10
446.5
 20
552.0
 10
447.0
 20
552.0
 10
447.5
 20
552.0
 10
448.0
 20
552.0
 10
448.5
 20
552.0
 10
449.0
 20
552.0
 10
449.5
 20
552.0
 10
450.0
 20
552.0
 10
450.5
 20
552.0
 10
451.0
 20
552.0
 10
451.5
 20
552.0
 10
452.0
 20
552.0
 10
452.5
 20
551.5
 10
452.5
 20
551.0
 10
452.5
 20
550.5
 10
453.0
 20
550.5
 10
453.5
 20
550.5
 10
454.0
 20
550.5
 10
454.5
 20
550.5
 10
455.0
 20
550.5
 10
455.5
 20
550.5
 10
456.0
 20
550.5
 10
456.5
 20
550.0
 10
456.5
 20
549.5
 10
456.5
 20
549.0
 10
456.5
 20
548.5
 10
456.5
 20
548.0
 10
457.0
 20
548.0
 10
457.5
 20
548.0
 10
458.0
 20
548.0
 10
458.5
 20
548.0
 10
459.0
 20
548.0
 10
459.5
 20
548.0
 10
460.0
 20
548.0
 10
460.5
 20
548.0
 10
461.0
 20
548.0
 10
461.5
 20
548.0
 10
462.0
 20
548.0
 10
462.5
 20
548.0
 10
463.0
 20
548.0
 10
463.5
 20
548.0
 10
464.0
 20
548.0
 10
464.5
 20
548.0
 10
465.0
 20
548.5
 10
465.5
 20
548.5
 10
466.0
 20
548.5
 10
466.5
 20
548.5
 10
467.0
 20
548.5
 10
467.5
 20
548.5
 10
468.0
 20
548.5
 10
468.5
 20
548.5
 10
469.0
 20
548.5
 10
469.5
 20
548.5
 10
470.0
 20
548.5
 10
470.5
 20
548.5
 10
471.0
 20
548.5
 10
471.5
 20
548.5
 10
472.0
 20
548.5
 10
472.5
 20
548.5
 10
473.0
 20
548.5
 10
473.5
 20
549.0
 10
474.0
 20
549.0
 10
474.5
 20
549.0
 10
475.0
 20
549.0
 10
475.5
 20
549.0
 10
476.0
 20
548.5
 10
476.5
 20
548.5
 10
477.0
 20
548.5
 10
477.5
 20
548.5
 10
478.0
 20
548.5
 10
478.5
 20
548.5
 10
479.0
 20
548.5
 10
479.5
 20
548.5
 10
480.0
 20
548.5
 10
480.5
 20
548.5
 10
481.0
 20
548.5
 10
481.5
 20
548.5
 10
482.0
 20
548.5
 10
482.5
 20
548.5
 10
483.0
 20
548.5
 10
483.5
 20
548.5
 10
484.0
 20
548.5
 10
484.5
 20
548.5
 10
485.0
 20
548.5
 10
485.5
 20
548.5
 10
486.0
 20
548.5
 10
486.5
 20
548.5
 10
487.0
 20
548.5
 10
487.5
 20
548.5
 10
488.0
 20
548.5
 10
488.5
 20
548.5
 10
489.0
 20
548.5
 10
489.5
 20
548.5
 10
490.0
 20
548.5
 10
490.5
 20
548.5
 10
491.0
 20
548.5
 10
491.5
 20
548.5
 10
491.5
 20
549.0
 10
492.0
 20
549.5
 10
492.0
 20
550.0
 10
492.5
 20
550.5
 10
493.0
 20
550.5
 10
493.5
 20
550.5
 10
494.0
 20
551.0
 10
494.5
 20
551.0
 10
495.0
 20
551.5
 10
495.5
 20
551.5
 10
496.0
 20
552.0
 10
496.5
 20
552.0
 10
497.0
 20
552.0
 10
497.5
 20
552.0
 10
498.0
 20
552.5
 10
498.5
 20
552.5
 10
499.0
 20
552.5
 10
499.5
 20
552.5
 10
500.0
 20
552.5
 10
500.5
 20
552.5
 10
501.0
 20
553.0
 10
501.5
 20
553.0
 10
502.0
 20
553.5
 10
502.5
 20
553.5
 10
503.0
 20
553.5
 10
503.5
 20
553.5
 10
504.0
 20
553.5
 10
504.5
 20
553.5
 10
505.0
 20
553.5
 10
505.5
 20
553.5
 10
506.0
 20
553.5
 10
506.5
 20
553.5
 10
507.0
 20
553.5
 10
507.5
 20
553.0
 10
508.0
 20
553.0
 10
508.5
 20
552.5
 10
508.5
 20
552.0
 10
508.5
 20
551.5
 10
508.5
 20
551.0
 10
508.5
 20
550.5
 10
509.0
 20
550.5
 10
509.5
 20
550.5
 10
510.0
 20
550.5
 10
510.5
 20
550.5
 10
511.0
 20
550.0
 10
511.0
 20
549.5
 10
511.0
 20
549.0
 10
511.0
 20
548.5
 10
511.0
 20
548.0
 10
511.5
 20
548.0
 10
512.0
 20
548.0
 10
512.5
 20
547.5
 10
513.0
 20
547.0
 10
513.5
 20
547.0
 10
514.0
 20
547.0
 10
514.5
 20
547.0
 10
515.0
 20
547.0
 10
515.5
 20
547.0
 10
516.0
 20
547.0
 10
516.5
 20
547.0
 10
517.0
 20
547.0
 10
517.5
 20
547.5
 10
518.0
 20
547.5
 10
518.5
 20
548.0
 10
519.0
 20
548.0
 10
519.5
 20
548.0
 10
520.0
 20
548.0
 10
520.5
 20
548.0
 10
521.0
 20
548.0
 10
521.5
 20
548.0
 10
522.0
 20
548.0
 10
522.5
 20
548.0
 10
523.0
 20
548.0
 10
523.5
 20
548.0
 10
524.0
 20
548.0
 10
524.5
 20
548.0
 10
525.0
 20
548.0
 10
525.5
 20
548.0
 10
526.0
 20
548.0
 10
526.5
 20
548.0
 10
527.0
 20
548.0
 10
527.5
 20
548.0
 10
528.0
 20
548.0
 10
528.5
 20
548.0
 10
529.0
 20
548.0
 10
529.5
 20
548.0
 10
530.0
 20
548.0
 10
530.5
 20
548.0
 10
531.0
 20
548.0
 10
531.5
 20
548.0
 10
532.0
 20
548.0
 10
532.5
 20
548.5
 10
533.0
 20
548.5
 10
533.5
 20
548.5
 10
534.0
 20
548.5
 10
534.5
 20
548.5
 10
535.0
 20
549.0
 10
535.5
 20
549.0
 10
535.5
 20
549.5
 10
536.0
 20
550.0
 10
536.5
 20
550.0
 10
537.0
 20
550.0
 10
537.0
 20
550.5
 10
537.5
 20
551.0
 10
538.0
 20
551.0
 10
538.5
 20
551.0
 10
538.5
 20
551.5
 10
539.0
 20
552.0
 10
539.5
 20
552.0
 10
540.0
 20
552.0
 10
540.5
 20
552.0
 10
541.0
 20
552.5
 10
541.5
 20
552.5
 10
542.0
 20
552.5
 10
542.5
 20
553.0
 10
543.0
 20
553.0
 10
543.5
 20
553.5
 10
544.0
 20
553.5
 10
544.5
 20
553.5
 10
545.0
 20
553.5
 10
545.5
 20
553.5
 10
546.0
 20
553.5
 10
546.5
 20
553.5
 10
547.0
 20
553.5
 10
547.5
 20
553.5
 10
548.0
 20
553.5
 10
548.5
 20
553.5
 10
549.0
 20
553.5
 10
549.5
 20
553.5
 10
550.0
 20
553.0
 10
550.0
 20
552.5
 10
550.5
 20
552.0
 10
550.5
 20
551.5
 10
550.5
 20
551.0
 10
551.0
 20
551.0
 10
551.5
 20
551.0
 10
552.0
 20
551.0
 10
552.5
 20
551.0
 10
553.0
 20
551.0
 10
553.5
 20
550.5
 10
554.0
 20
550.0
 10
554.5
 20
550.0
 10
555.0
 20
549.5
 10
555.0
 20
549.0
 10
555.5
 20
548.5
 10
556.0
 20
548.5
 10
556.5
 20
548.5
 10
557.0
 20
548.5
 10
557.5
 20
548.5
 10
558.0
 20
548.5
 10
558.5
 20
548.5
 10
559.0
 20
548.5
 10
559.5
 20
548.5
 10
560.0
 20
548.5
 10
560.5
 20
548.5
 10
561.0
 20
548.5
 10
561.5
 20
548.5
 10
562.0
 20
548.5
 10
562.0
 20
549.0
 10
562.0
 20
549.5
 10
562.0
 20
550.0
 10
562.0
 20
550.5
 10
562.5
 20
551.0
 10
563.0
 20
551.0
 10
563.5
 20
551.0
 10
563.5
 20
551.5
 10
563.5
 20
552.0
 10
563.5
 20
552.5
 10
563.5
 20
553.0
 10
563.5
 20
553.5
 10
564.0
 20
554.0
 10
564.5
 20
554.5
 10
565.0
 20
555.0
 10
565.5
 20
555.0
 10
566.0
 20
555.0
 10
566.5
 20
555.0
 10
567.0
 20
555.0
 10
567.5
 20
555.0
 10
568.0
 20
555.0
 10
568.5
 20
555.0
 10
569.0
 20
555.0
 10
569.5
 20
555.0
 10
570.0
 20
554.5
 10
570.5
 20
554.5
 10
571.0
 20
554.5
 10
571.5
 20
554.0
 10
571.5
 20
553.5
 10
571.5
 20
553.0
 10
571.5
 20
552.5
 10
571.5
 20
552.0
 10
571.5
 20
551.5
 10
571.5
 20
551.0
 10
571.5
 20
550.5
 10
571.5
 20
550.0
 10
571.5
 20
549.5
 10
571.5
 20
549.0
 10
571.5
 20
548.5
 10
571.5
 20
548.0
 10
571.5
 20
547.5
 10
571.5
 20
547.0
 10
571.5
 20
546.5
 10
571.5
 20
546.0
 10
572.0
 20
545.5
 10
572.5
 20
545.0
 10
573.0
 20
545.0
 10
573.5
 20
544.5
 10
573.5
 20
544.0
 10
574.0
 20
543.5
 10
574.0
 20
543.0
 10
574.5
 20
542.5
 10
574.5
 20
542.0
 10
575.0
 20
541.5
 10
575.0
 20
541.0
 10
575.5
 20
540.5
 10
575.5
 20
540.0
 10
576.0
 20
539.5
 10
576.0
 20
539.0
 10
576.0
 20
538.5
 10
576.0
 20
538.0
 10
576.5
 20
537.5
 10
577.0
 20
537.0
 10
577.5
 20
536.5
 10
578.0
 20
536.0
 10
578.0
 20
535.5
 10
578.0
 20
535.0
 10
578.5
 20
534.5
 10
578.5
 20
534.0
 10
578.5
 20
533.5
 10
579.0
 20
533.5
 10
579.5
 20
533.0
 10
579.5
 20
532.5
 10
580.0
 20
532.0
 10
580.5
 20
531.5
 10
581.0
 20
531.5
 10
581.5
 20
531.0
 10
581.5
 20
530.5
 10
581.5
 20
530.0
 10
581.5
 20
529.5
 10
581.5
 20
529.0
 10
581.5
 20
528.5
 10
581.5
 20
528.0
 10
581.5
 20
527.5
 10
581.5
 20
527.0
 10
581.0
 20
526.5
 10
580.5
 20
526.0
 10
580.5
 20
525.5
 10
580.0
 20
525.0
 10
580.0
 20
524.5
 10
580.0
 20
524.0
 10
579.5
 20
523.5
 10
579.5
 20
523.0
 10
579.5
 20
522.5
 10
579.5
 20
522.0
 10
579.5
 20
521.5
 10
579.5
 20
521.0
 10
579.5
 20
520.5
 10
579.0
 20
520.0
 10
578.5
 20
520.0
 10
578.5
 20
519.5
 10
578.5
 20
519.0
 10
578.5
 20
518.5
 10
578.5
 20
518.0
 10
578.5
 20
517.5
 10
578.5
 20
517.0
 10
578.5
 20
516.5
 10
578.5
 20
516.0
 10
578.5
 20
515.5
 10
578.5
 20
515.0
 10
578.5
 20
514.5
 10
578.5
 20
514.0
 10
578.5
 20
513.5
 10
578.5
 20
513.0
 10
578.5
 20
512.5
 10
578.5
 20
512.0
 10
579.0
 20
511.5
 10
579.5
 20
511.0
 10
580.0
 20
510.5
 10
580.0
 20
510.0
 10
580.5
 20
509.5
 10
581.0
 20
509.0
 10
581.0
 20
508.5
 10
581.0
 20
508.0
 10
581.5
 20
507.5
 10
581.5
 20
507.0
 10
581.5
 20
506.5
 10
581.5
 20
506.0
 10
581.5
 20
505.5
 10
581.5
 20
505.0
 10
581.5
 20
504.5
 10
581.5
 20
504.0
 10
581.5
 20
503.5
 10
581.5
 20
503.0
 10
581.5
 20
502.5
 10
581.5
 20
502.0
 10
581.5
 20
501.5
 10
581.0
 20
501.0
 10
581.0
 20
500.5
 10
580.5
 20
500.0
 10
580.5
 20
499.5
 10
580.0
 20
499.0
 10
579.5
 20
498.5
 10
579.5
 20
498.0
 10
579.0
 20
497.5
 10
578.5
 20
497.5
 10
578.5
 20
497.0
 10
578.5
 20
496.5
 10
578.5
 20
496.0
 10
578.0
 20
495.5
 10
577.5
 20
495.5
 10
577.0
 20
495.5
 10
576.5
 20
495.5
 10
576.0
 20
495.5
 10
576.0
 20
495.0
 10
576.0
 20
494.5
 10
576.0
 20
494.0
 10
576.0
 20
493.5
 10
576.5
 20
493.5
 10
577.0
 20
493.5
 10
577.5
 20
493.5
 10
578.0
 20
493.5
 10
578.5
 20
493.0
 10
578.5
 20
492.5
 10
579.0
 20
492.0
 10
579.5
 20
492.0
 10
580.0
 20
491.5
 10
580.5
 20
491.0
 10
581.0
 20
491.0
 10
581.5
 20
490.5
 10
582.0
 20
490.0
 10
582.5
 20
490.0
 10
583.0
 20
489.5
 10
583.5
 20
489.5
 10
584.0
 20
489.0
 10
584.5
 20
488.5
 10
585.0
 20
488.5
 10
585.5
 20
488.0
 10
586.0
 20
487.5
 10
586.5
 20
487.0
 10
587.0
 20
487.0
 10
587.5
 20
487.0
 10
588.0
 20
487.0
 10
588.5
 20
487.0
 10
589.0
 20
487.0
 10
589.5
 20
487.0
 10
590.0
 20
487.0
 10
590.0
 20
487.5
 10
590.0
 20
488.0
 10
590.0
 20
488.5
 10
590.5
 20
489.0
 10
591.0
 20
489.0
 10
591.5
 20
489.0
 10
592.0
 20
489.0
 10
592.5
 20
489.5
 10
592.5
 20
490.0
 10
592.5
 20
490.5
 10
593.0
 20
491.0
 10
593.0
 20
491.5
 10
593.0
 20
492.0
 10
593.5
 20
492.5
 10
594.0
 20
492.5
 10
594.0
 20
493.0
 10
594.0
 20
493.5
 10
594.0
 20
494.0
 10
594.0
 20
494.5
 10
594.0
 20
495.0
 10
594.0
 20
495.5
 10
594.0
 20
496.0
 10
594.0
 20
496.5
 10
594.0
 20
497.0
 10
594.0
 20
497.5
 10
594.0
 20
498.0
 10
594.0
 20
498.5
 10
594.0
 20
499.0
 10
594.0
 20
499.5
 10
594.0
 20
500.0
 10
594.0
 20
500.5
 10
594.0
 20
501.0
 10
594.0
 20
501.5
 10
594.0
 20
502.0
 10
594.0
 20
502.5
 10
593.5
 20
503.0
 10
593.5
 20
503.5
 10
593.0
 20
504.0
 10
593.0
 20
504.5
 10
593.0
 20
505.0
 10
593.0
 20
505.5
 10
593.0
 20
506.0
 10
593.5
 20
506.5
 10
593.5
 20
507.0
 10
593.5
 20
507.5
 10
593.5
 20
508.0
 10
593.5
 20
508.5
 10
593.5
 20
509.0
 10
594.0
 20
509.5
 10
594.0
 20
510.0
 10
594.0
 20
510.5
 10
594.0
 20
511.0
 10
594.0
 20
511.5
 10
594.0
 20
512.0
 10
594.0
 20
512.5
 10
594.0
 20
513.0
 10
594.0
 20
513.5
 10
594.0
 20
514.0
 10
594.5
 20
514.5
 10
595.0
 20
515.0
 10
595.0
 20
515.5
 10
595.5
 20
516.0
 10
595.5
 20
516.5
 10
596.0
 20
517.0
 10
596.0
 20
517.5
 10
596.0
 20
518.0
 10
596.0
 20
518.5
 10
596.0
 20
519.0
 10
596.0
 20
519.5
 10
596.0
 20
520.0
 10
596.0
 20
520.5
 10
596.0
 20
521.0
 10
596.0
 20
521.5
 10
596.0
 20
522.0
 10
596.0
 20
522.5
 10
596.0
 20
523.0
 10
596.0
 20
523.5
 10
596.0
 20
524.0
 10
596.0
 20
524.5
 10
596.0
 20
525.0
 10
596.0
 20
525.5
 10
596.5
 20
526.0
 10
596.5
 20
526.5
 10
597.0
 20
527.0
 10
597.0
 20
527.5
 10
597.5
 20
528.0
 10
597.5
 20
528.5
 10
598.0
 20
529.0
 10
598.0
 20
529.5
 10
598.5
 20
530.0
 10
599.0
 20
530.5
 10
599.5
 20
531.0
 10
600.0
 20
531.5
 10
600.5
 20
532.0
 10
600.5
 20
532.5
 10
601.0
 20
533.0
 10
601.5
 20
533.5
 10
602.0
 20
534.0
 10
602.5
 20
534.5
 10
603.0
 20
534.5
 10
603.0
 20
535.0
 10
603.5
 20
535.5
 10
603.5
 20
536.0
 10
603.5
 20
536.5
 10
603.5
 20
537.0
 10
604.0
 20
537.5
 10
604.0
 20
538.0
 10
604.0
 20
538.5
 10
604.0
 20
539.0
 10
604.0
 20
539.5
 10
604.0
 20
540.0
 10
604.0
 20
540.5
 10
603.5
 20
541.0
 10
603.5
 20
541.5
 10
603.0
 20
542.0
 10
602.5
 20
542.0
 10
602.0
 20
542.0
 10
601.5
 20
542.5
 10
601.0
 20
543.0
 10
601.0
 20
543.5
 10
600.5
 20
544.0
 10
600.0
 20
544.5
 10
600.0
 20
545.0
 10
599.5
 20
545.0
 10
599.0
 20
545.5
 10
599.0
 20
546.0
 10
598.5
 20
546.5
 10
598.5
 20
547.0
 10
598.5
 20
547.5
 10
598.0
 20
548.0
 10
597.5
 20
548.5
 10
597.5
 20
549.0
 10
597.5
 20
549.5
 10
597.5
 20
550.0
 10
597.0
 20
550.5
 10
597.0
 20
551.0
 10
597.0
 20
551.5
 10
597.0
 20
552.0
 10
597.0
 20
552.5
 10
597.0
 20
553.0
 10
597.0
 20
553.5
 10
597.0
 20
554.0
 10
597.0
 20
554.5
 10
596.5
 20
555.0
 10
596.5
 20
555.5
 10
596.5
 20
556.0
 10
596.5
 20
556.5
 10
596.0
 20
557.0
 10
596.0
 20
557.5
 10
595.5
 20
558.0
 10
595.0
 20
558.5
 10
595.0
 20
559.0
 10
594.5
 20
559.5
 10
594.0
 20
559.5
 10
593.5
 20
559.5
 10
593.0
 20
559.5
 10
592.5
 20
559.5
 10
592.0
 20
559.5
 10
591.5
 20
559.5
 10
591.0
 20
559.5
 10
590.5
 20
559.5
 10
590.0
 20
559.5
 10
589.5
 20
559.5
 10
589.0
 20
559.5
 10
588.5
 20
559.5
 10
588.0
 20
560.0
 10
587.5
 20
560.5
 10
587.0
 20
561.0
 10
587.0
 20
561.5
 10
587.0
 20
562.0
 10
586.5
 20
562.5
 10
586.0
 20
562.5
 10
585.5
 20
563.0
 10
585.5
 20
563.5
 10
585.5
 20
564.0
 10
585.5
 20
564.5
 10
585.5
 20
565.0
 10
585.5
 20
565.5
 10
585.5
 20
566.0
 10
585.5
 20
566.5
 10
585.0
 20
567.0
 10
585.0
 20
567.5
 10
585.0
 20
568.0
 10
585.0
 20
568.5
 10
584.5
 20
569.0
 10
584.0
 20
569.5
 10
584.0
 20
570.0
 10
583.5
 20
570.5
 10
583.5
 20
571.0
 10
583.0
 20
571.0
 10
582.5
 20
571.5
 10
582.0
 20
572.0
 10
582.0
 20
572.5
 10
581.5
 20
573.0
 10
581.0
 20
573.0
 10
580.5
 20
573.5
 10
580.0
 20
574.0
 10
579.5
 20
574.5
 10
579.0
 20
575.0
 10
578.5
 20
575.5
 10
578.0
 20
575.5
 10
577.5
 20
575.5
 10
577.0
 20
575.5
 10
576.5
 20
575.5
 10
576.0
 20
575.5
 10
575.5
 20
575.5
 10
575.0
 20
575.5
 10
574.5
 20
575.5
 10
574.0
 20
575.5
 10
573.5
 20
575.5
 10
573.0
 20
575.5
 10
572.5
 20
576.0
 10
572.0
 20
576.0
 10
571.5
 20
576.0
 10
571.0
 20
576.0
 10
570.5
 20
576.0
 10
570.0
 20
576.0
 10
569.5
 20
576.0
 10
569.0
 20
576.0
 10
568.5
 20
576.0
 10
568.0
 20
576.0
 10
567.5
 20
576.0
 10
567.0
 20
576.0
 10
566.5
 20
576.0
 10
566.0
 20
576.0
 10
565.5
 20
576.0
 10
565.0
 20
576.0
 10
564.5
 20
576.0
 10
564.0
 20
576.0
 10
563.5
 20
576.0
 10
563.0
 20
576.0
 10
562.5
 20
576.0
 10
562.0
 20
576.0
 10
561.5
 20
576.0
 10
561.0
 20
576.0
 10
560.5
 20
576.0
 10
560.0
 20
576.0
 10
559.5
 20
576.0
 10
559.0
 20
576.0
  0
LWPOLYLINE
  5
CA
330
17
100
AcDbEntity
  8
CURB
370
25
100
AcDbPolyline
 90
97
 70
0
 10
207.0
 20
582.5
 10
207.0
 20
582.0
 10
206.5
 20
581.5
 10
206.0
 20
581.5
 10
205.5
 20
581.5
 10
205.0
 20
581.5
 10
204.5
 20
581.5
 10
204.5
 20
581.0
 10
204.0
 20
580.5
 10
203.5
 20
580.5
 10
203.0
 20
580.5
 10
202.5
 20
580.0
 10
202.5
 20
579.5
 10
202.5
 20
579.0
 10
202.0
 20
578.5
 10
202.0
 20
578.0
 10
202.0
 20
577.5
 10
202.0
 20
577.0
 10
202.0
 20
576.5
 10
202.0
 20
576.0
 10
202.0
 20
575.5
 10
202.0
 20
575.0
 10
202.0
 20
574.5
 10
202.0
 20
574.0
 10
202.0
 20
573.5
 10
202.0
 20
573.0
 10
202.0
 20
572.5
 10
202.0
 20
572.0
 10
202.0
 20
571.5
 10
202.5
 20
571.0
 10
202.5
 20
570.5
 10
202.5
 20
570.0
 10
202.5
 20
569.5
 10
202.5
 20
569.0
 10
202.5
 20
568.5
 10
202.5
 20
568.0
 10
202.5
 20
567.5
 10
202.5
 20
567.0
 10
202.5
 20
566.5
 10
202.5
 20
566.0
 10
202.5
 20
565.5
 10
203.0
 20
565.0
 10
203.5
 20
564.5
 10
203.5
 20
564.0
 10
203.5
 20
563.5
 10
204.0
 20
563.5
 10
204.5
 20
563.5
 10
205.0
 20
563.0
 10
205.0
 20
562.5
 10
205.5
 20
562.5
 10
206.0
 20
562.5
 10
206.5
 20
562.5
 10
207.0
 20
562.5
 10
207.5
 20
562.5
 10
207.5
 20
563.0
 10
208.0
 20
563.5
 10
208.5
 20
564.0
 10
208.5
 20
564.5
 10
208.5
 20
565.0
 10
208.5
 20
565.5
 10
208.5
 20
566.0
 10
208.5
 20
566.5
 10
209.0
 20
567.0
 10
209.5
 20
567.5
 10
209.5
 20
568.0
 10
209.5
 20
568.5
 10
209.5
 20
569.0
 10
209.5
 20
569.5
 10
209.5
 20
570.0
 10
209.5
 20
570.5
 10
209.5
 20
571.0
 10
209.5
 20
571.5
 10
209.5
 20
572.0
 10
209.5
 20
572.5
 10
209.5
 20
573.0
 10
209.5
 20
573.5
 10
209.5
 20
574.0
 10
209.5
 20
574.5
 10
209.5
 20
575.0
 10
209.5
 20
575.5
 10
209.5
 20
576.0
 10
209.5
 20
576.5
 10
209.5
 20
577.0
 10
209.5
 20
577.5
 10
209.5
 20
578.0
 10
209.5
 20
578.5
 10
209.5
 20
579.0
 10
209.5
 20
579.5
 10
209.5
 20
580.0
 10
209.0
 20
580.5
 10
209.0
 20
581.0
 10
209.0
 20
581.5
 10
209.0
 20
582.0
 10
209.0
 20
582.5
 10
208.5
 20
582.5
 10
208.0
 20
582.5
 10
207.5
 20
582.5
  0
LWPOLYLINE
  5
CB
330
17
100
AcDbEntity
  8
CURB
370
25
100
AcDbPolyline
 90
546
 70
0
 10
1001.0
 20
583.5
 10
1001.0
 20
583.0
 10
1000.5
 20
582.5
 10
1000.5
 20
582.0
 10
1000.5
 20
581.5
 10
1000.5
 20
581.0
 10
1000.5
 20
580.5
 10
1001.0
 20
580.0
 10
1001.0
 20
579.5
 10
1001.0
 20
579.0
 10
1001.0
 20
578.5
 10
1001.0
 20
578.0
 10
1001.0
 20
577.5
 10
1001.0
 20
577.0
 10
1000.5
 20
576.5
 10
1000.0
 20
576.0
 10
999.5
 20
576.0
 10
999.0
 20
576.0
 10
998.5
 20
576.0
 10
998.0
 20
576.0
 10
997.5
 20
576.5
 10
997.0
 20
576.5
 10
996.5
 20
576.5
 10
996.0
 20
576.5
 10
995.5
 20
576.5
 10
995.0
 20
576.0
 10
994.5
 20
576.0
 10
994.0
 20
576.0
 10
993.5
 20
576.0
 10
993.0
 20
576.0
 10
992.5
 20
576.0
 10
992.0
 20
576.0
 10
991.5
 20
576.0
 10
991.0
 20
576.0
 10
990.5
 20
575.5
 10
990.0
 20
575.5
 10
989.5
 20
575.5
 10
989.0
 20
575.0
 10
988.5
 20
575.0
 10
988.0
 20
575.0
 10
987.5
 20
575.0
 10
987.0
 20
575.0
 10
986.5
 20
575.0
 10
986.0
 20
575.0
 10
985.5
 20
575.0
 10
985.0
 20
575.0
 10
984.5
 20
575.0
 10
984.0
 20
575.0
 10
983.5
 20
575.0
 10
983.0
 20
575.0
 10
982.5
 20
575.0
 10
982.0
 20
575.0
 10
981.5
 20
575.0
 10
981.0
 20
575.0
 10
980.5
 20
575.0
 10
980.0
 20
575.0
 10
979.5
 20
575.0
 10
979.0
 20
575.0
 10
978.5
 20
575.0
 10
978.0
 20
575.0
 10
977.5
 20
575.0
 10
977.0
 20
575.0
 10
976.5
 20
575.0
 10
976.0
 20
575.0
 10
975.5
 20
575.0
 10
975.0
 20
575.0
 10
974.5
 20
574.5
 10
974.0
 20
574.5
 10
973.5
 20
574.5
 10
973.0
 20
574.0
 10
972.5
 20
574.0
 10
972.0
 20
574.0
 10
971.5
 20
574.0
 10
971.0
 20
574.0
 10
970.5
 20
573.5
 10
970.5
 20
573.0
 10
970.5
 20
572.5
 10
970.5
 20
572.0
 10
970.5
 20
571.5
 10
970.5
 20
571.0
 10
970.5
 20
570.5
 10
970.5
 20
570.0
 10
970.5
 20
569.5
 10
970.5
 20
569.0
 10
970.5
 20
568.5
 10
970.5
 20
568.0
 10
970.5
 20
567.5
 10
970.5
 20
567.0
 10
970.5
 20
566.5
 10
970.5
 20
566.0
 10
970.5
 20
565.5
 10
970.5
 20
565.0
 10
970.5
 20
564.5
 10
970.5
 20
564.0
 10
971.0
 20
564.0
 10
971.5
 20
564.0
 10
972.0
 20
564.0
 10
972.5
 20
564.0
 10
973.0
 20
563.5
 10
973.0
 20
563.0
 10
973.5
 20
563.0
 10
974.0
 20
563.0
 10
974.5
 20
563.0
 10
975.0
 20
563.0
 10
975.5
 20
563.0
 10
976.0
 20
563.0
 10
976.5
 20
563.0
 10
977.0
 20
563.0
 10
977.5
 20
563.0
 10
978.0
 20
563.0
 10
978.5
 20
563.0
 10
979.0
 20
563.0
 10
979.5
 20
563.0
 10
980.0
 20
563.0
 10
980.5
 20
563.0
 10
981.0
 20
563.0
 10
981.5
 20
562.5
 10
982.0
 20
562.5
 10
982.5
 20
562.0
 10
983.0
 20
562.0
 10
983.5
 20
561.5
 10
984.0
 20
561.5
 10
984.5
 20
561.5
 10
985.0
 20
561.5
 10
985.5
 20
561.5
 10
986.0
 20
561.5
 10
986.5
 20
561.5
 10
987.0
 20
561.5
 10
987.5
 20
561.5
 10
988.0
 20
561.5
 10
988.5
 20
562.0
 10
989.0
 20
562.0
 10
989.5
 20
562.0
 10
990.0
 20
562.0
 10
990.5
 20
562.0
 10
991.0
 20
562.0
 10
991.5
 20
562.0
 10
992.0
 20
562.0
 10
992.5
 20
562.0
 10
993.0
 20
562.0
 10
993.5
 20
562.0
 10
994.0
 20
562.0
 10
994.5
 20
562.0
 10
995.0
 20
562.0
 10
995.5
 20
562.0
 10
996.0
 20
562.0
 10
996.5
 20
562.0
 10
997.0
 20
562.0
 10
997.5
 20
562.0
 10
998.0
 20
562.0
 10
998.5
 20
562.0
 10
999.0
 20
562.0
 10
999.5
 20
562.0
 10
1000.0
 20
562.0
 10
1000.5
 20
562.0
 10
1001.0
 20
562.0
 10
1001.5
 20
562.0
 10
1002.0
 20
562.0
 10
1002.5
 20
562.0
 10
1003.0
 20
562.0
 10
1003.5
 20
562.0
 10
1004.0
 20
562.0
 10
1004.5
 20
562.0
 10
1005.0
 20
561.5
 10
1005.5
 20
561.0
 10
1006.0
 20
560.5
 10
1006.5
 20
560.0
 10
1007.0
 20
559.5
 10
1007.5
 20
559.5
 10
1008.0
 20
559.5
 10
1008.5
 20
559.0
 10
1009.0
 20
559.0
 10
1009.5
 20
558.5
 10
1010.0
 20
558.0
 10
1010.5
 20
557.5
 10
1011.0
 20
557.0
 10
1011.0
 20
556.5
 10
1011.5
 20
556.0
 10
1011.5
 20
555.5
 10
1012.0
 20
555.0
 10
1012.5
 20
554.5
 10
1013.0
 20
554.0
 10
1013.5
 20
553.5
 10
1014.0
 20
553.0
 10
1014.5
 20
553.0
 10
1015.0
 20
553.0
 10
1015.5
 20
553.0
 10
1016.0
 20
553.0
 10
1016.5
 20
553.0
 10
1017.0
 20
553.0
 10
1017.5
 20
553.5
 10
1017.5
 20
554.0
 10
1018.0
 20
554.5
 10
1018.0
 20
555.0
 10
1018.0
 20
555.5
 10
1018.0
 20
556.0
 10
1018.5
 20
556.5
 10
1018.5
 20
557.0
 10
1018.5
 20
557.5
 10
1018.5
 20
558.0
 10
1018.5
 20
558.5
 10
1018.5
 20
559.0
 10
1019.0
 20
559.5
 10
1019.0
 20
560.0
 10
1019.0
 20
560.5
 10
1019.0
 20
561.0
 10
1019.5
 20
561.5
 10
1020.0
 20
561.5
 10
1020.5
 20
561.5
 10
1021.0
 20
562.0
 10
1021.5
 20
562.5
 10
1022.0
 20
562.5
 10
1022.5
 20
562.5
 10
1023.0
 20
562.5
 10
1023.5
 20
562.5
 10
1023.5
 20
563.0
 10
1023.0
 20
563.0
 10
1022.5
 20
563.0
 10
1022.0
 20
563.0
 10
1021.5
 20
563.0
 10
1021.0
 20
563.0
 10
1020.5
 20
563.0
 10
1020.0
 20
562.5
 10
1019.5
 20
562.0
 10
1019.0
 20
562.0
 10
1018.5
 20
562.0
 10
1018.5
 20
561.5
 10
1018.5
 20
561.0
 10
1018.5
 20
560.5
 10
1018.0
 20
560.0
 10
1018.0
 20
559.5
 10
1018.0
 20
559.0
 10
1018.0
 20
558.5
 10
1018.0
 20
558.0
 10
1018.0
 20
557.5
 10
1017.5
 20
557.0
 10
1017.5
 20
556.5
 10
1017.5
 20
556.0
 10
1017.5
 20
555.5
 10
1017.0
 20
555.0
 10
1017.0
 20
554.5
 10
1016.5
 20
554.0
 10
1016.0
 20
553.5
 10
1015.5
 20
553.5
 10
1015.0
 20
553.5
 10
1014.5
 20
554.0
 10
1014.0
 20
554.5
 10
1013.5
 20
555.0
 10
1013.0
 20
555.5
 10
1012.5
 20
556.0
 10
1012.0
 20
556.5
 10
1012.0
 20
557.0
 10
1011.5
 20
557.5
 10
1011.5
 20
558.0
 10
1011.0
 20
558.5
 10
1010.5
 20
559.0
 10
1010.0
 20
559.5
 10
1009.5
 20
559.5
 10
1009.0
 20
560.0
 10
1008.5
 20
560.0
 10
1008.0
 20
560.0
 10
1007.5
 20
560.5
 10
1007.0
 20
561.0
 10
1006.5
 20
561.5
 10
1006.0
 20
562.0
 10
1005.5
 20
562.5
 10
1005.0
 20
562.5
 10
1004.5
 20
562.5
 10
1004.0
 20
562.5
 10
1003.5
 20
562.5
 10
1003.0
 20
562.5
 10
1002.5
 20
562.5
 10
1002.0
 20
562.5
 10
1001.5
 20
562.5
 10
1001.0
 20
562.5
 10
1000.5
 20
562.5
 10
1000.0
 20
562.5
 10
999.5
 20
562.5
 10
999.0
 20
562.5
 10
998.5
 20
562.5
 10
998.0
 20
562.5
 10
997.5
 20
562.5
 10
997.0
 20
562.5
 10
996.5
 20
562.5
 10
996.0
 20
562.5
 10
995.5
 20
562.5
 10
995.0
 20
562.5
 10
994.5
 20
562.5
 10
994.0
 20
562.5
 10
993.5
 20
562.5
 10
993.0
 20
562.5
 10
992.5
 20
562.5
 10
992.0
 20
562.5
 10
991.5
 20
562.5
 10
991.0
 20
562.5
 10
990.5
 20
562.5
 10
990.0
 20
562.5
 10
989.5
 20
562.5
 10
989.0
 20
562.5
 10
988.5
 20
562.5
 10
988.0
 20
562.5
 10
987.5
 20
562.5
 10
987.0
 20
562.0
 10
986.5
 20
562.0
 10
986.0
 20
562.0
 10
985.5
 20
562.0
 10
985.0
 20
562.0
 10
984.5
 20
562.0
 10
984.0
 20
562.5
 10
983.5
 20
562.5
 10
983.0
 20
563.0
 10
982.5
 20
563.0
 10
982.0
 20
563.5
 10
981.5
 20
563.5
 10
981.0
 20
563.5
 10
980.5
 20
563.5
 10
980.0
 20
563.5
 10
979.5
 20
563.5
 10
979.0
 20
563.5
 10
978.5
 20
563.5
 10
978.0
 20
563.5
 10
977.5
 20
563.5
 10
977.0
 20
563.5
 10
976.5
 20
563.5
 10
976.0
 20
563.5
 10
975.5
 20
563.5
 10
975.0
 20
563.5
 10
974.5
 20
563.5
 10
974.0
 20
563.5
 10
973.5
 20
564.0
 10
973.5
 20
564.5
 10
973.0
 20
564.5
 10
972.5
 20
564.5
 10
972.0
 20
564.5
 10
971.5
 20
564.5
 10
971.0
 20
565.0
 10
971.0
 20
565.5
 10
971.0
 20
566.0
 10
971.0
 20
566.5
 10
971.0
 20
567.0
 10
971.0
 20
567.5
 10
971.0
 20
568.0
 10
971.0
 20
568.5
 10
971.0
 20
569.0
 10
971.0
 20
569.5
 10
971.0
 20
570.0
 10
971.0
 20
570.5
 10
971.0
 20
571.0
 10
971.0
 20
571.5
 10
971.0
 20
572.0
 10
971.0
 20
572.5
 10
971.5
 20
573.0
 10
972.0
 20
573.5
 10
972.5
 20
573.5
 10
973.0
 20
573.5
 10
973.5
 20
573.5
 10
974.0
 20
573.5
 10
974.5
 20
574.0
 10
975.0
 20
574.0
 10
975.5
 20
574.0
 10
976.0
 20
574.5
 10
976.5
 20
574.5
 10
977.0
 20
574.5
 10
977.5
 20
574.5
 10
978.0
 20
574.5
 10
978.5
 20
574.5
 10
979.0
 20
574.5
 10
979.5
 20
574.5
 10
980.0
 20
574.5
 10
980.5
 20
574.5
 10
981.0
 20
574.5
 10
981.5
 20
574.5
 10
982.0
 20
574.5
 10
982.5
 20
574.5
 10
983.0
 20
574.5
 10
983.5
 20
574.5
 10
984.0
 20
574.5
 10
984.5
 20
574.5
 10
985.0
 20
574.5
 10
985.5
 20
574.5
 10
986.0
 20
574.5
 10
986.5
 20
574.5
 10
987.0
 20
574.5
 10
987.5
 20
574.5
 10
988.0
 20
574.5
 10
988.5
 20
574.5
 10
989.0
 20
574.5
 10
989.5
 20
574.5
 10
990.0
 20
574.5
 10
990.5
 20
575.0
 10
991.0
 20
575.0
 10
991.5
 20
575.0
 10
992.0
 20
575.5
 10
992.5
 20
575.5
 10
993.0
 20
575.5
 10
993.5
 20
575.5
 10
994.0
 20
575.5
 10
994.5
 20
575.5
 10
995.0
 20
575.5
 10
995.5
 20
575.5
 10
996.0
 20
575.5
 10
996.5
 20
576.0
 10
997.0
 20
575.5
 10
997.5
 20
575.5
 10
998.0
 20
575.5
 10
998.5
 20
575.5
 10
999.0
 20
575.5
 10
999.5
 20
575.5
 10
1000.0
 20
575.5
 10
1000.5
 20
575.5
 10
1001.0
 20
575.5
 10
1001.5
 20
576.0
 10
1001.5
 20
576.5
 10
1001.5
 20
577.0
 10
1001.5
 20
577.5
 10
1001.5
 20
578.0
 10
1001.5
 20
578.5
 10
1001.5
 20
579.0
 10
1001.5
 20
579.5
 10
1001.5
 20
580.0
 10
1001.5
 20
580.5
 10
1001.5
 20
581.0
 10
1001.0
 20
581.5
 10
1001.5
 20
582.0
 10
1001.5
 20
582.5
 10
1002.0
 20
583.0
 10
1002.5
 20
582.5
 10
1002.5
 20
582.0
 10
1002.5
 20
581.5
 10
1003.0
 20
581.5
 10
1003.5
 20
581.5
 10
1004.0
 20
581.5
 10
1004.5
 20
581.5
 10
1005.0
 20
581.5
 10
1005.5
 20
581.5
 10
1006.0
 20
581.5
 10
1006.5
 20
581.5
 10
1007.0
 20
581.5
 10
1007.5
 20
581.5
 10
1008.0
 20
581.0
 10
1008.0
 20
580.5
 10
1008.0
 20
580.0
 10
1008.0
 20
579.5
 10
1008.5
 20
579.5
 10
1009.0
 20
579.0
 10
1009.0
 20
578.5
 10
1009.5
 20
578.5
 10
1010.0
 20
578.5
 10
1010.5
 20
578.0
 10
1011.0
 20
578.0
 10
1011.5
 20
577.5
 10
1012.0
 20
577.0
 10
1012.0
 20
576.5
 10
1012.5
 20
576.5
 10
1013.0
 20
576.0
 10
1013.0
 20
575.5
 10
1013.5
 20
575.5
 10
1014.0
 20
575.5
 10
1014.5
 20
575.5
 10
1015.0
 20
575.5
 10
1015.5
 20
575.5
 10
1016.0
 20
575.5
 10
1016.5
 20
575.5
 10
1017.0
 20
575.5
 10
1017.5
 20
575.5
 10
1018.0
 20
575.5
 10
1018.5
 20
576.0
 10
1019.0
 20
576.0
 10
1019.0
 20
576.5
 10
1019.5
 20
577.0
 10
1020.0
 20
577.5
 10
1020.5
 20
577.5
 10
1021.0
 20
577.5
 10
1021.5
 20
577.5
 10
1022.0
 20
577.5
 10
1022.5
 20
577.5
 10
1022.5
 20
578.0
 10
1022.5
 20
578.5
 10
1022.5
 20
579.0
 10
1022.5
 20
579.5
 10
1022.5
 20
580.0
 10
1022.5
 20
580.5
 10
1022.5
 20
581.0
 10
1023.0
 20
581.5
 10
1023.5
 20
581.5
 10
1023.5
 20
582.0
 10
1023.0
 20
582.0
 10
1022.5
 20
582.0
 10
1022.0
 20
582.0
 10
1022.0
 20
581.5
 10
1022.0
 20
581.0
 10
1022.0
 20
580.5
 10
1022.0
 20
580.0
 10
1022.0
 20
579.5
 10
1022.0
 20
579.0
 10
1022.0
 20
578.5
 10
1021.5
 20
578.0
 10
1021.0
 20
578.0
 10
1020.5
 20
578.0
 10
1020.0
 20
578.0
 10
1019.5
 20
578.0
 10
1019.0
 20
578.0
 10
1018.5
 20
577.5
 10
1018.5
 20
577.0
 10
1018.0
 20
576.5
 10
1017.5
 20
576.5
 10
1017.0
 20
576.0
 10
1016.5
 20
576.0
 10
1016.0
 20
576.0
 10
1015.5
 20
576.0
 10
1015.0
 20
576.0
 10
1014.5
 20
576.0
 10
1014.0
 20
576.0
 10
1013.5
 20
576.5
 10
1013.5
 20
577.0
 10
1013.0
 20
577.0
 10
1012.5
 20
577.5
 10
1012.5
 20
578.0
 10
1012.0
 20
578.5
 10
1011.5
 20
578.5
 10
1011.0
 20
579.0
 10
1010.5
 20
579.0
 10
1010.0
 20
579.0
 10
1009.5
 20
579.5
 10
1009.5
 20
580.0
 10
1009.0
 20
580.0
 10
1008.5
 20
580.5
 10
1008.5
 20
581.0
 10
1008.5
 20
581.5
 10
1008.5
 20
582.0
 10
1008.0
 20
582.0
 10
1007.5
 20
582.0
 10
1007.0
 20
582.0
 10
1006.5
 20
582.0
 10
1006.0
 20
582.0
 10
1005.5
 20
582.0
 10
1005.0
 20
582.0
 10
1004.5
 20
582.0
 10
1004.0
 20
582.0
 10
1003.5
 20
582.0
 10
1003.0
 20
582.5
 10
1003.0
 20
583.0
 10
1003.0
 20
583.5
 10
1002.5
 20
583.5
 10
1002.0
 20
583.5
 10
1001.5
 20
583.5
  0
LWPOLYLINE
  5
CC
330
17
100
AcDbEntity
  8
CURB
370
25
100
AcDbPolyline
 90
236
 70
0
 10
701.5
 20
602.5
 10
701.0
 20
602.0
 10
700.5
 20
602.0
 10
700.0
 20
602.0
 10
699.5
 20
602.0
 10
699.0
 20
602.0
 10
698.5
 20
602.0
 10
698.0
 20
602.0
 10
697.5
 20
602.0
 10
697.0
 20
602.0
 10
696.5
 20
602.0
 10
696.0
 20
602.0
 10
695.5
 20
601.5
 10
695.0
 20
601.5
 10
695.0
 20
601.0
 10
694.5
 20
600.5
 10
694.0
 20
600.5
 10
693.5
 20
600.5
 10
693.5
 20
600.0
 10
693.5
 20
599.5
 10
693.5
 20
599.0
 10
693.5
 20
598.5
 10
693.5
 20
598.0
 10
693.5
 20
597.5
 10
693.5
 20
597.0
 10
693.5
 20
596.5
 10
693.5
 20
596.0
 10
693.5
 20
595.5
 10
693.5
 20
595.0
 10
693.5
 20
594.5
 10
693.5
 20
594.0
 10
693.5
 20
593.5
 10
693.5
 20
593.0
 10
693.5
 20
592.5
 10
693.5
 20
592.0
 10
693.5
 20
591.5
 10
693.5
 20
591.0
 10
693.5
 20
590.5
 10
693.0
 20
590.0
 10
693.0
 20
589.5
 10
693.0
 20
589.0
 10
693.0
 20
588.5
 10
692.5
 20
588.0
 10
692.5
 20
587.5
 10
692.0
 20
587.0
 10
692.0
 20
586.5
 10
691.5
 20
586.0
 10
691.5
 20
585.5
 10
691.5
 20
585.0
 10
691.5
 20
584.5
 10
691.5
 20
584.0
 10
691.0
 20
583.5
 10
690.5
 20
583.5
 10
690.0
 20
583.5
 10
690.0
 20
583.0
 10
690.0
 20
582.5
 10
689.5
 20
582.0
 10
689.0
 20
582.0
 10
688.5
 20
582.0
 10
688.0
 20
582.0
 10
687.5
 20
582.0
 10
687.0
 20
582.0
 10
686.5
 20
582.0
 10
686.0
 20
582.0
 10
685.5
 20
582.0
 10
685.0
 20
582.0
 10
684.5
 20
582.0
 10
684.5
 20
581.5
 10
684.5
 20
581.0
 10
684.5
 20
580.5
 10
684.5
 20
580.0
 10
685.0
 20
580.0
 10
685.5
 20
580.0
 10
686.0
 20
580.0
 10
686.5
 20
580.0
 10
687.0
 20
580.0
 10
687.5
 20
580.0
 10
688.0
 20
580.0
 10
688.5
 20
580.0
 10
689.0
 20
580.0
 10
689.5
 20
580.0
 10
689.5
 20
580.5
 10
689.5
 20
581.0
 10
690.0
 20
581.5
 10
690.5
 20
581.5
 10
691.0
 20
581.5
 10
691.5
 20
581.5
 10
692.0
 20
581.5
 10
692.5
 20
581.5
 10
693.0
 20
581.5
 10
693.5
 20
581.5
 10
694.0
 20
581.5
 10
694.5
 20
581.0
 10
694.5
 20
580.5
 10
694.5
 20
580.0
 10
694.5
 20
579.5
 10
695.0
 20
579.5
 10
695.5
 20
579.5
 10
696.0
 20
579.5
 10
696.5
 20
579.5
 10
697.0
 20
579.5
 10
697.5
 20
579.5
 10
698.0
 20
579.5
 10
698.5
 20
580.0
 10
699.0
 20
580.5
 10
699.5
 20
580.5
 10
700.0
 20
581.0
 10
700.5
 20
581.0
 10
701.0
 20
581.5
 10
701.5
 20
581.5
 10
702.0
 20
581.5
 10
702.0
 20
582.0
 10
702.0
 20
582.5
 10
702.0
 20
583.0
 10
702.5
 20
583.5
 10
703.0
 20
583.5
 10
703.0
 20
584.0
 10
703.0
 20
584.5
 10
703.0
 20
585.0
 10
703.0
 20
585.5
 10
703.0
 20
586.0
 10
703.0
 20
586.5
 10
703.0
 20
587.0
 10
703.0
 20
587.5
 10
703.0
 20
588.0
 10
703.0
 20
588.5
 10
703.0
 20
589.0
 10
703.0
 20
589.5
 10
703.0
 20
590.0
 10
703.5
 20
590.5
 10
704.0
 20
590.5
 10
704.5
 20
590.5
 10
705.0
 20
590.5
 10
705.5
 20
590.5
 10
706.0
 20
590.5
 10
706.5
 20
590.5
 10
707.0
 20
590.5
 10
707.5
 20
590.5
 10
708.0
 20
590.5
 10
708.5
 20
590.0
 10
709.0
 20
589.5
 10
709.5
 20
589.5
 10
710.0
 20
589.0
 10
710.0
 20
588.5
 10
710.0
 20
588.0
 10
710.0
 20
587.5
 10
710.0
 20
587.0
 10
710.0
 20
586.5
 10
710.0
 20
586.0
 10
710.0
 20
585.5
 10
710.0
 20
585.0
 10
710.5
 20
585.0
 10
711.0
 20
585.0
 10
711.5
 20
585.0
 10
712.0
 20
585.0
 10
712.5
 20
584.5
 10
712.5
 20
584.0
 10
712.5
 20
583.5
 10
713.0
 20
583.5
 10
713.5
 20
583.5
 10
714.0
 20
583.5
 10
714.5
 20
583.5
 10
715.0
 20
583.5
 10
715.5
 20
583.5
 10
716.0
 20
583.5
 10
716.5
 20
583.5
 10
717.0
 20
583.5
 10
717.0
 20
584.0
 10
717.0
 20
584.5
 10
717.0
 20
585.0
 10
717.0
 20
585.5
 10
717.0
 20
586.0
 10
717.0
 20
586.5
 10
717.0
 20
587.0
 10
717.0
 20
587.5
 10
717.0
 20
588.0
 10
717.0
 20
588.5
 10
717.5
 20
589.0
 10
717.5
 20
589.5
 10
717.5
 20
590.0
 10
717.5
 20
590.5
 10
717.5
 20
591.0
 10
717.5
 20
591.5
 10
717.5
 20
592.0
 10
717.5
 20
592.5
 10
717.5
 20
593.0
 10
717.5
 20
593.5
 10
717.5
 20
594.0
 10
717.5
 20
594.5
 10
717.5
 20
595.0
 10
717.5
 20
595.5
 10
717.5
 20
596.0
 10
717.5
 20
596.5
 10
717.5
 20
597.0
 10
717.5
 20
597.5
 10
717.5
 20
598.0
 10
717.5
 20
598.5
 10
717.5
 20
599.0
 10
717.5
 20
599.5
 10
717.5
 20
600.0
 10
717.5
 20
600.5
 10
717.5
 20
601.0
 10
717.0
 20
601.0
 10
716.5
 20
601.0
 10
716.0
 20
601.0
 10
715.5
 20
601.0
 10
715.0
 20
601.5
 10
715.0
 20
602.0
 10
714.5
 20
602.0
 10
714.0
 20
602.0
 10
713.5
 20
602.0
 10
713.0
 20
602.0
 10
713.0
 20
601.5
 10
712.5
 20
601.0
 10
712.0
 20
601.0
 10
711.5
 20
601.0
 10
711.0
 20
601.0
 10
710.5
 20
601.0
 10
710.0
 20
601.0
 10
709.5
 20
601.0
 10
709.0
 20
601.0
 10
708.5
 20
601.0
 10
708.0
 20
601.0
 10
707.5
 20
601.0
 10
707.0
 20
601.0
 10
706.5
 20
601.5
 10
706.5
 20
602.0
 10
706.0
 20
602.0
 10
705.5
 20
602.5
 10
705.0
 20
602.5
 10
704.5
 20
602.5
 10
704.0
 20
602.5
 10
703.5
 20
602.5
 10
703.0
 20
602.5
 10
702.5
 20
602.5
 10
702.0
 20
602.5
  0
LWPOLYLINE
  5
CD
330
17
100
AcDbEntity
  8
CURB
370
25
100
AcDbPolyline
 90
152
 70
0
 10
516.5
 20
614.0
 10
516.5
 20
613.5
 10
516.0
 20
613.0
 10
515.5
 20
612.5
 10
515.0
 20
612.5
 10
514.5
 20
612.5
 10
514.0
 20
612.5
 10
513.5
 20
612.5
 10
513.0
 20
612.5
 10
512.5
 20
613.0
 10
512.0
 20
613.0
 10
511.5
 20
613.0
 10
511.0
 20
613.0
 10
510.5
 20
613.0
 10
510.0
 20
613.0
 10
509.5
 20
613.0
 10
509.0
 20
613.0
 10
508.5
 20
613.0
 10
508.0
 20
613.0
 10
507.5
 20
613.0
 10
507.0
 20
613.0
 10
506.5
 20
613.0
 10
506.0
 20
612.5
 10
505.5
 20
612.5
 10
505.0
 20
612.5
 10
504.5
 20
612.5
 10
504.0
 20
612.5
 10
503.5
 20
612.5
 10
503.0
 20
612.5
 10
502.5
 20
612.5
 10
502.5
 20
612.0
 10
502.0
 20
611.5
 10
501.5
 20
611.5
 10
501.5
 20
611.0
 10
501.5
 20
610.5
 10
501.5
 20
610.0
 10
501.5
 20
609.5
 10
501.5
 20
609.0
 10
501.0
 20
608.5
 10
500.5
 20
608.5
 10
500.0
 20
608.5
 10
500.0
 20
608.0
 10
500.0
 20
607.5
 10
500.0
 20
607.0
 10
500.0
 20
606.5
 10
500.0
 20
606.0
 10
500.0
 20
605.5
 10
500.0
 20
605.0
 10
500.5
 20
604.5
 10
500.5
 20
604.0
 10
500.5
 20
603.5
 10
500.5
 20
603.0
 10
500.5
 20
602.5
 10
500.5
 20
602.0
 10
500.5
 20
601.5
 10
500.5
 20
601.0
 10
501.0
 20
601.0
 10
501.5
 20
601.0
 10
502.0
 20
601.0
 10
502.5
 20
601.0
 10
503.0
 20
601.0
 10
503.5
 20
601.0
 10
504.0
 20
601.0
 10
504.5
 20
601.0
 10
505.0
 20
601.0
 10
505.5
 20
600.5
 10
506.0
 20
600.5
 10
506.5
 20
600.5
 10
507.0
 20
600.5
 10
507.5
 20
600.5
 10
508.0
 20
600.5
 10
508.5
 20
600.5
 10
509.0
 20
600.5
 10
509.5
 20
600.5
 10
510.0
 20
600.5
 10
510.5
 20
600.5
 10
511.0
 20
600.5
 10
511.5
 20
600.5
 10
512.0
 20
600.5
 10
512.0
 20
601.0
 10
512.5
 20
601.5
 10
512.5
 20
602.0
 10
512.5
 20
602.5
 10
513.0
 20
603.0
 10
513.5
 20
603.5
 10
514.0
 20
603.5
 10
514.5
 20
603.5
 10
515.0
 20
603.5
 10
515.5
 20
603.5
 10
516.0
 20
603.0
 10
516.0
 20
602.5
 10
516.0
 20
602.0
 10
516.0
 20
601.5
 10
516.0
 20
601.0
 10
516.0
 20
600.5
 10
516.0
 20
600.0
 10
516.0
 20
599.5
 10
516.5
 20
599.5
 10
517.0
 20
599.0
 10
517.5
 20
598.5
 10
518.0
 20
598.5
 10
518.5
 20
598.5
 10
519.0
 20
598.0
 10
519.5
 20
598.0
 10
520.0
 20
598.0
 10
520.5
 20
598.0
 10
521.0
 20
598.0
 10
521.5
 20
598.5
 10
522.0
 20
598.5
 10
522.5
 20
598.5
 10
522.5
 20
599.0
 10
522.5
 20
599.5
 10
522.5
 20
600.0
 10
522.5
 20
600.5
 10
522.5
 20
601.0
 10
522.5
 20
601.5
 10
522.5
 20
602.0
 10
522.5
 20
602.5
 10
522.5
 20
603.0
 10
522.5
 20
603.5
 10
522.5
 20
604.0
 10
522.5
 20
604.5
 10
522.5
 20
605.0
 10
522.5
 20
605.5
 10
522.5
 20
606.0
 10
522.5
 20
606.5
 10
522.5
 20
607.0
 10
522.5
 20
607.5
 10
522.5
 20
608.0
 10
522.5
 20
608.5
 10
522.5
 20
609.0
 10
522.5
 20
609.5
 10
522.5
 20
610.0
 10
522.5
 20
610.5
 10
522.5
 20
611.0
 10
522.5
 20
611.5
 10
522.5
 20
612.0
 10
522.5
 20
612.5
 10
522.5
 20
613.0
 10
522.5
 20
613.5
 10
522.5
 20
614.0
 10
522.0
 20
614.0
 10
521.5
 20
614.0
 10
521.0
 20
614.0
 10
520.5
 20
614.0
 10
520.0
 20
614.0
 10
519.5
 20
614.0
 10
519.0
 20
614.0
 10
518.5
 20
614.0
 10
518.0
 20
614.0
 10
517.5
 20
614.0
 10
517.0
 20
614.0
  0
LWPOLYLINE
  5
CE
330
17
100
AcDbEntity
  8
CURB
370
25
100
AcDbPolyline
 90
255
 70
0
 10
985.5
 20
618.0
 10
985.5
 20
617.5
 10
985.5
 20
617.0
 10
985.5
 20
616.5
 10
985.5
 20
616.0
 10
986.0
 20
616.0
 10
986.5
 20
616.0
 10
987.0
 20
616.0
 10
987.5
 20
615.5
 10
987.5
 20
615.0
 10
987.5
 20
614.5
 10
987.5
 20
614.0
 10
987.5
 20
613.5
 10
987.5
 20
613.0
 10
987.5
 20
612.5
 10
987.5
 20
612.0
 10
987.0
 20
611.5
 10
986.5
 20
611.5
 10
986.0
 20
611.5
 10
985.5
 20
611.5
 10
985.0
 20
611.5
 10
984.5
 20
611.5
 10
984.0
 20
611.5
 10
983.5
 20
611.5
 10
983.0
 20
611.5
 10
982.5
 20
611.5
 10
982.0
 20
611.5
 10
981.5
 20
611.5
 10
981.0
 20
611.5
 10
980.5
 20
611.5
 10
980.0
 20
611.5
 10
979.5
 20
611.5
 10
979.0
 20
611.5
 10
978.5
 20
611.5
 10
978.0
 20
611.5
 10
977.5
 20
611.5
 10
977.0
 20
611.5
 10
976.5
 20
611.5
 10
976.0
 20
611.5
 10
975.5
 20
611.5
 10
975.0
 20
611.5
 10
974.5
 20
611.5
 10
974.0
 20
611.5
 10
973.5
 20
611.5
 10
973.0
 20
611.5
 10
972.5
 20
611.5
 10
972.5
 20
611.0
 10
972.5
 20
610.5
 10
972.5
 20
610.0
 10
972.0
 20
609.5
 10
971.5
 20
609.5
 10
971.5
 20
609.0
 10
971.5
 20
608.5
 10
971.5
 20
608.0
 10
971.5
 20
607.5
 10
971.5
 20
607.0
 10
971.5
 20
606.5
 10
971.5
 20
606.0
 10
971.5
 20
605.5
 10
971.5
 20
605.0
 10
971.5
 20
604.5
 10
972.0
 20
604.5
 10
972.5
 20
604.0
 10
972.5
 20
603.5
 10
972.5
 20
603.0
 10
972.5
 20
602.5
 10
972.5
 20
602.0
 10
972.5
 20
601.5
 10
972.5
 20
601.0
 10
972.5
 20
600.5
 10
972.5
 20
600.0
 10
972.5
 20
599.5
 10
972.5
 20
599.0
 10
972.5
 20
598.5
 10
973.0
 20
598.0
 10
973.0
 20
597.5
 10
973.5
 20
597.5
 10
974.0
 20
597.5
 10
974.5
 20
597.5
 10
975.0
 20
597.5
 10
975.5
 20
597.5
 10
976.0
 20
597.5
 10
976.5
 20
597.5
 10
977.0
 20
597.5
 10
977.5
 20
597.5
 10
978.0
 20
597.5
 10
978.5
 20
597.5
 10
979.0
 20
597.5
 10
979.5
 20
597.5
 10
980.0
 20
597.5
 10
980.5
 20
597.5
 10
981.0
 20
597.5
 10
981.5
 20
597.5
 10
982.0
 20
597.5
 10
982.5
 20
597.5
 10
983.0
 20
597.5
 10
983.5
 20
597.5
 10
984.0
 20
597.5
 10
984.5
 20
597.5
 10
985.0
 20
597.5
 10
985.5
 20
597.5
 10
986.0
 20
597.5
 10
986.5
 20
597.5
 10
987.0
 20
597.5
 10
987.5
 20
597.5
 10
988.0
 20
597.5
 10
988.5
 20
597.5
 10
989.0
 20
597.5
 10
989.5
 20
597.5
 10
990.0
 20
597.5
 10
990.5
 20
597.5
 10
991.0
 20
597.5
 10
991.5
 20
597.5
 10
992.0
 20
597.5
 10
992.5
 20
597.5
 10
993.0
 20
597.5
 10
993.5
 20
597.5
 10
994.0
 20
597.5
 10
994.5
 20
597.5
 10
995.0
 20
598.0
 10
995.5
 20
598.0
 10
996.0
 20
598.5
 10
996.5
 20
598.5
 10
997.0
 20
598.5
 10
997.5
 20
598.5
 10
998.0
 20
598.5
 10
998.5
 20
598.5
 10
999.0
 20
598.5
 10
999.5
 20
598.5
 10
1000.0
 20
598.5
 10
1000.5
 20
598.5
 10
1001.0
 20
598.5
 10
1001.5
 20
598.5
 10
1002.0
 20
598.5
 10
1002.5
 20
598.5
 10
1003.0
 20
598.5
 10
1003.5
 20
598.5
 10
1004.0
 20
598.5
 10
1004.5
 20
598.5
 10
1005.0
 20
598.5
 10
1005.0
 20
599.0
 10
1005.0
 20
599.5
 10
1005.5
 20
600.0
 10
1006.0
 20
600.0
 10
1006.5
 20
600.5
 10
1007.0
 20
600.5
 10
1007.5
 20
600.5
 10
1007.5
 20
601.0
 10
1007.5
 20
601.5
 10
1007.5
 20
602.0
 10
1007.5
 20
602.5
 10
1007.5
 20
603.0
 10
1007.5
 20
603.5
 10
1007.5
 20
604.0
 10
1008.0
 20
604.5
 10
1008.0
 20
605.0
 10
1008.5
 20
605.5
 10
1009.0
 20
605.5
 10
1009.0
 20
606.0
 10
1009.5
 20
606.5
 10
1010.0
 20
607.0
 10
1010.0
 20
607.5
 10
1010.0
 20
608.0
 10
1010.0
 20
608.5
 10
1010.0
 20
609.0
 10
1010.0
 20
609.5
 10
1010.0
 20
610.0
 10
1010.0
 20
610.5
 10
1010.0
 20
611.0
 10
1009.5
 20
611.0
 10
1009.0
 20
611.0
 10
1008.5
 20
611.0
 10
1008.0
 20
611.0
 10
1007.5
 20
611.0
 10
1007.0
 20
611.0
 10
1006.5
 20
611.0
 10
1006.0
 20
611.0
 10
1005.5
 20
611.0
 10
1005.0
 20
611.0
 10
1004.5
 20
611.0
 10
1004.0
 20
611.0
 10
1003.5
 20
611.0
 10
1003.0
 20
611.0
 10
1002.5
 20
611.0
 10
1002.0
 20
611.0
 10
1001.5
 20
611.0
 10
1001.0
 20
611.0
 10
1001.0
 20
610.5
 10
1000.5
 20
610.0
 10
1000.0
 20
610.0
 10
1000.0
 20
609.5
 10
1000.0
 20
609.0
 10
1000.0
 20
608.5
 10
1000.0
 20
608.0
 10
1000.0
 20
607.5
 10
1000.0
 20
607.0
 10
1000.0
 20
606.5
 10
999.5
 20
606.0
 10
999.0
 20
605.5
 10
999.0
 20
605.0
 10
998.5
 20
604.5
 10
998.5
 20
604.0
 10
998.0
 20
603.5
 10
997.5
 20
603.0
 10
997.0
 20
603.0
 10
996.5
 20
603.0
 10
996.0
 20
602.5
 10
995.5
 20
602.5
 10
995.0
 20
602.5
 10
994.5
 20
602.5
 10
994.0
 20
602.5
 10
993.5
 20
603.0
 10
993.0
 20
603.5
 10
993.0
 20
604.0
 10
993.0
 20
604.5
 10
993.0
 20
605.0
 10
993.0
 20
605.5
 10
992.5
 20
605.5
 10
992.0
 20
606.0
 10
992.0
 20
606.5
 10
992.0
 20
607.0
 10
992.0
 20
607.5
 10
992.0
 20
608.0
 10
992.0
 20
608.5
 10
992.0
 20
609.0
 10
992.0
 20
609.5
 10
992.0
 20
610.0
 10
992.0
 20
610.5
 10
992.0
 20
611.0
 10
992.0
 20
611.5
 10
991.5
 20
612.0
 10
991.5
 20
612.5
 10
991.0
 20
613.0
 10
991.0
 20
613.5
 10
991.0
 20
614.0
 10
991.0
 20
614.5
 10
991.0
 20
615.0
 10
991.5
 20
615.5
 10
992.0
 20
616.0
 10
992.0
 20
616.5
 10
992.0
 20
617.0
 10
992.0
 20
617.5
 10
992.0
 20
618.0
 10
991.5
 20
618.0
 10
991.0
 20
618.0
 10
990.5
 20
618.0
 10
990.0
 20
618.0
 10
989.5
 20
618.0
 10
989.0
 20
618.0
 10
988.5
 20
618.0
 10
988.0
 20
618.0
 10
987.5
 20
618.0
 10
987.0
 20
618.0
 10
986.5
 20
618.0
 10
986.0
 20
618.0
  0
LWPOLYLINE
  5
CF
330
17
100
AcDbEntity
  8
CURB
370
25
100
AcDbPolyline
 90
337
 70
0
 10
952.0
 20
620.5
 10
951.5
 20
620.0
 10
951.0
 20
620.0
 10
950.5
 20
620.0
 10
950.0
 20
620.0
 10
949.5
 20
619.5
 10
949.5
 20
619.0
 10
949.0
 20
618.5
 10
948.5
 20
618.0
 10
948.5
 20
617.5
 10
948.0
 20
617.0
 10
948.0
 20
616.5
 10
948.0
 20
616.0
 10
948.0
 20
615.5
 10
948.0
 20
615.0
 10
947.5
 20
614.5
 10
947.5
 20
614.0
 10
947.0
 20
613.5
 10
947.0
 20
613.0
 10
946.5
 20
612.5
 10
946.5
 20
612.0
 10
946.5
 20
611.5
 10
946.5
 20
611.0
 10
946.5
 20
610.5
 10
946.5
 20
610.0
 10
946.5
 20
609.5
 10
947.0
 20
609.0
 10
947.5
 20
608.5
 10
948.0
 20
608.0
 10
948.0
 20
607.5
 10
948.0
 20
607.0
 10
948.0
 20
606.5
 10
948.0
 20
606.0
 10
948.5
 20
605.5
 10
948.5
 20
605.0
 10
948.5
 20
604.5
 10
948.5
 20
604.0
 10
948.5
 20
603.5
 10
948.5
 20
603.0
 10
948.5
 20
602.5
 10
948.5
 20
602.0
 10
948.5
 20
601.5
 10
948.5
 20
601.0
 10
948.0
 20
600.5
 10
948.0
 20
600.0
 10
948.0
 20
599.5
 10
948.0
 20
599.0
 10
948.0
 20
598.5
 10
948.0
 20
598.0
 10
948.0
 20
597.5
 10
947.5
 20
597.0
 10
947.5
 20
596.5
 10
947.5
 20
596.0
 10
947.0
 20
595.5
 10
946.5
 20
595.0
 10
946.0
 20
595.0
 10
945.5
 20
594.5
 10
945.0
 20
594.5
 10
944.5
 20
594.5
 10
944.0
 20
594.0
 10
943.5
 20
594.0
 10
943.0
 20
594.0
 10
943.0
 20
593.5
 10
942.5
 20
593.0
 10
942.0
 20
592.5
 10
942.0
 20
592.0
 10
941.5
 20
591.5
 10
941.0
 20
591.5
 10
940.5
 20
591.0
 10
940.0
 20
590.5
 10
939.5
 20
590.0
 10
939.0
 20
590.0
 10
938.5
 20
590.0
 10
938.0
 20
589.5
 10
937.5
 20
589.5
 10
937.0
 20
589.5
 10
936.5
 20
589.5
 10
936.5
 20
589.0
 10
936.0
 20
588.5
 10
935.5
 20
588.5
 10
935.0
 20
588.0
 10
934.5
 20
588.0
 10
934.0
 20
588.0
 10
933.5
 20
588.0
 10
933.5
 20
587.5
 10
933.0
 20
587.0
 10
932.5
 20
586.5
 10
932.0
 20
586.5
 10
931.5
 20
586.5
 10
931.0
 20
586.5
 10
930.5
 20
586.0
 10
930.5
 20
585.5
 10
930.0
 20
585.0
 10
929.5
 20
584.5
 10
929.5
 20
584.0
 10
929.0
 20
583.5
 10
928.5
 20
583.0
 10
928.0
 20
582.5
 10
927.5
 20
582.0
 10
927.0
 20
582.0
 10
926.5
 20
581.5
 10
926.0
 20
581.0
 10
925.5
 20
581.0
 10
925.5
 20
580.5
 10
925.0
 20
580.0
 10
925.0
 20
579.5
 10
925.0
 20
579.0
 10
924.5
 20
578.5
 10
924.0
 20
578.5
 10
924.0
 20
578.0
 10
923.5
 20
577.5
 10
923.0
 20
577.5
 10
923.0
 20
577.0
 10
922.5
 20
576.5
 10
922.5
 20
576.0
 10
922.5
 20
575.5
 10
922.5
 20
575.0
 10
922.5
 20
574.5
 10
922.5
 20
574.0
 10
922.5
 20
573.5
 10
922.5
 20
573.0
 10
922.5
 20
572.5
 10
922.5
 20
572.0
 10
922.5
 20
571.5
 10
922.5
 20
571.0
 10
922.5
 20
570.5
 10
922.5
 20
570.0
 10
922.5
 20
569.5
 10
923.0
 20
569.0
 10
923.0
 20
568.5
 10
923.5
 20
568.0
 10
923.5
 20
567.5
 10
924.0
 20
567.0
 10
924.5
 20
567.0
 10
925.0
 20
567.0
 10
925.5
 20
567.0
 10
926.0
 20
567.0
 10
926.5
 20
567.0
 10
927.0
 20
567.0
 10
927.5
 20
567.0
 10
928.0
 20
567.0
 10
928.5
 20
567.0
 10
929.0
 20
567.0
 10
929.5
 20
567.0
 10
930.0
 20
567.0
 10
930.5
 20
567.0
 10
931.0
 20
567.0
 10
931.5
 20
567.5
 10
932.0
 20
567.5
 10
932.5
 20
567.5
 10
933.0
 20
567.5
 10
933.5
 20
567.5
 10
934.0
 20
567.5
 10
934.5
 20
567.5
 10
935.0
 20
567.5
 10
935.5
 20
567.5
 10
936.0
 20
567.5
 10
936.5
 20
567.5
 10
937.0
 20
567.5
 10
937.5
 20
567.5
 10
938.0
 20
567.5
 10
938.5
 20
567.5
 10
939.0
 20
567.5
 10
939.0
 20
568.0
 10
939.5
 20
568.5
 10
940.0
 20
568.5
 10
940.5
 20
568.5
 10
941.0
 20
568.5
 10
941.5
 20
568.5
 10
942.0
 20
568.5
 10
942.5
 20
568.5
 10
943.0
 20
568.5
 10
943.5
 20
568.5
 10
944.0
 20
568.5
 10
944.5
 20
568.5
 10
945.0
 20
568.0
 10
945.0
 20
567.5
 10
945.5
 20
567.5
 10
946.0
 20
567.5
 10
946.5
 20
567.5
 10
947.0
 20
567.5
 10
947.5
 20
567.5
 10
948.0
 20
567.5
 10
948.5
 20
567.5
 10
949.0
 20
567.5
 10
949.5
 20
567.5
 10
950.0
 20
567.5
 10
950.5
 20
567.5
 10
951.0
 20
567.0
 10
951.5
 20
567.0
 10
952.0
 20
567.0
 10
952.5
 20
567.0
 10
953.0
 20
567.0
 10
953.5
 20
567.0
 10
954.0
 20
566.5
 10
954.5
 20
566.5
 10
955.0
 20
566.5
 10
955.5
 20
566.5
 10
956.0
 20
566.5
 10
956.5
 20
566.5
 10
957.0
 20
566.5
 10
957.5
 20
566.5
 10
958.0
 20
566.5
 10
958.5
 20
567.0
 10
959.0
 20
567.0
 10
959.5
 20
567.0
 10
960.0
 20
567.0
 10
960.5
 20
567.0
 10
961.0
 20
567.0
 10
961.5
 20
567.0
 10
962.0
 20
567.0
 10
962.5
 20
567.5
 10
962.5
 20
568.0
 10
963.0
 20
568.5
 10
963.5
 20
568.5
 10
964.0
 20
568.5
 10
964.5
 20
569.0
 10
965.0
 20
569.0
 10
965.5
 20
569.0
 10
965.5
 20
569.5
 10
965.5
 20
570.0
 10
965.5
 20
570.5
 10
965.5
 20
571.0
 10
965.5
 20
571.5
 10
965.5
 20
572.0
 10
965.5
 20
572.5
 10
965.5
 20
573.0
 10
965.5
 20
573.5
 10
965.5
 20
574.0
 10
965.5
 20
574.5
 10
965.5
 20
575.0
 10
965.5
 20
575.5
 10
965.5
 20
576.0
 10
965.5
 20
576.5
 10
965.0
 20
577.0
 10
965.0
 20
577.5
 10
965.0
 20
578.0
 10
965.0
 20
578.5
 10
965.0
 20
579.0
 10
965.0
 20
579.5
 10
965.0
 20
580.0
 10
965.0
 20
580.5
 10
965.0
 20
581.0
 10
965.0
 20
581.5
 10
965.0
 20
582.0
 10
965.0
 20
582.5
 10
964.5
 20
582.5
 10
964.0
 20
582.5
 10
963.5
 20
583.0
 10
963.0
 20
583.5
 10
963.0
 20
584.0
 10
962.5
 20
584.5
 10
962.5
 20
585.0
 10
962.5
 20
585.5
 10
962.5
 20
586.0
 10
962.5
 20
586.5
 10
962.5
 20
587.0
 10
962.0
 20
587.5
 10
961.5
 20
588.0
 10
961.0
 20
588.5
 10
960.5
 20
589.0
 10
960.0
 20
589.5
 10
960.0
 20
590.0
 10
959.5
 20
590.5
 10
959.5
 20
591.0
 10
959.5
 20
591.5
 10
959.5
 20
592.0
 10
959.5
 20
592.5
 10
959.5
 20
593.0
 10
959.5
 20
593.5
 10
959.5
 20
594.0
 10
959.5
 20
594.5
 10
959.5
 20
595.0
 10
959.5
 20
595.5
 10
959.5
 20
596.0
 10
959.5
 20
596.5
 10
959.5
 20
597.0
 10
959.5
 20
597.5
 10
959.5
 20
598.0
 10
959.5
 20
598.5
 10
959.5
 20
599.0
 10
959.5
 20
599.5
 10
959.5
 20
600.0
 10
959.5
 20
600.5
 10
959.5
 20
601.0
 10
959.5
 20
601.5
 10
959.5
 20
602.0
 10
959.0
 20
602.5
 10
959.0
 20
603.0
 10
958.5
 20
603.5
 10
958.5
 20
604.0
 10
958.5
 20
604.5
 10
958.5
 20
605.0
 10
958.5
 20
605.5
 10
958.5
 20
606.0
 10
958.5
 20
606.5
 10
958.5
 20
607.0
 10
958.5
 20
607.5
 10
959.0
 20
608.0
 10
959.5
 20
608.5
 10
959.5
 20
609.0
 10
959.5
 20
609.5
 10
959.5
 20
610.0
 10
959.5
 20
610.5
 10
959.5
 20
611.0
 10
959.5
 20
611.5
 10
959.5
 20
612.0
 10
959.5
 20
612.5
 10
959.5
 20
613.0
 10
959.5
 20
613.5
 10
959.5
 20
614.0
 10
959.5
 20
614.5
 10
959.5
 20
615.0
 10
959.5
 20
615.5
 10
959.5
 20
616.0
 10
959.5
 20
616.5
 10
959.5
 20
617.0
 10
959.5
 20
617.5
 10
959.5
 20
618.0
 10
959.5
 20
618.5
 10
959.5
 20
619.0
 10
959.0
 20
619.0
 10
958.5
 20
619.0
 10
958.0
 20
619.0
 10
957.5
 20
619.0
 10
957.0
 20
619.0
 10
956.5
 20
619.0
 10
956.0
 20
619.0
 10
955.5
 20
619.5
 10
955.5
 20
620.0
 10
955.5
 20
620.5
 10
955.0
 20
620.5
 10
954.5
 20
620.5
 10
954.0
 20
620.5
 10
953.5
 20
620.5
 10
953.0
 20
620.5
 10
952.5
 20
620.5
  0
LWPOLYLINE
  5
D0
330
17
100
AcDbEntity
  8
CURB
370
25
100
AcDbPolyline
 90
143
 70
0
 10
305.5
 20
630.0
 10
305.5
 20
629.5
 10
305.5
 20
629.0
 10
305.5
 20
628.5
 10
305.5
 20
628.0
 10
305.0
 20
627.5
 10
304.5
 20
627.5
 10
304.0
 20
627.5
 10
303.5
 20
627.5
 10
303.0
 20
627.5
 10
302.5
 20
627.5
 10
302.0
 20
627.5
 10
301.5
 20
627.0
 10
301.0
 20
627.0
 10
300.5
 20
627.0
 10
300.0
 20
627.0
 10
300.0
 20
626.5
 10
300.0
 20
626.0
 10
300.0
 20
625.5
 10
300.0
 20
625.0
 10
300.0
 20
624.5
 10
300.0
 20
624.0
 10
300.0
 20
623.5
 10
300.0
 20
623.0
 10
300.0
 20
622.5
 10
300.0
 20
622.0
 10
299.5
 20
621.5
 10
299.5
 20
621.0
 10
299.5
 20
620.5
 10
299.5
 20
620.0
 10
299.5
 20
619.5
 10
299.0
 20
619.0
 10
299.0
 20
618.5
 10
299.0
 20
618.0
 10
299.0
 20
617.5
 10
299.0
 20
617.0
 10
299.0
 20
616.5
 10
299.0
 20
616.0
 10
298.5
 20
615.5
 10
298.5
 20
615.0
 10
298.5
 20
614.5
 10
298.5
 20
614.0
 10
298.5
 20
613.5
 10
298.5
 20
613.0
 10
298.0
 20
612.5
 10
297.5
 20
612.5
 10
297.5
 20
612.0
 10
297.5
 20
611.5
 10
297.5
 20
611.0
 10
297.5
 20
610.5
 10
297.5
 20
610.0
 10
297.5
 20
609.5
 10
298.0
 20
609.5
 10
298.5
 20
609.5
 10
299.0
 20
609.5
 10
299.5
 20
609.5
 10
300.0
 20
609.0
 10
300.0
 20
608.5
 10
300.5
 20
608.0
 10
300.5
 20
607.5
 10
300.5
 20
607.0
 10
300.5
 20
606.5
 10
300.5
 20
606.0
 10
300.5
 20
605.5
 10
301.0
 20
605.5
 10
301.5
 20
605.5
 10
302.0
 20
605.5
 10
302.5
 20
605.5
 10
303.0
 20
605.5
 10
303.5
 20
605.5
 10
304.0
 20
605.5
 10
304.5
 20
605.5
 10
305.0
 20
605.5
 10
305.5
 20
605.5
 10
306.0
 20
605.5
 10
306.5
 20
605.5
 10
307.0
 20
605.5
 10
307.5
 20
605.5
 10
308.0
 20
605.5
 10
308.5
 20
605.5
 10
309.0
 20
605.5
 10
309.5
 20
605.5
 10
310.0
 20
606.0
 10
310.0
 20
606.5
 10
310.0
 20
607.0
 10
310.0
 20
607.5
 10
310.0
 20
608.0
 10
310.0
 20
608.5
 10
310.0
 20
609.0
 10
310.5
 20
609.5
 10
311.0
 20
609.5
 10
311.5
 20
609.5
 10
312.0
 20
609.5
 10
312.5
 20
609.5
 10
312.5
 20
610.0
 10
312.5
 20
610.5
 10
312.5
 20
611.0
 10
312.5
 20
611.5
 10
312.0
 20
612.0
 10
312.0
 20
612.5
 10
312.0
 20
613.0
 10
312.0
 20
613.5
 10
312.0
 20
614.0
 10
312.0
 20
614.5
 10
312.0
 20
615.0
 10
312.0
 20
615.5
 10
312.0
 20
616.0
 10
312.0
 20
616.5
 10
312.0
 20
617.0
 10
312.0
 20
617.5
 10
312.0
 20
618.0
 10
312.0
 20
618.5
 10
312.0
 20
619.0
 10
312.0
 20
619.5
 10
311.5
 20
620.0
 10
311.5
 20
620.5
 10
311.5
 20
621.0
 10
311.5
 20
621.5
 10
311.5
 20
622.0
 10
311.5
 20
622.5
 10
311.5
 20
623.0
 10
311.5
 20
623.5
 10
311.5
 20
624.0
 10
311.5
 20
624.5
 10
311.5
 20
625.0
 10
311.5
 20
625.5
 10
311.5
 20
626.0
 10
311.0
 20
626.5
 10
311.0
 20
627.0
 10
311.0
 20
627.5
 10
310.5
 20
627.5
 10
310.0
 20
628.0
 10
310.0
 20
628.5
 10
310.0
 20
629.0
 10
310.0
 20
629.5
 10
309.5
 20
629.5
 10
309.0
 20
630.0
 10
308.5
 20
630.0
 10
308.0
 20
630.0
 10
307.5
 20
630.0
 10
307.0
 20
630.0
 10
306.5
 20
630.0
 10
306.0
 20
630.0
  0
LWPOLYLINE
  5
D1
330
17
100
AcDbEntity
  8
CURB
370
25
100
AcDbPolyline
 90
189
 70
0
 10
704.0
 20
635.5
 10
704.0
 20
635.0
 10
703.5
 20
634.5
 10
703.0
 20
634.5
 10
702.5
 20
634.5
 10
702.0
 20
634.5
 10
701.5
 20
634.5
 10
701.5
 20
634.0
 10
701.5
 20
633.5
 10
701.5
 20
633.0
 10
701.5
 20
632.5
 10
701.5
 20
632.0
 10
701.5
 20
631.5
 10
701.0
 20
631.0
 10
701.0
 20
630.5
 10
701.0
 20
630.0
 10
701.0
 20
629.5
 10
701.0
 20
629.0
 10
701.0
 20
628.5
 10
701.0
 20
628.0
 10
701.0
 20
627.5
 10
701.0
 20
627.0
 10
701.0
 20
626.5
 10
701.0
 20
626.0
 10
701.0
 20
625.5
 10
701.0
 20
625.0
 10
701.0
 20
624.5
 10
701.0
 20
624.0
 10
701.0
 20
623.5
 10
701.0
 20
623.0
 10
701.0
 20
622.5
 10
701.0
 20
622.0
 10
701.0
 20
621.5
 10
701.0
 20
621.0
 10
701.0
 20
620.5
 10
701.0
 20
620.0
 10
701.0
 20
619.5
 10
701.0
 20
619.0
 10
701.0
 20
618.5
 10
701.0
 20
618.0
 10
701.0
 20
617.5
 10
701.0
 20
617.0
 10
701.0
 20
616.5
 10
701.0
 20
616.0
 10
701.5
 20
616.0
 10
702.0
 20
616.0
 10
702.5
 20
616.0
 10
703.0
 20
616.0
 10
703.5
 20
616.0
 10
704.0
 20
616.0
 10
704.5
 20
616.0
 10
705.0
 20
615.5
 10
705.0
 20
615.0
 10
705.0
 20
614.5
 10
705.0
 20
614.0
 10
705.5
 20
614.0
 10
706.0
 20
614.0
 10
706.5
 20
614.0
 10
707.0
 20
614.0
 10
707.5
 20
614.0
 10
708.0
 20
614.0
 10
708.5
 20
614.0
 10
708.5
 20
614.5
 10
708.5
 20
615.0
 10
708.5
 20
615.5
 10
708.5
 20
616.0
 10
708.5
 20
616.5
 10
708.5
 20
617.0
 10
708.5
 20
617.5
 10
708.5
 20
618.0
 10
708.5
 20
618.5
 10
708.5
 20
619.0
 10
708.5
 20
619.5
 10
708.5
 20
620.0
 10
709.0
 20
620.5
 10
709.5
 20
620.5
 10
710.0
 20
620.5
 10
710.5
 20
620.5
 10
711.0
 20
620.5
 10
711.5
 20
620.5
 10
712.0
 20
620.0
 10
712.0
 20
619.5
 10
712.0
 20
619.0
 10
712.0
 20
618.5
 10
712.5
 20
618.5
 10
713.0
 20
618.5
 10
713.5
 20
618.5
 10
714.0
 20
618.5
 10
714.5
 20
619.0
 10
715.0
 20
619.0
 10
715.0
 20
619.5
 10
715.5
 20
620.0
 10
716.0
 20
620.5
 10
716.0
 20
621.0
 10
716.0
 20
621.5
 10
716.0
 20
622.0
 10
716.0
 20
622.5
 10
716.0
 20
623.0
 10
716.0
 20
623.5
 10
716.0
 20
624.0
 10
716.0
 20
624.5
 10
716.0
 20
625.0
 10
715.5
 20
625.5
 10
715.5
 20
626.0
 10
715.0
 20
626.5
 10
714.5
 20
626.5
 10
714.0
 20
627.0
 10
713.5
 20
627.5
 10
713.0
 20
627.5
 10
712.5
 20
627.5
 10
712.0
 20
627.5
 10
711.5
 20
627.5
 10
711.0
 20
627.0
 10
711.0
 20
626.5
 10
710.5
 20
626.0
 10
710.0
 20
625.5
 10
709.5
 20
625.5
 10
709.0
 20
625.5
 10
708.5
 20
625.5
 10
708.0
 20
625.5
 10
707.5
 20
625.5
 10
707.0
 20
625.5
 10
706.5
 20
625.5
 10
706.5
 20
625.0
 10
706.0
 20
624.5
 10
705.5
 20
624.5
 10
705.0
 20
624.5
 10
704.5
 20
624.5
 10
704.0
 20
624.5
 10
703.5
 20
625.0
 10
703.5
 20
625.5
 10
703.5
 20
626.0
 10
703.5
 20
626.5
 10
703.0
 20
627.0
 10
703.0
 20
627.5
 10
703.0
 20
628.0
 10
703.0
 20
628.5
 10
703.0
 20
629.0
 10
703.0
 20
629.5
 10
703.0
 20
630.0
 10
703.0
 20
630.5
 10
703.0
 20
631.0
 10
703.5
 20
631.5
 10
704.0
 20
631.5
 10
704.5
 20
631.5
 10
705.0
 20
631.5
 10
705.5
 20
631.5
 10
706.0
 20
631.5
 10
706.5
 20
631.5
 10
707.0
 20
631.5
 10
707.5
 20
632.0
 10
708.0
 20
632.5
 10
708.5
 20
633.0
 10
709.0
 20
633.0
 10
709.5
 20
633.0
 10
710.0
 20
633.0
 10
710.5
 20
633.0
 10
711.0
 20
633.0
 10
711.5
 20
633.0
 10
712.0
 20
633.0
 10
712.5
 20
633.0
 10
713.0
 20
633.0
 10
713.5
 20
633.0
 10
714.0
 20
633.0
 10
714.5
 20
633.0
 10
714.5
 20
633.5
 10
714.5
 20
634.0
 10
714.5
 20
634.5
 10
714.5
 20
635.0
 10
714.0
 20
635.5
 10
713.5
 20
635.5
 10
713.0
 20
635.5
 10
712.5
 20
635.5
 10
712.0
 20
635.5
 10
711.5
 20
635.5
 10
711.0
 20
635.5
 10
710.5
 20
635.5
 10
710.0
 20
635.5
 10
709.5
 20
635.5
 10
709.0
 20
635.5
 10
708.5
 20
635.5
 10
708.0
 20
635.5
 10
707.5
 20
635.5
 10
707.0
 20
635.5
 10
706.5
 20
635.5
 10
706.0
 20
635.5
 10
705.5
 20
635.5
 10
705.0
 20
635.5
 10
704.5
 20
635.5
  0
LWPOLYLINE
  5
D2
330
17
100
AcDbEntity
  8
CURB
370
25
100
AcDbPolyline
 90
160
 70
0
 10
12.5
 20
644.0
 10
12.5
 20
643.5
 10
12.5
 20
643.0
 10
12.5
 20
642.5
 10
12.5
 20
642.0
 10
12.0
 20
641.5
 10
12.0
 20
641.0
 10
12.0
 20
640.5
 10
12.0
 20
640.0
 10
12.0
 20
639.5
 10
12.0
 20
639.0
 10
11.5
 20
638.5
 10
11.5
 20
638.0
 10
11.5
 20
637.5
 10
11.5
 20
637.0
 10
11.5
 20
636.5
 10
11.5
 20
636.0
 10
11.0
 20
635.5
 10
10.5
 20
635.5
 10
10.0
 20
635.5
 10
9.5
 20
635.5
 10
9.0
 20
635.5
 10
8.5
 20
635.5
 10
8.0
 20
635.5
 10
7.5
 20
635.5
 10
7.0
 20
635.5
 10
6.5
 20
635.5
 10
6.0
 20
635.5
 10
6.0
 20
635.0
 10
6.0
 20
634.5
 10
6.0
 20
634.0
 10
6.0
 20
633.5
 10
6.0
 20
633.0
 10
6.5
 20
632.5
 10
6.5
 20
632.0
 10
6.5
 20
631.5
 10
6.5
 20
631.0
 10
6.5
 20
630.5
 10
6.5
 20
630.0
 10
7.0
 20
629.5
 10
7.0
 20
629.0
 10
7.0
 20
628.5
 10
7.0
 20
628.0
 10
7.0
 20
627.5
 10
7.0
 20
627.0
 10
7.0
 20
626.5
 10
7.0
 20
626.0
 10
7.0
 20
625.5
 10
6.5
 20
625.0
 10
6.0
 20
625.0
 10
6.0
 20
624.5
 10
6.0
 20
624.0
 10
6.0
 20
623.5
 10
6.0
 20
623.0
 10
6.0
 20
622.5
 10
6.5
 20
622.5
 10
7.0
 20
622.0
 10
7.0
 20
621.5
 10
7.5
 20
621.0
 10
8.0
 20
620.5
 10
8.5
 20
620.0
 10
8.5
 20
619.5
 10
8.5
 20
619.0
 10
9.0
 20
619.0
 10
9.5
 20
619.0
 10
10.0
 20
619.0
 10
10.5
 20
619.0
 10
11.0
 20
618.5
 10
11.0
 20
618.0
 10
11.5
 20
617.5
 10
11.5
 20
617.0
 10
12.0
 20
616.5
 10
12.5
 20
616.5
 10
13.0
 20
616.5
 10
13.5
 20
616.5
 10
14.0
 20
616.5
 10
14.5
 20
616.5
 10
15.0
 20
616.5
 10
15.5
 20
616.5
 10
15.5
 20
617.0
 10
15.5
 20
617.5
 10
15.5
 20
618.0
 10
15.5
 20
618.5
 10
15.5
 20
619.0
 10
15.5
 20
619.5
 10
15.5
 20
620.0
 10
16.0
 20
620.5
 10
16.5
 20
620.5
 10
17.0
 20
620.5
 10
17.5
 20
621.0
 10
18.0
 20
621.0
 10
18.0
 20
621.5
 10
18.0
 20
622.0
 10
18.0
 20
622.5
 10
18.0
 20
623.0
 10
18.0
 20
623.5
 10
18.0
 20
624.0
 10
18.0
 20
624.5
 10
17.5
 20
624.5
 10
17.0
 20
624.5
 10
16.5
 20
625.0
 10
16.5
 20
625.5
 10
16.0
 20
626.0
 10
16.0
 20
626.5
 10
16.0
 20
627.0
 10
15.5
 20
627.0
 10
15.0
 20
627.5
 10
14.5
 20
627.5
 10
14.0
 20
628.0
 10
13.5
 20
628.0
 10
13.0
 20
628.0
 10
12.5
 20
628.0
 10
12.0
 20
628.5
 10
12.0
 20
629.0
 10
12.0
 20
629.5
 10
12.0
 20
630.0
 10
12.0
 20
630.5
 10
12.0
 20
631.0
 10
12.0
 20
631.5
 10
12.0
 20
632.0
 10
12.0
 20
632.5
 10
12.0
 20
633.0
 10
12.0
 20
633.5
 10
12.0
 20
634.0
 10
12.0
 20
634.5
 10
12.0
 20
635.0
 10
12.0
 20
635.5
 10
12.5
 20
636.0
 10
13.0
 20
636.0
 10
13.5
 20
636.0
 10
14.0
 20
636.0
 10
14.5
 20
636.0
 10
14.5
 20
636.5
 10
14.5
 20
637.0
 10
14.5
 20
637.5
 10
15.0
 20
638.0
 10
15.5
 20
638.5
 10
16.0
 20
638.5
 10
16.5
 20
638.5
 10
17.0
 20
638.5
 10
17.5
 20
638.5
 10
17.5
 20
639.0
 10
17.5
 20
639.5
 10
17.5
 20
640.0
 10
17.5
 20
640.5
 10
17.0
 20
640.5
 10
16.5
 20
640.5
 10
16.0
 20
640.5
 10
15.5
 20
640.5
 10
15.0
 20
641.0
 10
15.0
 20
641.5
 10
15.0
 20
642.0
 10
15.0
 20
642.5
 10
15.0
 20
643.0
 10
15.0
 20
643.5
 10
15.0
 20
644.0
 10
14.5
 20
644.0
 10
14.0
 20
644.0
 10
13.5
 20
644.0
 10
13.0
 20
644.0
  0
LWPOLYLINE
  5
D3
330
17
100
AcDbEntity
  8
CURB
370
25
100
AcDbPolyline
 90
108
 70
0
 10
812.0
 20
656.0
 10
812.0
 20
655.5
 10
811.5
 20
655.0
 10
811.5
 20
654.5
 10
811.5
 20
654.0
 10
811.5
 20
653.5
 10
811.5
 20
653.0
 10
811.5
 20
652.5
 10
811.5
 20
652.0
 10
811.5
 20
651.5
 10
811.5
 20
651.0
 10
811.5
 20
650.5
 10
811.5
 20
650.0
 10
811.5
 20
649.5
 10
811.5
 20
649.0
 10
811.5
 20
648.5
 10
811.5
 20
648.0
 10
811.5
 20
647.5
 10
811.5
 20
647.0
 10
811.5
 20
646.5
 10
811.5
 20
646.0
 10
811.5
 20
645.5
 10
811.5
 20
645.0
 10
811.5
 20
644.5
 10
811.5
 20
644.0
 10
811.5
 20
643.5
 10
811.5
 20
643.0
 10
811.5
 20
642.5
 10
811.5
 20
642.0
 10
811.5
 20
641.5
 10
811.5
 20
641.0
 10
811.5
 20
640.5
 10
811.5
 20
640.0
 10
812.0
 20
640.0
 10
812.5
 20
640.0
 10
813.0
 20
640.0
 10
813.5
 20
640.0
 10
814.0
 20
640.0
 10
814.0
 20
640.5
 10
814.5
 20
641.0
 10
815.0
 20
641.0
 10
815.5
 20
641.0
 10
816.0
 20
641.0
 10
816.5
 20
641.0
 10
817.0
 20
641.0
 10
817.5
 20
641.0
 10
818.0
 20
641.0
 10
818.5
 20
641.0
 10
819.0
 20
641.0
 10
819.5
 20
641.0
 10
820.0
 20
641.0
 10
820.5
 20
641.0
 10
821.0
 20
641.0
 10
821.5
 20
641.0
 10
822.0
 20
641.0
 10
822.5
 20
641.0
 10
823.0
 20
641.0
 10
823.0
 20
641.5
 10
823.0
 20
642.0
 10
823.0
 20
642.5
 10
823.0
 20
643.0
 10
823.0
 20
643.5
 10
823.0
 20
644.0
 10
823.0
 20
644.5
 10
823.0
 20
645.0
 10
823.0
 20
645.5
 10
823.0
 20
646.0
 10
823.0
 20
646.5
 10
823.0
 20
647.0
 10
823.0
 20
647.5
 10
823.0
 20
648.0
 10
823.0
 20
648.5
 10
823.0
 20
649.0
 10
823.0
 20
649.5
 10
823.0
 20
650.0
 10
823.0
 20
650.5
 10
823.0
 20
651.0
 10
823.0
 20
651.5
 10
823.0
 20
652.0
 10
823.0
 20
652.5
 10
822.5
 20
652.5
 10
822.0
 20
652.5
 10
821.5
 20
652.5
 10
821.0
 20
652.5
 10
820.5
 20
652.5
 10
820.0
 20
652.5
 10
819.5
 20
652.5
 10
819.0
 20
652.5
 10
818.5
 20
652.5
 10
818.0
 20
652.5
 10
817.5
 20
652.5
 10
817.0
 20
652.0
 10
816.5
 20
652.0
 10
816.0
 20
652.0
 10
815.5
 20
652.0
 10
815.0
 20
652.0
 10
814.5
 20
652.0
 10
814.0
 20
652.5
 10
814.0
 20
653.0
 10
814.0
 20
653.5
 10
814.0
 20
654.0
 10
814.0
 20
654.5
 10
814.0
 20
655.0
 10
814.0
 20
655.5
 10
814.0
 20
656.0
 10
813.5
 20
656.0
 10
813.0
 20
656.0
 10
812.5
 20
656.0
  0
LWPOLYLINE
  5
D4
330
17
100
AcDbEntity
  8
CURB
370
25
100
AcDbPolyline
 90
156
 70
0
 10
991.5
 20
671.5
 10
991.5
 20
671.0
 10
991.5
 20
670.5
 10
991.5
 20
670.0
 10
991.5
 20
669.5
 10
991.5
 20
669.0
 10
991.5
 20
668.5
 10
991.5
 20
668.0
 10
991.5
 20
667.5
 10
991.5
 20
667.0
 10
991.5
 20
666.5
 10
991.5
 20
666.0
 10
991.5
 20
665.5
 10
991.0
 20
665.0
 10
990.5
 20
665.0
 10
990.0
 20
665.0
 10
990.0
 20
664.5
 10
990.0
 20
664.0
 10
990.0
 20
663.5
 10
990.0
 20
663.0
 10
990.0
 20
662.5
 10
990.0
 20
662.0
 10
990.0
 20
661.5
 10
990.0
 20
661.0
 10
990.0
 20
660.5
 10
990.0
 20
660.0
 10
990.0
 20
659.5
 10
990.0
 20
659.0
 10
990.0
 20
658.5
 10
990.0
 20
658.0
 10
990.0
 20
657.5
 10
990.0
 20
657.0
 10
990.0
 20
656.5
 10
990.0
 20
656.0
 10
990.0
 20
655.5
 10
990.0
 20
655.0
 10
990.5
 20
654.5
 10
990.5
 20
654.0
 10
990.5
 20
653.5
 10
990.5
 20
653.0
 10
990.5
 20
652.5
 10
990.5
 20
652.0
 10
990.5
 20
651.5
 10
990.5
 20
651.0
 10
990.5
 20
650.5
 10
990.5
 20
650.0
 10
990.5
 20
649.5
 10
990.5
 20
649.0
 10
990.5
 20
648.5
 10
990.5
 20
648.0
 10
990.5
 20
647.5
 10
990.5
 20
647.0
 10
990.5
 20
646.5
 10
990.5
 20
646.0
 10
990.5
 20
645.5
 10
990.5
 20
645.0
 10
990.5
 20
644.5
 10
990.5
 20
644.0
 10
990.5
 20
643.5
 10
990.5
 20
643.0
 10
990.5
 20
642.5
 10
990.0
 20
642.0
 10
990.0
 20
641.5
 10
989.5
 20
641.0
 10
989.5
 20
640.5
 10
989.5
 20
640.0
 10
989.5
 20
639.5
 10
989.5
 20
639.0
 10
989.5
 20
638.5
 10
989.5
 20
638.0
 10
989.5
 20
637.5
 10
990.0
 20
637.5
 10
990.5
 20
637.5
 10
991.0
 20
637.5
 10
991.5
 20
637.5
 10
992.0
 20
637.5
 10
992.5
 20
637.5
 10
993.0
 20
637.5
 10
993.5
 20
637.5
 10
994.0
 20
637.5
 10
994.0
 20
638.0
 10
994.0
 20
638.5
 10
994.5
 20
639.0
 10
995.0
 20
639.0
 10
995.0
 20
639.5
 10
995.0
 20
640.0
 10
995.0
 20
640.5
 10
995.0
 20
641.0
 10
995.0
 20
641.5
 10
995.0
 20
642.0
 10
995.0
 20
642.5
 10
995.5
 20
643.0
 10
995.5
 20
643.5
 10
995.5
 20
644.0
 10
995.5
 20
644.5
 10
995.5
 20
645.0
 10
995.5
 20
645.5
 10
995.5
 20
646.0
 10
995.5
 20
646.5
 10
995.5
 20
647.0
 10
995.5
 20
647.5
 10
995.5
 20
648.0
 10
995.5
 20
648.5
 10
995.5
 20
649.0
 10
995.5
 20
649.5
 10
995.5
 20
650.0
 10
995.5
 20
650.5
 10
995.5
 20
651.0
 10
995.5
 20
651.5
 10
995.5
 20
652.0
 10
995.5
 20
652.5
 10
995.5
 20
653.0
 10
995.5
 20
653.5
 10
995.5
 20
654.0
 10
995.5
 20
654.5
 10
995.5
 20
655.0
 10
995.5
 20
655.5
 10
995.5
 20
656.0
 10
995.5
 20
656.5
 10
995.5
 20
657.0
 10
995.5
 20
657.5
 10
995.5
 20
658.0
 10
995.5
 20
658.5
 10
995.5
 20
659.0
 10
995.5
 20
659.5
 10
995.5
 20
660.0
 10
995.5
 20
660.5
 10
995.5
 20
661.0
 10
995.5
 20
661.5
 10
995.5
 20
662.0
 10
995.5
 20
662.5
 10
995.5
 20
663.0
 10
995.5
 20
663.5
 10
995.5
 20
664.0
 10
995.5
 20
664.5
 10
995.5
 20
665.0
 10
995.5
 20
665.5
 10
995.5
 20
666.0
 10
995.5
 20
666.5
 10
995.5
 20
667.0
 10
995.5
 20
667.5
 10
995.5
 20
668.0
 10
995.5
 20
668.5
 10
995.5
 20
669.0
 10
995.5
 20
669.5
 10
995.5
 20
670.0
 10
995.5
 20
670.5
 10
995.5
 20
671.0
 10
995.5
 20
671.5
 10
995.0
 20
671.5
 10
994.5
 20
671.5
 10
994.0
 20
671.5
 10
993.5
 20
671.5
 10
993.0
 20
671.5
 10
992.5
 20
671.5
 10
992.0
 20
671.5
  0
LWPOLYLINE
  5
D5
330
17
100
AcDbEntity
  8
CURB
370
25
100
AcDbPolyline
 90
154
 70
0
 10
0.0
 20
684.5
 10
0.0
 20
684.0
 10
0.5
 20
683.5
 10
1.0
 20
683.5
 10
1.5
 20
683.5
 10
2.0
 20
683.5
 10
2.5
 20
683.5
 10
3.0
 20
683.5
 10
3.5
 20
683.0
 10
3.5
 20
682.5
 10
4.0
 20
682.5
 10
4.5
 20
682.0
 10
5.0
 20
682.0
 10
5.5
 20
681.5
 10
5.5
 20
681.0
 10
6.0
 20
681.0
 10
6.5
 20
680.5
 10
6.5
 20
680.0
 10
6.5
 20
679.5
 10
7.0
 20
679.0
 10
7.0
 20
678.5
 10
7.0
 20
678.0
 10
7.0
 20
677.5
 10
7.5
 20
677.5
 10
8.0
 20
677.5
 10
8.5
 20
677.5
 10
9.0
 20
677.5
 10
9.5
 20
677.5
 10
10.0
 20
677.0
 10
10.0
 20
676.5
 10
10.5
 20
676.5
 10
11.0
 20
676.5
 10
11.5
 20
676.5
 10
12.0
 20
676.5
 10
12.5
 20
676.5
 10
13.0
 20
676.5
 10
13.5
 20
676.0
 10
13.5
 20
675.5
 10
13.5
 20
675.0
 10
13.0
 20
674.5
 10
12.5
 20
674.5
 10
12.0
 20
674.5
 10
11.5
 20
674.5
 10
11.0
 20
674.5
 10
10.5
 20
674.5
 10
10.5
 20
674.0
 10
10.5
 20
673.5
 10
10.5
 20
673.0
 10
10.5
 20
672.5
 10
10.5
 20
672.0
 10
10.5
 20
671.5
 10
10.0
 20
671.0
 10
9.5
 20
671.0
 10
9.0
 20
671.0
 10
8.5
 20
671.0
 10
8.5
 20
670.5
 10
8.5
 20
670.0
 10
8.5
 20
669.5
 10
8.0
 20
669.0
 10
7.5
 20
669.0
 10
7.0
 20
669.0
 10
6.5
 20
668.5
 10
6.0
 20
668.5
 10
5.5
 20
668.5
 10
5.0
 20
668.5
 10
4.5
 20
668.0
 10
4.0
 20
668.0
 10
3.5
 20
668.0
 10
3.0
 20
668.0
 10
2.5
 20
668.0
 10
2.0
 20
668.0
 10
1.5
 20
668.0
 10
1.0
 20
668.0
 10
0.5
 20
668.0
 10
0.0
 20
668.0
 10
0.0
 20
667.5
 10
0.5
 20
667.5
 10
1.0
 20
667.5
 10
1.5
 20
667.5
 10
2.0
 20
667.5
 10
2.5
 20
667.5
 10
3.0
 20
667.5
 10
3.5
 20
667.5
 10
4.0
 20
667.5
 10
4.5
 20
667.5
 10
5.0
 20
667.5
 10
5.5
 20
667.5
 10
6.0
 20
668.0
 10
6.5
 20
668.0
 10
7.0
 20
668.0
 10
7.5
 20
668.0
 10
8.0
 20
668.5
 10
8.5
 20
668.5
 10
9.0
 20
668.5
 10
9.0
 20
669.0
 10
9.0
 20
669.5
 10
9.0
 20
670.0
 10
9.5
 20
670.5
 10
10.0
 20
670.5
 10
10.5
 20
670.5
 10
11.0
 20
670.5
 10
11.0
 20
671.0
 10
11.0
 20
671.5
 10
11.0
 20
672.0
 10
11.0
 20
672.5
 10
11.0
 20
673.0
 10
11.0
 20
673.5
 10
11.5
 20
674.0
 10
12.0
 20
674.0
 10
12.5
 20
674.0
 10
13.0
 20
674.0
 10
13.5
 20
674.0
 10
14.0
 20
674.0
 10
14.0
 20
674.5
 10
14.0
 20
675.0
 10
14.0
 20
675.5
 10
14.0
 20
676.0
 10
14.0
 20
676.5
 10
14.0
 20
677.0
 10
13.5
 20
677.0
 10
13.0
 20
677.0
 10
12.5
 20
677.0
 10
12.0
 20
677.0
 10
11.5
 20
677.0
 10
11.0
 20
677.0
 10
10.5
 20
677.5
 10
10.5
 20
678.0
 10
10.0
 20
678.0
 10
9.5
 20
678.0
 10
9.0
 20
678.0
 10
8.5
 20
678.0
 10
8.0
 20
678.0
 10
7.5
 20
678.5
 10
7.5
 20
679.0
 10
7.5
 20
679.5
 10
7.5
 20
680.0
 10
7.0
 20
680.5
 10
7.0
 20
681.0
 10
7.0
 20
681.5
 10
6.5
 20
681.5
 10
6.0
 20
682.0
 10
6.0
 20
682.5
 10
5.5
 20
682.5
 10
5.0
 20
683.0
 10
4.5
 20
683.0
 10
4.0
 20
683.5
 10
4.0
 20
684.0
 10
3.5
 20
684.0
 10
3.0
 20
684.0
 10
2.5
 20
684.0
 10
2.0
 20
684.0
 10
1.5
 20
684.0
 10
1.0
 20
684.5
 10
0.5
 20
684.5
  0
LWPOLYLINE
  5
D6
330
17
100
AcDbEntity
  8
CURB
370
25
100
AcDbPolyline
 90
133
 70
0
 10
417.5
 20
689.0
 10
417.0
 20
688.5
 10
416.5
 20
688.5
 10
416.0
 20
688.5
 10
415.5
 20
688.5
 10
415.0
 20
688.5
 10
414.5
 20
688.5
 10
414.0
 20
688.5
 10
413.5
 20
688.5
 10
413.0
 20
688.5
 10
412.5
 20
688.5
 10
412.0
 20
688.5
 10
411.5
 20
688.5
 10
411.0
 20
688.5
 10
410.5
 20
688.5
 10
410.0
 20
688.5
 10
409.5
 20
688.5
 10
409.0
 20
688.5
 10
408.5
 20
688.5
 10
408.0
 20
688.5
 10
407.5
 20
688.0
 10
407.0
 20
687.5
 10
406.5
 20
687.0
 10
406.0
 20
687.0
 10
405.5
 20
687.0
 10
405.0
 20
686.5
 10
404.5
 20
686.5
 10
404.0
 20
686.0
 10
403.5
 20
686.0
 10
403.0
 20
686.0
 10
402.5
 20
685.5
 10
402.0
 20
685.5
 10
401.5
 20
685.0
 10
401.0
 20
684.5
 10
401.0
 20
684.0
 10
400.5
 20
683.5
 10
400.0
 20
683.5
 10
400.0
 20
683.0
 10
400.0
 20
682.5
 10
400.0
 20
682.0
 10
400.0
 20
681.5
 10
400.0
 20
681.0
 10
400.0
 20
680.5
 10
400.0
 20
680.0
 10
400.0
 20
679.5
 10
400.0
 20
679.0
 10
400.0
 20
678.5
 10
400.0
 20
678.0
 10
400.0
 20
677.5
 10
400.0
 20
677.0
 10
400.0
 20
676.5
 10
400.0
 20
676.0
 10
400.0
 20
675.5
 10
400.0
 20
675.0
 10
400.5
 20
674.5
 10
401.0
 20
674.5
 10
401.5
 20
674.5
 10
402.0
 20
674.5
 10
402.5
 20
674.5
 10
403.0
 20
674.5
 10
403.5
 20
674.5
 10
404.0
 20
674.5
 10
404.5
 20
674.5
 10
405.0
 20
674.5
 10
405.5
 20
674.5
 10
406.0
 20
674.5
 10
406.5
 20
675.0
 10
406.5
 20
675.5
 10
407.0
 20
676.0
 10
407.5
 20
676.0
 10
408.0
 20
676.0
 10
408.5
 20
676.0
 10
409.0
 20
676.0
 10
409.5
 20
676.0
 10
410.0
 20
676.0
 10
410.5
 20
676.0
 10
411.0
 20
676.0
 10
411.5
 20
676.0
 10
412.0
 20
676.0
 10
412.5
 20
676.0
 10
413.0
 20
676.0
 10
413.5
 20
676.0
 10
414.0
 20
676.0
 10
414.5
 20
676.0
 10
415.0
 20
675.5
 10
415.5
 20
675.5
 10
416.0
 20
675.5
 10
416.5
 20
675.5
 10
417.0
 20
675.5
 10
417.5
 20
675.5
 10
418.0
 20
675.5
 10
418.5
 20
675.5
 10
419.0
 20
675.5
 10
419.5
 20
675.5
 10
419.5
 20
676.0
 10
420.0
 20
676.5
 10
420.5
 20
676.5
 10
421.0
 20
676.5
 10
421.5
 20
676.5
 10
422.0
 20
676.5
 10
422.5
 20
676.5
 10
422.5
 20
677.0
 10
422.5
 20
677.5
 10
422.5
 20
678.0
 10
422.5
 20
678.5
 10
422.5
 20
679.0
 10
422.5
 20
679.5
 10
422.5
 20
680.0
 10
422.5
 20
680.5
 10
422.5
 20
681.0
 10
422.5
 20
681.5
 10
422.5
 20
682.0
 10
422.5
 20
682.5
 10
422.5
 20
683.0
 10
422.5
 20
683.5
 10
422.5
 20
684.0
 10
422.5
 20
684.5
 10
422.5
 20
685.0
 10
422.5
 20
685.5
 10
422.5
 20
686.0
 10
422.5
 20
686.5
 10
422.5
 20
687.0
 10
422.5
 20
687.5
 10
422.0
 20
688.0
 10
421.5
 20
688.0
 10
421.0
 20
688.0
 10
420.5
 20
688.0
 10
420.0
 20
688.0
 10
419.5
 20
688.5
 10
419.5
 20
689.0
 10
419.0
 20
689.0
 10
418.5
 20
689.0
 10
418.0
 20
689.0
  0
LWPOLYLINE
  5
D7
330
17
100
AcDbEntity
  8
CURB
370
25
100
AcDbPolyline
 90
139
 70
0
 10
511.0
 20
689.5
 10
510.5
 20
689.0
 10
510.0
 20
689.0
 10
509.5
 20
689.0
 10
509.0
 20
688.5
 10
508.5
 20
688.5
 10
508.0
 20
688.0
 10
507.5
 20
688.0
 10
507.0
 20
688.0
 10
506.5
 20
688.0
 10
506.5
 20
687.5
 10
506.0
 20
687.0
 10
505.5
 20
687.0
 10
505.0
 20
687.0
 10
504.5
 20
687.0
 10
504.0
 20
687.0
 10
503.5
 20
687.5
 10
503.0
 20
687.5
 10
502.5
 20
687.5
 10
502.0
 20
687.5
 10
501.5
 20
687.5
 10
501.5
 20
687.0
 10
501.0
 20
686.5
 10
500.5
 20
686.5
 10
500.0
 20
686.0
 10
500.0
 20
685.5
 10
500.0
 20
685.0
 10
500.0
 20
684.5
 10
500.0
 20
684.0
 10
500.0
 20
683.5
 10
500.0
 20
683.0
 10
500.0
 20
682.5
 10
500.0
 20
682.0
 10
500.0
 20
681.5
 10
500.0
 20
681.0
 10
500.0
 20
680.5
 10
500.0
 20
680.0
 10
500.0
 20
679.5
 10
500.0
 20
679.0
 10
500.0
 20
678.5
 10
500.5
 20
678.5
 10
501.0
 20
678.0
 10
501.0
 20
677.5
 10
501.5
 20
677.5
 10
502.0
 20
677.5
 10
502.5
 20
677.5
 10
503.0
 20
677.5
 10
503.5
 20
677.5
 10
504.0
 20
677.5
 10
504.5
 20
677.5
 10
505.0
 20
677.5
 10
505.5
 20
677.5
 10
506.0
 20
677.5
 10
506.5
 20
677.5
 10
507.0
 20
677.5
 10
507.5
 20
677.5
 10
508.0
 20
677.5
 10
508.5
 20
677.5
 10
509.0
 20
677.5
 10
509.5
 20
677.0
 10
509.5
 20
676.5
 10
509.5
 20
676.0
 10
510.0
 20
675.5
 10
510.0
 20
675.0
 10
510.0
 20
674.5
 10
510.5
 20
674.0
 10
510.5
 20
673.5
 10
511.0
 20
673.5
 10
511.5
 20
673.5
 10
512.0
 20
673.5
 10
512.5
 20
673.5
 10
512.5
 20
674.0
 10
513.0
 20
674.5
 10
513.5
 20
674.5
 10
514.0
 20
674.5
 10
514.5
 20
674.5
 10
515.0
 20
675.0
 10
515.5
 20
675.0
 10
516.0
 20
675.0
 10
516.5
 20
675.0
 10
517.0
 20
675.0
 10
517.5
 20
675.0
 10
518.0
 20
675.0
 10
518.5
 20
675.0
 10
519.0
 20
675.0
 10
519.5
 20
675.0
 10
520.0
 20
675.0
 10
520.5
 20
675.0
 10
521.0
 20
675.0
 10
521.5
 20
675.0
 10
521.5
 20
675.5
 10
521.5
 20
676.0
 10
521.5
 20
676.5
 10
521.5
 20
677.0
 10
521.5
 20
677.5
 10
521.5
 20
678.0
 10
522.0
 20
678.5
 10
522.5
 20
679.0
 10
522.5
 20
679.5
 10
522.5
 20
680.0
 10
522.5
 20
680.5
 10
522.5
 20
681.0
 10
522.5
 20
681.5
 10
522.5
 20
682.0
 10
522.5
 20
682.5
 10
522.5
 20
683.0
 10
522.5
 20
683.5
 10
522.5
 20
684.0
 10
522.5
 20
684.5
 10
522.5
 20
685.0
 10
522.5
 20
685.5
 10
522.5
 20
686.0
 10
522.5
 20
686.5
 10
522.0
 20
687.0
 10
522.0
 20
687.5
 10
521.5
 20
687.5
 10
521.0
 20
687.5
 10
520.5
 20
687.5
 10
520.0
 20
687.5
 10
519.5
 20
687.5
 10
519.0
 20
688.0
 10
519.0
 20
688.5
 10
519.0
 20
689.0
 10
519.0
 20
689.5
 10
518.5
 20
689.5
 10
518.0
 20
689.5
 10
517.5
 20
689.5
 10
517.0
 20
689.5
 10
516.5
 20
689.5
 10
516.0
 20
689.5
 10
515.5
 20
689.5
 10
515.0
 20
689.5
 10
514.5
 20
689.5
 10
514.0
 20
689.5
 10
513.5
 20
689.5
 10
513.0
 20
689.5
 10
512.5
 20
689.5
 10
512.0
 20
689.5
 10
511.5
 20
689.5
  0
LWPOLYLINE
  5
D8
330
17
100
AcDbEntity
  8
CURB
370
25
100
AcDbPolyline
 90
134
 70
0
 10
835.5
 20
697.0
 10
835.5
 20
696.5
 10
835.5
 20
696.0
 10
835.0
 20
695.5
 10
834.5
 20
695.0
 10
834.5
 20
694.5
 10
834.5
 20
694.0
 10
834.5
 20
693.5
 10
834.5
 20
693.0
 10
834.5
 20
692.5
 10
834.5
 20
692.0
 10
834.5
 20
691.5
 10
834.5
 20
691.0
 10
834.5
 20
690.5
 10
835.0
 20
690.5
 10
835.5
 20
690.0
 10
835.5
 20
689.5
 10
835.5
 20
689.0
 10
836.0
 20
688.5
 10
836.0
 20
688.0
 10
836.5
 20
688.0
 10
837.0
 20
688.0
 10
837.5
 20
688.0
 10
838.0
 20
687.5
 10
838.5
 20
687.5
 10
839.0
 20
687.5
 10
839.5
 20
687.5
 10
840.0
 20
687.5
 10
840.5
 20
687.5
 10
841.0
 20
687.5
 10
841.5
 20
687.5
 10
842.0
 20
687.5
 10
842.5
 20
687.5
 10
843.0
 20
687.5
 10
843.5
 20
687.5
 10
844.0
 20
687.5
 10
844.5
 20
688.0
 10
845.0
 20
688.0
 10
845.5
 20
688.0
 10
846.0
 20
688.0
 10
846.5
 20
688.0
 10
847.0
 20
688.0
 10
847.5
 20
688.0
 10
848.0
 20
688.5
 10
848.5
 20
688.5
 10
849.0
 20
688.5
 10
849.5
 20
689.0
 10
850.0
 20
689.0
 10
850.5
 20
689.0
 10
851.0
 20
689.0
 10
851.5
 20
689.0
 10
852.0
 20
688.5
 10
852.5
 20
688.0
 10
853.0
 20
688.0
 10
853.5
 20
688.0
 10
854.0
 20
688.0
 10
854.5
 20
688.0
 10
855.0
 20
688.0
 10
855.5
 20
688.0
 10
856.0
 20
687.5
 10
856.0
 20
687.0
 10
856.0
 20
686.5
 10
856.0
 20
686.0
 10
856.0
 20
685.5
 10
856.5
 20
685.0
 10
857.0
 20
685.0
 10
857.5
 20
685.0
 10
858.0
 20
685.0
 10
858.5
 20
685.0
 10
858.5
 20
685.5
 10
858.5
 20
686.0
 10
858.5
 20
686.5
 10
858.5
 20
687.0
 10
858.5
 20
687.5
 10
858.0
 20
687.5
 10
857.5
 20
687.5
 10
857.0
 20
688.0
 10
857.0
 20
688.5
 10
857.0
 20
689.0
 10
857.0
 20
689.5
 10
857.0
 20
690.0
 10
857.0
 20
690.5
 10
856.5
 20
691.0
 10
856.5
 20
691.5
 10
856.5
 20
692.0
 10
856.5
 20
692.5
 10
856.5
 20
693.0
 10
856.5
 20
693.5
 10
856.5
 20
694.0
 10
856.5
 20
694.5
 10
856.5
 20
695.0
 10
856.5
 20
695.5
 10
856.0
 20
696.0
 10
855.5
 20
696.5
 10
855.5
 20
697.0
 10
855.0
 20
697.0
 10
854.5
 20
697.0
 10
854.0
 20
697.0
 10
853.5
 20
697.0
 10
853.0
 20
697.0
 10
852.5
 20
697.0
 10
852.0
 20
696.5
 10
851.5
 20
696.5
 10
851.0
 20
696.5
 10
850.5
 20
696.5
 10
850.0
 20
696.5
 10
849.5
 20
696.5
 10
849.0
 20
696.5
 10
848.5
 20
696.0
 10
848.0
 20
696.0
 10
847.5
 20
696.0
 10
847.0
 20
696.0
 10
846.5
 20
696.0
 10
846.0
 20
696.0
 10
845.5
 20
696.0
 10
845.0
 20
696.5
 10
844.5
 20
696.5
 10
844.0
 20
697.0
 10
843.5
 20
697.0
 10
843.0
 20
697.0
 10
842.5
 20
697.0
 10
842.0
 20
697.0
 10
841.5
 20
697.0
 10
841.0
 20
697.0
 10
840.5
 20
697.0
 10
840.0
 20
697.0
 10
839.5
 20
697.0
 10
839.0
 20
697.0
 10
838.5
 20
697.0
 10
838.0
 20
697.0
 10
837.5
 20
697.0
 10
837.0
 20
697.0
 10
836.5
 20
697.0
 10
836.0
 20
697.0
  0
LWPOLYLINE
  5
D9
330
17
100
AcDbEntity
  8
CURB
370
25
100
AcDbPolyline
 90
142
 70
0
 10
238.0
 20
701.0
 10
237.5
 20
700.5
 10
237.5
 20
700.0
 10
237.5
 20
699.5
 10
237.5
 20
699.0
 10
237.5
 20
698.5
 10
237.5
 20
698.0
 10
237.5
 20
697.5
 10
237.5
 20
697.0
 10
238.0
 20
696.5
 10
238.0
 20
696.0
 10
238.0
 20
695.5
 10
238.0
 20
695.0
 10
238.5
 20
694.5
 10
239.0
 20
694.0
 10
239.5
 20
693.5
 10
240.0
 20
693.0
 10
240.0
 20
692.5
 10
240.0
 20
692.0
 10
240.0
 20
691.5
 10
240.0
 20
691.0
 10
239.5
 20
690.5
 10
239.0
 20
690.5
 10
238.5
 20
690.5
 10
238.0
 20
690.5
 10
237.5
 20
690.5
 10
237.0
 20
690.5
 10
236.5
 20
690.5
 10
236.0
 20
690.5
 10
235.5
 20
690.5
 10
235.0
 20
691.0
 10
234.5
 20
691.0
 10
234.0
 20
691.5
 10
234.0
 20
692.0
 10
234.0
 20
692.5
 10
234.0
 20
693.0
 10
233.5
 20
693.5
 10
233.0
 20
693.5
 10
232.5
 20
694.0
 10
232.5
 20
694.5
 10
232.0
 20
694.5
 10
231.5
 20
694.5
 10
231.0
 20
694.5
 10
230.5
 20
694.5
 10
230.5
 20
694.0
 10
230.5
 20
693.5
 10
230.5
 20
693.0
 10
230.5
 20
692.5
 10
231.0
 20
692.0
 10
231.0
 20
691.5
 10
231.5
 20
691.0
 10
231.5
 20
690.5
 10
231.5
 20
690.0
 10
232.0
 20
689.5
 10
232.0
 20
689.0
 10
232.0
 20
688.5
 10
232.0
 20
688.0
 10
232.0
 20
687.5
 10
232.0
 20
687.0
 10
232.0
 20
686.5
 10
232.0
 20
686.0
 10
232.0
 20
685.5
 10
232.0
 20
685.0
 10
232.0
 20
684.5
 10
231.5
 20
684.0
 10
231.0
 20
684.0
 10
231.0
 20
683.5
 10
231.0
 20
683.0
 10
231.0
 20
682.5
 10
231.0
 20
682.0
 10
231.0
 20
681.5
 10
231.0
 20
681.0
 10
231.0
 20
680.5
 10
231.0
 20
680.0
 10
231.0
 20
679.5
 10
231.5
 20
679.5
 10
232.0
 20
679.5
 10
232.5
 20
679.5
 10
233.0
 20
679.5
 10
233.5
 20
679.5
 10
234.0
 20
679.5
 10
234.5
 20
679.5
 10
235.0
 20
679.5
 10
235.5
 20
679.5
 10
236.0
 20
679.5
 10
236.5
 20
679.5
 10
237.0
 20
679.5
 10
237.0
 20
680.0
 10
237.0
 20
680.5
 10
237.0
 20
681.0
 10
237.0
 20
681.5
 10
237.0
 20
682.0
 10
237.0
 20
682.5
 10
237.5
 20
683.0
 10
238.0
 20
683.0
 10
238.5
 20
683.5
 10
239.0
 20
683.5
 10
239.0
 20
684.0
 10
239.0
 20
684.5
 10
239.0
 20
685.0
 10
239.0
 20
685.5
 10
239.0
 20
686.0
 10
239.5
 20
686.5
 10
240.0
 20
686.5
 10
240.5
 20
686.5
 10
240.5
 20
687.0
 10
240.5
 20
687.5
 10
240.5
 20
688.0
 10
240.5
 20
688.5
 10
241.0
 20
689.0
 10
241.5
 20
689.0
 10
242.0
 20
689.0
 10
242.0
 20
689.5
 10
242.0
 20
690.0
 10
242.0
 20
690.5
 10
242.0
 20
691.0
 10
242.0
 20
691.5
 10
242.0
 20
692.0
 10
242.0
 20
692.5
 10
242.0
 20
693.0
 10
242.0
 20
693.5
 10
242.0
 20
694.0
 10
242.0
 20
694.5
 10
242.0
 20
695.0
 10
242.5
 20
695.5
 10
242.5
 20
696.0
 10
243.0
 20
696.5
 10
243.0
 20
697.0
 10
243.0
 20
697.5
 10
243.0
 20
698.0
 10
243.0
 20
698.5
 10
243.0
 20
699.0
 10
243.0
 20
699.5
 10
242.5
 20
699.5
 10
242.0
 20
699.5
 10
241.5
 20
700.0
 10
241.0
 20
700.0
 10
240.5
 20
700.5
 10
240.0
 20
701.0
 10
239.5
 20
701.0
 10
239.0
 20
701.0
 10
238.5
 20
701.0
  0
LWPOLYLINE
  5
DA
330
17
100
AcDbEntity
  8
CURB
370
25
100
AcDbPolyline
 90
243
 70
0
 10
45.0
 20
707.0
 10
44.5
 20
706.5
 10
44.0
 20
706.0
 10
43.5
 20
705.5
 10
43.0
 20
705.5
 10
42.5
 20
705.5
 10
42.0
 20
705.5
 10
41.5
 20
705.0
 10
41.0
 20
705.0
 10
40.5
 20
705.0
 10
40.0
 20
705.0
 10
39.5
 20
705.0
 10
39.0
 20
705.0
 10
38.5
 20
705.0
 10
38.0
 20
704.5
 10
37.5
 20
704.5
 10
37.0
 20
704.5
 10
36.5
 20
704.5
 10
36.0
 20
704.5
 10
35.5
 20
704.0
 10
35.0
 20
703.5
 10
35.0
 20
703.0
 10
34.5
 20
702.5
 10
34.0
 20
702.5
 10
34.0
 20
702.0
 10
33.5
 20
701.5
 10
33.5
 20
701.0
 10
33.5
 20
700.5
 10
33.5
 20
700.0
 10
33.5
 20
699.5
 10
33.0
 20
699.0
 10
33.0
 20
698.5
 10
33.0
 20
698.0
 10
32.5
 20
697.5
 10
32.0
 20
697.5
 10
31.5
 20
697.5
 10
31.0
 20
697.0
 10
30.5
 20
696.5
 10
30.0
 20
696.5
 10
29.5
 20
696.5
 10
29.0
 20
696.5
 10
28.5
 20
696.5
 10
28.5
 20
696.0
 10
28.5
 20
695.5
 10
28.5
 20
695.0
 10
28.0
 20
694.5
 10
28.0
 20
694.0
 10
28.0
 20
693.5
 10
27.5
 20
693.0
 10
27.0
 20
693.0
 10
26.5
 20
692.5
 10
26.0
 20
692.5
 10
25.5
 20
692.5
 10
25.5
 20
692.0
 10
25.5
 20
691.5
 10
25.5
 20
691.0
 10
25.5
 20
690.5
 10
25.5
 20
690.0
 10
25.5
 20
689.5
 10
25.5
 20
689.0
 10
26.0
 20
689.0
 10
26.5
 20
689.0
 10
27.0
 20
689.0
 10
27.5
 20
689.0
 10
28.0
 20
689.0
 10
28.5
 20
689.0
 10
29.0
 20
689.0
 10
29.5
 20
689.0
 10
30.0
 20
689.0
 10
30.5
 20
689.0
 10
31.0
 20
689.0
 10
31.5
 20
689.0
 10
32.0
 20
689.0
 10
32.5
 20
689.0
 10
33.0
 20
688.5
 10
33.5
 20
688.0
 10
34.0
 20
687.5
 10
34.0
 20
687.0
 10
34.0
 20
686.5
 10
34.0
 20
686.0
 10
34.0
 20
685.5
 10
34.0
 20
685.0
 10
34.0
 20
684.5
 10
34.0
 20
684.0
 10
34.0
 20
683.5
 10
34.0
 20
683.0
 10
34.0
 20
682.5
 10
34.0
 20
682.0
 10
34.0
 20
681.5
 10
34.0
 20
681.0
 10
33.5
 20
680.5
 10
33.5
 20
680.0
 10
33.0
 20
679.5
 10
33.0
 20
679.0
 10
33.0
 20
678.5
 10
33.0
 20
678.0
 10
33.0
 20
677.5
 10
32.5
 20
677.0
 10
32.5
 20
676.5
 10
32.5
 20
676.0
 10
32.5
 20
675.5
 10
32.5
 20
675.0
 10
32.5
 20
674.5
 10
33.0
 20
674.0
 10
33.0
 20
673.5
 10
33.5
 20
673.0
 10
34.0
 20
672.5
 10
34.5
 20
672.0
 10
35.0
 20
672.0
 10
35.5
 20
671.5
 10
36.0
 20
671.5
 10
36.5
 20
671.5
 10
37.0
 20
671.0
 10
37.5
 20
671.0
 10
38.0
 20
671.0
 10
38.5
 20
670.5
 10
39.0
 20
670.5
 10
39.5
 20
670.0
 10
40.0
 20
670.0
 10
40.5
 20
669.5
 10
41.0
 20
669.0
 10
41.0
 20
668.5
 10
41.5
 20
668.0
 10
42.0
 20
668.0
 10
42.5
 20
667.5
 10
43.0
 20
667.5
 10
43.5
 20
667.5
 10
44.0
 20
667.5
 10
44.5
 20
667.5
 10
45.0
 20
667.5
 10
45.5
 20
667.5
 10
45.5
 20
668.0
 10
46.0
 20
668.5
 10
46.5
 20
669.0
 10
47.0
 20
669.5
 10
47.5
 20
669.5
 10
48.0
 20
670.0
 10
48.5
 20
670.0
 10
49.0
 20
670.0
 10
49.5
 20
670.0
 10
50.0
 20
670.0
 10
50.5
 20
670.5
 10
51.0
 20
670.5
 10
51.5
 20
670.5
 10
52.0
 20
671.0
 10
52.5
 20
671.0
 10
53.0
 20
671.0
 10
53.5
 20
671.5
 10
54.0
 20
671.5
 10
54.5
 20
671.5
 10
55.0
 20
672.0
 10
55.0
 20
672.5
 10
55.0
 20
673.0
 10
55.0
 20
673.5
 10
55.0
 20
674.0
 10
55.0
 20
674.5
 10
54.5
 20
674.5
 10
54.0
 20
674.5
 10
53.5
 20
674.5
 10
53.0
 20
674.5
 10
52.5
 20
674.5
 10
52.0
 20
674.5
 10
51.5
 20
675.0
 10
51.0
 20
675.0
 10
50.5
 20
675.0
 10
50.0
 20
675.0
 10
49.5
 20
675.0
 10
49.0
 20
675.5
 10
48.5
 20
675.5
 10
48.0
 20
675.5
 10
47.5
 20
676.0
 10
47.0
 20
676.0
 10
46.5
 20
676.0
 10
46.0
 20
676.5
 10
45.5
 20
676.5
 10
45.0
 20
677.0
 10
44.5
 20
677.5
 10
44.5
 20
678.0
 10
44.0
 20
678.5
 10
43.5
 20
679.0
 10
43.5
 20
679.5
 10
43.5
 20
680.0
 10
43.0
 20
680.5
 10
42.5
 20
681.0
 10
42.5
 20
681.5
 10
42.5
 20
682.0
 10
42.5
 20
682.5
 10
42.5
 20
683.0
 10
42.5
 20
683.5
 10
42.5
 20
684.0
 10
42.5
 20
684.5
 10
43.0
 20
685.0
 10
43.0
 20
685.5
 10
43.0
 20
686.0
 10
43.0
 20
686.5
 10
43.5
 20
687.0
 10
43.5
 20
687.5
 10
44.0
 20
688.0
 10
44.0
 20
688.5
 10
44.5
 20
689.0
 10
44.5
 20
689.5
 10
45.0
 20
690.0
 10
45.0
 20
690.5
 10
45.5
 20
691.0
 10
46.0
 20
691.5
 10
46.0
 20
692.0
 10
46.5
 20
692.5
 10
47.0
 20
692.5
 10
47.5
 20
693.0
 10
47.5
 20
693.5
 10
48.0
 20
694.0
 10
48.5
 20
694.5
 10
48.5
 20
695.0
 10
48.5
 20
695.5
 10
48.5
 20
696.0
 10
48.5
 20
696.5
 10
48.5
 20
697.0
 10
48.5
 20
697.5
 10
48.5
 20
698.0
 10
48.5
 20
698.5
 10
48.5
 20
699.0
 10
48.5
 20
699.5
 10
48.5
 20
700.0
 10
48.5
 20
700.5
 10
48.5
 20
701.0
 10
48.5
 20
701.5
 10
48.5
 20
702.0
 10
48.5
 20
702.5
 10
48.5
 20
703.0
 10
48.5
 20
703.5
 10
48.5
 20
704.0
 10
48.5
 20
704.5
 10
48.5
 20
705.0
 10
48.5
 20
705.5
 10
48.5
 20
706.0
 10
48.5
 20
706.5
 10
48.5
 20
707.0
 10
48.0
 20
707.0
 10
47.5
 20
707.0
 10
47.0
 20
707.0
 10
46.5
 20
707.0
 10
46.0
 20
707.0
 10
45.5
 20
707.0
  0
LWPOLYLINE
  5
DB
330
17
100
AcDbEntity
  8
CURB
370
25
100
AcDbPolyline
 90
281
 70
0
 10
168.0
 20
714.5
 10
168.0
 20
714.0
 10
168.0
 20
713.5
 10
168.0
 20
713.0
 10
168.0
 20
712.5
 10
168.0
 20
712.0
 10
168.0
 20
711.5
 10
168.0
 20
711.0
 10
168.0
 20
710.5
 10
167.5
 20
710.0
 10
167.0
 20
710.0
 10
167.0
 20
709.5
 10
167.0
 20
709.0
 10
166.5
 20
708.5
 10
166.5
 20
708.0
 10
166.5
 20
707.5
 10
166.5
 20
707.0
 10
166.5
 20
706.5
 10
166.5
 20
706.0
 10
166.5
 20
705.5
 10
166.5
 20
705.0
 10
166.5
 20
704.5
 10
166.5
 20
704.0
 10
166.5
 20
703.5
 10
166.5
 20
703.0
 10
166.5
 20
702.5
 10
166.5
 20
702.0
 10
166.5
 20
701.5
 10
166.5
 20
701.0
 10
166.5
 20
700.5
 10
166.5
 20
700.0
 10
166.5
 20
699.5
 10
166.5
 20
699.0
 10
166.5
 20
698.5
 10
166.5
 20
698.0
 10
166.5
 20
697.5
 10
166.5
 20
697.0
 10
166.5
 20
696.5
 10
166.5
 20
696.0
 10
166.5
 20
695.5
 10
166.5
 20
695.0
 10
166.5
 20
694.5
 10
166.5
 20
694.0
 10
166.5
 20
693.5
 10
166.5
 20
693.0
 10
166.5
 20
692.5
 10
166.5
 20
692.0
 10
166.5
 20
691.5
 10
166.5
 20
691.0
 10
166.5
 20
690.5
 10
166.5
 20
690.0
 10
166.5
 20
689.5
 10
166.5
 20
689.0
 10
166.5
 20
688.5
 10
166.5
 20
688.0
 10
166.5
 20
687.5
 10
166.5
 20
687.0
 10
166.5
 20
686.5
 10
166.5
 20
686.0
 10
166.5
 20
685.5
 10
166.5
 20
685.0
 10
166.5
 20
684.5
 10
166.5
 20
684.0
 10
166.5
 20
683.5
 10
166.5
 20
683.0
 10
166.5
 20
682.5
 10
166.5
 20
682.0
 10
166.5
 20
681.5
 10
166.5
 20
681.0
 10
166.5
 20
680.5
 10
166.5
 20
680.0
 10
166.5
 20
679.5
 10
166.5
 20
679.0
 10
166.5
 20
678.5
 10
166.0
 20
678.0
 10
165.5
 20
678.0
 10
165.0
 20
678.0
 10
164.5
 20
678.0
 10
164.0
 20
678.0
 10
164.0
 20
677.5
 10
163.5
 20
677.0
 10
163.0
 20
677.0
 10
163.0
 20
676.5
 10
163.0
 20
676.0
 10
163.0
 20
675.5
 10
163.0
 20
675.0
 10
163.0
 20
674.5
 10
163.0
 20
674.0
 10
163.0
 20
673.5
 10
163.0
 20
673.0
 10
163.0
 20
672.5
 10
163.0
 20
672.0
 10
163.0
 20
671.5
 10
163.0
 20
671.0
 10
163.0
 20
670.5
 10
162.5
 20
670.0
 10
162.5
 20
669.5
 10
162.5
 20
669.0
 10
162.5
 20
668.5
 10
162.5
 20
668.0
 10
163.0
 20
667.5
 10
163.5
 20
667.0
 10
163.5
 20
666.5
 10
163.5
 20
666.0
 10
164.0
 20
666.0
 10
164.5
 20
665.5
 10
165.0
 20
665.0
 10
165.0
 20
664.5
 10
165.5
 20
664.5
 10
166.0
 20
664.0
 10
166.0
 20
663.5
 10
166.0
 20
663.0
 10
166.0
 20
662.5
 10
166.0
 20
662.0
 10
166.0
 20
661.5
 10
166.0
 20
661.0
 10
166.0
 20
660.5
 10
166.0
 20
660.0
 10
166.0
 20
659.5
 10
165.5
 20
659.0
 10
165.0
 20
659.0
 10
164.5
 20
659.0
 10
164.5
 20
658.5
 10
164.0
 20
658.0
 10
163.5
 20
658.0
 10
163.5
 20
657.5
 10
163.5
 20
657.0
 10
163.5
 20
656.5
 10
163.5
 20
656.0
 10
163.5
 20
655.5
 10
163.5
 20
655.0
 10
164.0
 20
655.0
 10
164.5
 20
655.0
 10
165.0
 20
655.0
 10
165.5
 20
655.0
 10
166.0
 20
655.0
 10
166.5
 20
655.0
 10
166.5
 20
655.5
 10
167.0
 20
656.0
 10
167.5
 20
656.0
 10
168.0
 20
656.0
 10
168.0
 20
656.5
 10
168.5
 20
657.0
 10
169.0
 20
657.0
 10
169.5
 20
657.5
 10
169.5
 20
658.0
 10
169.5
 20
658.5
 10
170.0
 20
659.0
 10
170.5
 20
659.5
 10
170.5
 20
660.0
 10
170.5
 20
660.5
 10
170.5
 20
661.0
 10
171.0
 20
661.5
 10
171.0
 20
662.0
 10
171.0
 20
662.5
 10
171.0
 20
663.0
 10
171.0
 20
663.5
 10
171.0
 20
664.0
 10
171.0
 20
664.5
 10
171.5
 20
665.0
 10
171.5
 20
665.5
 10
171.5
 20
666.0
 10
171.5
 20
666.5
 10
171.5
 20
667.0
 10
171.0
 20
667.5
 10
171.0
 20
668.0
 10
171.0
 20
668.5
 10
171.0
 20
669.0
 10
171.0
 20
669.5
 10
171.0
 20
670.0
 10
171.0
 20
670.5
 10
171.0
 20
671.0
 10
171.0
 20
671.5
 10
171.0
 20
672.0
 10
171.0
 20
672.5
 10
171.0
 20
673.0
 10
171.0
 20
673.5
 10
171.0
 20
674.0
 10
171.0
 20
674.5
 10
171.0
 20
675.0
 10
171.5
 20
675.5
 10
172.0
 20
675.5
 10
172.5
 20
675.5
 10
172.5
 20
676.0
 10
173.0
 20
676.5
 10
173.0
 20
677.0
 10
173.0
 20
677.5
 10
173.0
 20
678.0
 10
173.0
 20
678.5
 10
172.5
 20
679.0
 10
172.5
 20
679.5
 10
172.5
 20
680.0
 10
172.5
 20
680.5
 10
172.5
 20
681.0
 10
172.5
 20
681.5
 10
172.5
 20
682.0
 10
172.5
 20
682.5
 10
172.5
 20
683.0
 10
172.5
 20
683.5
 10
172.5
 20
684.0
 10
172.5
 20
684.5
 10
172.5
 20
685.0
 10
172.5
 20
685.5
 10
172.5
 20
686.0
 10
172.5
 20
686.5
 10
172.5
 20
687.0
 10
172.5
 20
687.5
 10
172.5
 20
688.0
 10
173.0
 20
688.5
 10
173.5
 20
689.0
 10
174.0
 20
689.5
 10
174.5
 20
689.5
 10
175.0
 20
690.0
 10
175.5
 20
690.0
 10
176.0
 20
690.5
 10
176.5
 20
690.5
 10
177.0
 20
690.5
 10
177.5
 20
690.5
 10
178.0
 20
690.5
 10
178.5
 20
691.0
 10
179.0
 20
691.0
 10
179.0
 20
691.5
 10
179.0
 20
692.0
 10
179.0
 20
692.5
 10
179.0
 20
693.0
 10
179.0
 20
693.5
 10
179.0
 20
694.0
 10
179.0
 20
694.5
 10
178.5
 20
695.0
 10
178.5
 20
695.5
 10
178.5
 20
696.0
 10
178.5
 20
696.5
 10
178.5
 20
697.0
 10
178.0
 20
697.0
 10
177.5
 20
697.5
 10
177.0
 20
697.5
 10
176.5
 20
698.0
 10
176.0
 20
698.5
 10
175.5
 20
698.5
 10
175.0
 20
698.5
 10
174.5
 20
698.5
 10
174.0
 20
698.5
 10
173.5
 20
698.5
 10
173.0
 20
698.5
 10
172.5
 20
698.5
 10
172.0
 20
699.0
 10
172.0
 20
699.5
 10
171.5
 20
700.0
 10
171.5
 20
700.5
 10
171.5
 20
701.0
 10
171.5
 20
701.5
 10
171.5
 20
702.0
 10
171.5
 20
702.5
 10
171.5
 20
703.0
 10
171.5
 20
703.5
 10
171.5
 20
704.0
 10
171.5
 20
704.5
 10
171.5
 20
705.0
 10
171.5
 20
705.5
 10
171.5
 20
706.0
 10
171.5
 20
706.5
 10
171.5
 20
707.0
 10
171.5
 20
707.5
 10
171.5
 20
708.0
 10
171.5
 20
708.5
 10
171.0
 20
708.5
 10
170.5
 20
709.0
 10
170.5
 20
709.5
 10
170.5
 20
710.0
 10
170.5
 20
710.5
 10
170.5
 20
711.0
 10
170.5
 20
711.5
 10
170.0
 20
712.0
 10
170.0
 20
712.5
 10
170.0
 20
713.0
 10
170.0
 20
713.5
 10
170.0
 20
714.0
 10
170.0
 20
714.5
 10
169.5
 20
714.5
 10
169.0
 20
714.5
 10
168.5
 20
714.5
  0
LWPOLYLINE
  5
DC
330
17
100
AcDbEntity
  8
CURB
370
25
100
AcDbPolyline
 90
2398
 70
0
 10
338.5
 20
719.0
 10
338.0
 20
718.5
 10
338.0
 20
718.0
 10
337.5
 20
717.5
 10
337.0
 20
717.0
 10
336.5
 20
717.0
 10
336.0
 20
716.5
 10
335.5
 20
716.5
 10
335.5
 20
716.0
 10
335.0
 20
715.5
 10
334.5
 20
715.5
 10
334.5
 20
715.0
 10
334.5
 20
714.5
 10
334.0
 20
714.0
 10
334.0
 20
713.5
 10
334.0
 20
713.0
 10
334.0
 20
712.5
 10
334.0
 20
712.0
 10
334.0
 20
711.5
 10
334.0
 20
711.0
 10
334.0
 20
710.5
 10
334.5
 20
710.0
 10
334.5
 20
709.5
 10
335.0
 20
709.0
 10
335.5
 20
708.5
 10
335.5
 20
708.0
 10
336.0
 20
707.5
 10
336.5
 20
707.0
 10
337.0
 20
707.0
 10
337.5
 20
706.5
 10
338.0
 20
706.0
 10
338.0
 20
705.5
 10
338.0
 20
705.0
 10
338.0
 20
704.5
 10
338.0
 20
704.0
 10
338.5
 20
704.0
 10
339.0
 20
703.5
 10
339.5
 20
703.0
 10
339.5
 20
702.5
 10
339.5
 20
702.0
 10
339.5
 20
701.5
 10
339.5
 20
701.0
 10
339.5
 20
700.5
 10
339.5
 20
700.0
 10
339.5
 20
699.5
 10
339.5
 20
699.0
 10
339.0
 20
698.5
 10
339.0
 20
698.0
 10
338.5
 20
697.5
 10
338.0
 20
697.5
 10
338.0
 20
697.0
 10
338.0
 20
696.5
 10
338.0
 20
696.0
 10
338.0
 20
695.5
 10
338.0
 20
695.0
 10
338.0
 20
694.5
 10
338.0
 20
694.0
 10
338.0
 20
693.5
 10
338.0
 20
693.0
 10
337.5
 20
692.5
 10
337.0
 20
692.5
 10
336.5
 20
692.5
 10
336.0
 20
692.5
 10
335.5
 20
692.5
 10
335.5
 20
692.0
 10
335.5
 20
691.5
 10
335.5
 20
691.0
 10
335.5
 20
690.5
 10
335.5
 20
690.0
 10
335.5
 20
689.5
 10
335.5
 20
689.0
 10
335.5
 20
688.5
 10
335.5
 20
688.0
 10
335.0
 20
687.5
 10
334.5
 20
687.0
 10
334.5
 20
686.5
 10
334.5
 20
686.0
 10
334.5
 20
685.5
 10
334.5
 20
685.0
 10
334.5
 20
684.5
 10
334.5
 20
684.0
 10
334.5
 20
683.5
 10
334.5
 20
683.0
 10
334.5
 20
682.5
 10
334.5
 20
682.0
 10
334.5
 20
681.5
 10
334.5
 20
681.0
 10
334.5
 20
680.5
 10
334.5
 20
680.0
 10
334.5
 20
679.5
 10
334.5
 20
679.0
 10
334.5
 20
678.5
 10
334.5
 20
678.0
 10
334.5
 20
677.5
 10
334.5
 20
677.0
 10
334.5
 20
676.5
 10
334.5
 20
676.0
 10
334.5
 20
675.5
 10
334.5
 20
675.0
 10
334.5
 20
674.5
 10
334.5
 20
674.0
 10
334.5
 20
673.5
 10
334.5
 20
673.0
 10
334.5
 20
672.5
 10
335.0
 20
672.0
 10
335.0
 20
671.5
 10
335.0
 20
671.0
 10
335.5
 20
671.0
 10
336.0
 20
670.5
 10
336.0
 20
670.0
 10
336.5
 20
670.0
 10
337.0
 20
670.0
 10
337.5
 20
669.5
 10
338.0
 20
669.0
 10
338.0
 20
668.5
 10
338.5
 20
668.0
 10
338.5
 20
667.5
 10
338.5
 20
667.0
 10
339.0
 20
667.0
 10
339.5
 20
666.5
 10
340.0
 20
666.0
 10
340.5
 20
665.5
 10
340.5
 20
665.0
 10
340.5
 20
664.5
 10
340.5
 20
664.0
 10
340.5
 20
663.5
 10
340.5
 20
663.0
 10
340.5
 20
662.5
 10
340.5
 20
662.0
 10
340.5
 20
661.5
 10
340.5
 20
661.0
 10
340.0
 20
660.5
 10
340.0
 20
660.0
 10
339.5
 20
659.5
 10
339.5
 20
659.0
 10
339.0
 20
658.5
 10
339.0
 20
658.0
 10
338.5
 20
657.5
 10
338.0
 20
657.0
 10
338.0
 20
656.5
 10
337.5
 20
656.0
 10
337.5
 20
655.5
 10
337.5
 20
655.0
 10
337.0
 20
654.5
 10
337.0
 20
654.0
 10
337.0
 20
653.5
 10
336.5
 20
653.0
 10
336.5
 20
652.5
 10
336.5
 20
652.0
 10
336.5
 20
651.5
 10
336.5
 20
651.0
 10
336.5
 20
650.5
 10
336.5
 20
650.0
 10
336.0
 20
649.5
 10
336.0
 20
649.0
 10
336.0
 20
648.5
 10
336.0
 20
648.0
 10
336.0
 20
647.5
 10
336.0
 20
647.0
 10
336.0
 20
646.5
 10
336.0
 20
646.0
 10
336.0
 20
645.5
 10
336.5
 20
645.5
 10
337.0
 20
645.5
 10
337.5
 20
645.5
 10
338.0
 20
645.0
 10
338.0
 20
644.5
 10
338.5
 20
644.5
 10
339.0
 20
644.5
 10
339.5
 20
644.5
 10
340.0
 20
644.5
 10
340.5
 20
644.5
 10
341.0
 20
644.5
 10
341.5
 20
644.5
 10
342.0
 20
644.0
 10
342.5
 20
643.5
 10
342.5
 20
643.0
 10
342.5
 20
642.5
 10
343.0
 20
642.0
 10
343.5
 20
641.5
 10
343.5
 20
641.0
 10
343.5
 20
640.5
 10
343.5
 20
640.0
 10
343.5
 20
639.5
 10
343.5
 20
639.0
 10
343.0
 20
638.5
 10
342.5
 20
638.0
 10
342.0
 20
638.0
 10
341.5
 20
638.0
 10
341.0
 20
638.0
 10
340.5
 20
638.0
 10
340.0
 20
638.0
 10
339.5
 20
638.0
 10
339.0
 20
638.0
 10
338.5
 20
638.0
 10
338.0
 20
637.5
 10
337.5
 20
637.0
 10
337.0
 20
636.5
 10
336.5
 20
636.5
 10
336.0
 20
636.5
 10
335.5
 20
636.5
 10
335.5
 20
636.0
 10
335.5
 20
635.5
 10
335.5
 20
635.0
 10
335.5
 20
634.5
 10
335.5
 20
634.0
 10
335.5
 20
633.5
 10
335.5
 20
633.0
 10
335.5
 20
632.5
 10
335.5
 20
632.0
 10
335.5
 20
631.5
 10
335.5
 20
631.0
 10
335.5
 20
630.5
 10
335.5
 20
630.0
 10
335.5
 20
629.5
 10
335.5
 20
629.0
 10
335.5
 20
628.5
 10
335.5
 20
628.0
 10
335.5
 20
627.5
 10
335.5
 20
627.0
 10
335.5
 20
626.5
 10
335.5
 20
626.0
 10
335.5
 20
625.5
 10
335.5
 20
625.0
 10
335.5
 20
624.5
 10
335.5
 20
624.0
 10
336.0
 20
624.0
 10
336.5
 20
624.0
 10
337.0
 20
624.0
 10
337.5
 20
624.0
 10
338.0
 20
623.5
 10
338.0
 20
623.0
 10
338.0
 20
622.5
 10
338.5
 20
622.5
 10
339.0
 20
622.5
 10
339.5
 20
622.0
 10
339.5
 20
621.5
 10
340.0
 20
621.0
 10
340.0
 20
620.5
 10
340.0
 20
620.0
 10
340.0
 20
619.5
 10
340.0
 20
619.0
 10
340.5
 20
618.5
 10
340.5
 20
618.0
 10
340.5
 20
617.5
 10
340.5
 20
617.0
 10
340.5
 20
616.5
 10
340.5
 20
616.0
 10
340.5
 20
615.5
 10
340.5
 20
615.0
 10
340.0
 20
614.5
 10
340.0
 20
614.0
 10
340.0
 20
613.5
 10
340.0
 20
613.0
 10
340.0
 20
612.5
 10
340.0
 20
612.0
 10
340.0
 20
611.5
 10
340.0
 20
611.0
 10
340.0
 20
610.5
 10
340.0
 20
610.0
 10
340.0
 20
609.5
 10
339.5
 20
609.0
 10
339.5
 20
608.5
 10
339.0
 20
608.0
 10
338.5
 20
607.5
 10
338.5
 20
607.0
 10
338.5
 20
606.5
 10
338.0
 20
606.0
 10
338.0
 20
605.5
 10
338.0
 20
605.0
 10
338.0
 20
604.5
 10
338.0
 20
604.0
 10
337.5
 20
603.5
 10
337.0
 20
603.5
 10
336.5
 20
603.5
 10
336.0
 20
603.5
 10
335.5
 20
603.0
 10
335.0
 20
602.5
 10
335.0
 20
602.0
 10
335.0
 20
601.5
 10
334.5
 20
601.0
 10
334.5
 20
600.5
 10
334.5
 20
600.0
 10
334.5
 20
599.5
 10
334.5
 20
599.0
 10
334.5
 20
598.5
 10
334.5
 20
598.0
 10
334.5
 20
597.5
 10
334.5
 20
597.0
 10
334.5
 20
596.5
 10
334.5
 20
596.0
 10
334.5
 20
595.5
 10
334.5
 20
595.0
 10
334.5
 20
594.5
 10
335.0
 20
594.0
 10
335.0
 20
593.5
 10
335.5
 20
593.5
 10
336.0
 20
593.5
 10
336.5
 20
593.5
 10
337.0
 20
593.0
 10
337.5
 20
593.0
 10
338.0
 20
593.0
 10
338.5
 20
592.5
 10
338.5
 20
592.0
 10
338.5
 20
591.5
 10
339.0
 20
591.0
 10
339.0
 20
590.5
 10
339.5
 20
590.0
 10
340.0
 20
590.0
 10
340.5
 20
589.5
 10
341.0
 20
589.0
 10
341.5
 20
588.5
 10
341.5
 20
588.0
 10
341.5
 20
587.5
 10
342.0
 20
587.0
 10
342.0
 20
586.5
 10
342.0
 20
586.0
 10
342.0
 20
585.5
 10
342.0
 20
585.0
 10
341.5
 20
584.5
 10
341.5
 20
584.0
 10
341.5
 20
583.5
 10
341.5
 20
583.0
 10
341.0
 20
582.5
 10
341.0
 20
582.0
 10
341.0
 20
581.5
 10
340.5
 20
581.0
 10
340.0
 20
580.5
 10
340.0
 20
580.0
 10
340.0
 20
579.5
 10
340.0
 20
579.0
 10
340.0
 20
578.5
 10
340.0
 20
578.0
 10
340.0
 20
577.5
 10
340.0
 20
577.0
 10
340.0
 20
576.5
 10
340.0
 20
576.0
 10
340.0
 20
575.5
 10
340.0
 20
575.0
 10
340.0
 20
574.5
 10
340.0
 20
574.0
 10
340.5
 20
573.5
 10
341.0
 20
573.0
 10
341.5
 20
572.5
 10
341.5
 20
572.0
 10
341.5
 20
571.5
 10
341.5
 20
571.0
 10
342.0
 20
570.5
 10
342.0
 20
570.0
 10
342.0
 20
569.5
 10
342.0
 20
569.0
 10
342.0
 20
568.5
 10
342.0
 20
568.0
 10
342.0
 20
567.5
 10
342.0
 20
567.0
 10
342.0
 20
566.5
 10
342.0
 20
566.0
 10
341.5
 20
565.5
 10
341.5
 20
565.0
 10
341.5
 20
564.5
 10
341.0
 20
564.0
 10
341.0
 20
563.5
 10
341.0
 20
563.0
 10
341.0
 20
562.5
 10
341.0
 20
562.0
 10
341.0
 20
561.5
 10
341.0
 20
561.0
 10
341.0
 20
560.5
 10
341.5
 20
560.5
 10
342.0
 20
560.0
 10
342.0
 20
559.5
 10
342.5
 20
559.0
 10
343.0
 20
558.5
 10
343.0
 20
558.0
 10
343.0
 20
557.5
 10
343.0
 20
557.0
 10
343.0
 20
556.5
 10
343.0
 20
556.0
 10
343.0
 20
555.5
 10
343.0
 20
555.0
 10
343.0
 20
554.5
 10
343.0
 20
554.0
 10
343.0
 20
553.5
 10
342.5
 20
553.0
 10
342.0
 20
552.5
 10
341.5
 20
552.5
 10
341.0
 20
552.5
 10
340.5
 20
552.5
 10
340.0
 20
552.5
 10
339.5
 20
552.5
 10
339.0
 20
552.5
 10
338.5
 20
552.5
 10
338.5
 20
552.0
 10
338.5
 20
551.5
 10
338.0
 20
551.0
 10
337.5
 20
551.0
 10
337.0
 20
551.0
 10
336.5
 20
551.0
 10
336.0
 20
550.5
 10
336.0
 20
550.0
 10
336.0
 20
549.5
 10
336.0
 20
549.0
 10
336.0
 20
548.5
 10
336.0
 20
548.0
 10
336.0
 20
547.5
 10
336.0
 20
547.0
 10
336.0
 20
546.5
 10
336.0
 20
546.0
 10
336.0
 20
545.5
 10
336.0
 20
545.0
 10
336.0
 20
544.5
 10
336.0
 20
544.0
 10
336.0
 20
543.5
 10
336.5
 20
543.0
 10
336.5
 20
542.5
 10
336.5
 20
542.0
 10
336.5
 20
541.5
 10
336.5
 20
541.0
 10
336.5
 20
540.5
 10
336.5
 20
540.0
 10
336.5
 20
539.5
 10
336.5
 20
539.0
 10
336.5
 20
538.5
 10
336.5
 20
538.0
 10
336.5
 20
537.5
 10
336.5
 20
537.0
 10
336.5
 20
536.5
 10
336.5
 20
536.0
 10
336.5
 20
535.5
 10
336.5
 20
535.0
 10
336.5
 20
534.5
 10
336.5
 20
534.0
 10
336.5
 20
533.5
 10
337.0
 20
533.5
 10
337.5
 20
533.5
 10
338.0
 20
533.5
 10
338.5
 20
533.0
 10
338.5
 20
532.5
 10
338.5
 20
532.0
 10
338.5
 20
531.5
 10
338.5
 20
531.0
 10
338.5
 20
530.5
 10
338.5
 20
530.0
 10
339.0
 20
530.0
 10
339.5
 20
529.5
 10
339.5
 20
529.0
 10
339.5
 20
528.5
 10
339.5
 20
528.0
 10
339.5
 20
527.5
 10
339.5
 20
527.0
 10
339.5
 20
526.5
 10
339.5
 20
526.0
 10
339.0
 20
525.5
 10
338.5
 20
525.5
 10
338.5
 20
525.0
 10
338.5
 20
524.5
 10
338.5
 20
524.0
 10
338.5
 20
523.5
 10
338.5
 20
523.0
 10
338.5
 20
522.5
 10
338.0
 20
522.0
 10
337.5
 20
522.0
 10
337.0
 20
522.0
 10
336.5
 20
522.0
 10
336.0
 20
522.0
 10
336.0
 20
521.5
 10
336.0
 20
521.0
 10
336.0
 20
520.5
 10
335.5
 20
520.0
 10
335.0
 20
519.5
 10
334.5
 20
519.5
 10
334.5
 20
519.0
 10
334.5
 20
518.5
 10
334.5
 20
518.0
 10
334.5
 20
517.5
 10
334.5
 20
517.0
 10
334.5
 20
516.5
 10
334.5
 20
516.0
 10
334.5
 20
515.5
 10
334.5
 20
515.0
 10
334.5
 20
514.5
 10
335.0
 20
514.0
 10
335.5
 20
513.5
 10
335.5
 20
513.0
 10
335.5
 20
512.5
 10
335.5
 20
512.0
 10
336.0
 20
511.5
 10
336.0
 20
511.0
 10
336.5
 20
511.0
 10
337.0
 20
511.0
 10
337.5
 20
511.0
 10
338.0
 20
511.0
 10
338.5
 20
510.5
 10
338.5
 20
510.0
 10
338.5
 20
509.5
 10
339.0
 20
509.0
 10
339.5
 20
508.5
 10
340.0
 20
508.0
 10
340.5
 20
507.5
 10
340.5
 20
507.0
 10
341.0
 20
506.5
 10
341.0
 20
506.0
 10
341.0
 20
505.5
 10
341.0
 20
505.0
 10
341.0
 20
504.5
 10
341.0
 20
504.0
 10
341.0
 20
503.5
 10
341.0
 20
503.0
 10
340.5
 20
502.5
 10
340.5
 20
502.0
 10
340.5
 20
501.5
 10
340.5
 20
501.0
 10
340.5
 20
500.5
 10
340.5
 20
500.0
 10
340.5
 20
499.5
 10
340.5
 20
499.0
 10
340.5
 20
498.5
 10
340.5
 20
498.0
 10
340.5
 20
497.5
 10
340.5
 20
497.0
 10
341.0
 20
496.5
 10
341.0
 20
496.0
 10
341.5
 20
495.5
 10
341.5
 20
495.0
 10
342.0
 20
494.5
 10
342.0
 20
494.0
 10
342.0
 20
493.5
 10
342.0
 20
493.0
 10
342.0
 20
492.5
 10
342.0
 20
492.0
 10
341.5
 20
491.5
 10
341.5
 20
491.0
 10
341.0
 20
490.5
 10
341.0
 20
490.0
 10
341.0
 20
489.5
 10
341.0
 20
489.0
 10
341.0
 20
488.5
 10
341.0
 20
488.0
 10
341.0
 20
487.5
 10
341.0
 20
487.0
 10
341.0
 20
486.5
 10
341.0
 20
486.0
 10
341.0
 20
485.5
 10
341.0
 20
485.0
 10
341.5
 20
484.5
 10
341.5
 20
484.0
 10
341.5
 20
483.5
 10
341.5
 20
483.0
 10
342.0
 20
482.5
 10
342.0
 20
482.0
 10
342.0
 20
481.5
 10
342.0
 20
481.0
 10
342.0
 20
480.5
 10
342.0
 20
480.0
 10
342.0
 20
479.5
 10
342.0
 20
479.0
 10
342.0
 20
478.5
 10
342.0
 20
478.0
 10
342.0
 20
477.5
 10
342.0
 20
477.0
 10
342.0
 20
476.5
 10
342.0
 20
476.0
 10
342.0
 20
475.5
 10
342.0
 20
475.0
 10
342.0
 20
474.5
 10
342.0
 20
474.0
 10
342.0
 20
473.5
 10
342.0
 20
473.0
 10
342.0
 20
472.5
 10
342.0
 20
472.0
 10
342.0
 20
471.5
 10
342.0
 20
471.0
 10
342.0
 20
470.5
 10
342.0
 20
470.0
 10
342.0
 20
469.5
 10
342.0
 20
469.0
 10
342.0
 20
468.5
 10
342.0
 20
468.0
 10
342.0
 20
467.5
 10
342.0
 20
467.0
 10
341.5
 20
466.5
 10
341.0
 20
466.0
 10
340.5
 20
465.5
 10
340.0
 20
465.0
 10
339.5
 20
465.0
 10
339.5
 20
464.5
 10
339.0
 20
464.0
 10
338.5
 20
464.0
 10
338.5
 20
463.5
 10
338.5
 20
463.0
 10
338.0
 20
462.5
 10
337.5
 20
462.5
 10
337.0
 20
462.5
 10
336.5
 20
462.5
 10
336.5
 20
462.0
 10
336.5
 20
461.5
 10
336.5
 20
461.0
 10
336.5
 20
460.5
 10
336.5
 20
460.0
 10
336.5
 20
459.5
 10
336.5
 20
459.0
 10
336.5
 20
458.5
 10
336.5
 20
458.0
 10
336.5
 20
457.5
 10
336.5
 20
457.0
 10
336.5
 20
456.5
 10
336.5
 20
456.0
 10
336.5
 20
455.5
 10
336.5
 20
455.0
 10
336.5
 20
454.5
 10
336.5
 20
454.0
 10
336.5
 20
453.5
 10
336.5
 20
453.0
 10
336.5
 20
452.5
 10
336.5
 20
452.0
 10
336.5
 20
451.5
 10
336.5
 20
451.0
 10
336.5
 20
450.5
 10
336.5
 20
450.0
 10
336.5
 20
449.5
 10
336.5
 20
449.0
 10
336.5
 20
448.5
 10
336.5
 20
448.0
 10
336.5
 20
447.5
 10
336.5
 20
447.0
 10
336.5
 20
446.5
 10
336.5
 20
446.0
 10
336.5
 20
445.5
 10
336.5
 20
445.0
 10
336.5
 20
444.5
 10
337.0
 20
444.5
 10
337.5
 20
444.0
 10
337.5
 20
443.5
 10
337.5
 20
443.0
 10
337.5
 20
442.5
 10
337.5
 20
442.0
 10
337.5
 20
441.5
 10
337.5
 20
441.0
 10
337.5
 20
440.5
 10
337.5
 20
440.0
 10
337.5
 20
439.5
 10
337.5
 20
439.0
 10
337.0
 20
438.5
 10
336.5
 20
438.5
 10
336.0
 20
438.5
 10
335.5
 20
438.5
 10
335.0
 20
438.5
 10
335.0
 20
438.0
 10
335.0
 20
437.5
 10
335.0
 20
437.0
 10
335.0
 20
436.5
 10
335.0
 20
436.0
 10
335.5
 20
436.0
 10
336.0
 20
435.5
 10
336.5
 20
435.5
 10
337.0
 20
435.5
 10
337.5
 20
435.5
 10
338.0
 20
435.5
 10
338.5
 20
435.5
 10
339.0
 20
435.5
 10
339.5
 20
435.5
 10
340.0
 20
435.5
 10
340.5
 20
435.5
 10
341.0
 20
435.5
 10
341.5
 20
435.5
 10
342.0
 20
435.5
 10
342.5
 20
435.5
 10
343.0
 20
435.5
 10
343.5
 20
435.5
 10
344.0
 20
435.0
 10
344.0
 20
434.5
 10
344.0
 20
434.0
 10
344.0
 20
433.5
 10
344.0
 20
433.0
 10
344.0
 20
432.5
 10
344.0
 20
432.0
 10
344.0
 20
431.5
 10
344.0
 20
431.0
 10
344.0
 20
430.5
 10
344.0
 20
430.0
 10
343.5
 20
429.5
 10
343.0
 20
429.5
 10
342.5
 20
429.5
 10
342.0
 20
429.5
 10
341.5
 20
429.0
 10
341.0
 20
429.0
 10
340.5
 20
428.5
 10
340.0
 20
428.5
 10
340.0
 20
428.0
 10
340.0
 20
427.5
 10
340.0
 20
427.0
 10
340.0
 20
426.5
 10
340.0
 20
426.0
 10
340.0
 20
425.5
 10
340.5
 20
425.0
 10
340.5
 20
424.5
 10
341.0
 20
424.0
 10
341.0
 20
423.5
 10
341.5
 20
423.0
 10
341.5
 20
422.5
 10
341.5
 20
422.0
 10
341.5
 20
421.5
 10
341.5
 20
421.0
 10
341.0
 20
420.5
 10
341.0
 20
420.0
 10
341.0
 20
419.5
 10
341.0
 20
419.0
 10
340.5
 20
418.5
 10
340.5
 20
418.0
 10
340.5
 20
417.5
 10
340.0
 20
417.0
 10
340.0
 20
416.5
 10
340.0
 20
416.0
 10
340.0
 20
415.5
 10
340.0
 20
415.0
 10
340.0
 20
414.5
 10
339.5
 20
414.0
 10
339.0
 20
414.0
 10
339.0
 20
413.5
 10
339.0
 20
413.0
 10
339.0
 20
412.5
 10
339.0
 20
412.0
 10
339.0
 20
411.5
 10
339.0
 20
411.0
 10
339.0
 20
410.5
 10
339.5
 20
410.0
 10
339.5
 20
409.5
 10
339.5
 20
409.0
 10
339.5
 20
408.5
 10
339.5
 20
408.0
 10
339.5
 20
407.5
 10
339.5
 20
407.0
 10
339.5
 20
406.5
 10
339.5
 20
406.0
 10
339.5
 20
405.5
 10
339.5
 20
405.0
 10
339.5
 20
404.5
 10
339.5
 20
404.0
 10
339.5
 20
403.5
 10
339.0
 20
403.0
 10
338.5
 20
403.0
 10
338.5
 20
402.5
 10
338.5
 20
402.0
 10
338.5
 20
401.5
 10
338.5
 20
401.0
 10
338.0
 20
400.5
 10
338.0
 20
400.0
 10
337.5
 20
399.5
 10
337.0
 20
399.0
 10
337.0
 20
398.5
 10
337.0
 20
398.0
 10
337.0
 20
397.5
 10
337.0
 20
397.0
 10
337.0
 20
396.5
 10
337.0
 20
396.0
 10
337.0
 20
395.5
 10
337.0
 20
395.0
 10
336.5
 20
394.5
 10
336.5
 20
394.0
 10
336.5
 20
393.5
 10
336.0
 20
393.0
 10
336.0
 20
392.5
 10
336.0
 20
392.0
 10
336.0
 20
391.5
 10
336.0
 20
391.0
 10
336.0
 20
390.5
 10
336.0
 20
390.0
 10
336.5
 20
389.5
 10
337.0
 20
389.0
 10
337.5
 20
389.0
 10
338.0
 20
389.0
 10
338.5
 20
389.0
 10
339.0
 20
389.0
 10
339.5
 20
389.0
 10
340.0
 20
388.5
 10
340.5
 20
388.5
 10
341.0
 20
388.5
 10
341.5
 20
388.0
 10
342.0
 20
388.0
 10
342.5
 20
388.0
 10
343.0
 20
387.5
 10
343.5
 20
387.0
 10
344.0
 20
387.0
 10
344.5
 20
387.0
 10
345.0
 20
386.5
 10
345.5
 20
386.0
 10
345.5
 20
385.5
 10
345.5
 20
385.0
 10
345.5
 20
384.5
 10
345.5
 20
384.0
 10
345.5
 20
383.5
 10
345.5
 20
383.0
 10
345.5
 20
382.5
 10
345.5
 20
382.0
 10
345.5
 20
381.5
 10
345.5
 20
381.0
 10
345.5
 20
380.5
 10
345.5
 20
380.0
 10
345.5
 20
379.5
 10
345.5
 20
379.0
 10
345.5
 20
378.5
 10
345.5
 20
378.0
 10
345.5
 20
377.5
 10
345.5
 20
377.0
 10
345.5
 20
376.5
 10
345.5
 20
376.0
 10
345.5
 20
375.5
 10
345.5
 20
375.0
 10
345.5
 20
374.5
 10
345.5
 20
374.0
 10
345.5
 20
373.5
 10
345.5
 20
373.0
 10
346.0
 20
372.5
 10
346.0
 20
372.0
 10
346.0
 20
371.5
 10
346.0
 20
371.0
 10
346.0
 20
370.5
 10
346.0
 20
370.0
 10
346.0
 20
369.5
 10
346.0
 20
369.0
 10
346.0
 20
368.5
 10
346.0
 20
368.0
 10
346.0
 20
367.5
 10
346.0
 20
367.0
 10
346.0
 20
366.5
 10
346.0
 20
366.0
 10
346.0
 20
365.5
 10
345.5
 20
365.0
 10
345.0
 20
365.0
 10
344.5
 20
365.0
 10
344.0
 20
365.0
 10
343.5
 20
365.0
 10
343.0
 20
365.0
 10
343.0
 20
364.5
 10
343.0
 20
364.0
 10
343.0
 20
363.5
 10
343.0
 20
363.0
 10
342.5
 20
362.5
 10
342.0
 20
362.5
 10
341.5
 20
362.0
 10
341.0
 20
361.5
 10
340.5
 20
361.0
 10
340.0
 20
361.0
 10
339.5
 20
360.5
 10
339.5
 20
360.0
 10
339.5
 20
359.5
 10
339.0
 20
359.0
 10
338.5
 20
359.0
 10
338.5
 20
358.5
 10
338.5
 20
358.0
 10
338.5
 20
357.5
 10
338.5
 20
357.0
 10
338.5
 20
356.5
 10
338.5
 20
356.0
 10
338.5
 20
355.5
 10
338.5
 20
355.0
 10
338.5
 20
354.5
 10
338.5
 20
354.0
 10
338.5
 20
353.5
 10
338.5
 20
353.0
 10
338.5
 20
352.5
 10
338.5
 20
352.0
 10
338.5
 20
351.5
 10
338.5
 20
351.0
 10
338.5
 20
350.5
 10
338.5
 20
350.0
 10
338.5
 20
349.5
 10
338.5
 20
349.0
 10
339.0
 20
349.0
 10
339.5
 20
349.0
 10
340.0
 20
348.5
 10
340.5
 20
348.0
 10
341.0
 20
348.0
 10
341.5
 20
348.0
 10
342.0
 20
347.5
 10
342.5
 20
347.0
 10
343.0
 20
346.5
 10
343.5
 20
346.0
 10
343.5
 20
345.5
 10
343.5
 20
345.0
 10
343.5
 20
344.5
 10
343.5
 20
344.0
 10
343.5
 20
343.5
 10
343.0
 20
343.0
 10
342.5
 20
343.0
 10
342.5
 20
342.5
 10
342.5
 20
342.0
 10
342.5
 20
341.5
 10
342.5
 20
341.0
 10
342.5
 20
340.5
 10
342.5
 20
340.0
 10
342.5
 20
339.5
 10
342.5
 20
339.0
 10
342.5
 20
338.5
 10
342.0
 20
338.0
 10
342.0
 20
337.5
 10
342.0
 20
337.0
 10
342.0
 20
336.5
 10
342.0
 20
336.0
 10
342.0
 20
335.5
 10
341.5
 20
335.0
 10
341.5
 20
334.5
 10
341.0
 20
334.0
 10
341.0
 20
333.5
 10
341.0
 20
333.0
 10
340.5
 20
332.5
 10
340.0
 20
332.5
 10
339.5
 20
332.0
 10
339.5
 20
331.5
 10
339.0
 20
331.0
 10
339.0
 20
330.5
 10
339.0
 20
330.0
 10
338.5
 20
329.5
 10
338.0
 20
329.0
 10
337.5
 20
329.0
 10
337.5
 20
328.5
 10
337.5
 20
328.0
 10
337.5
 20
327.5
 10
337.5
 20
327.0
 10
337.5
 20
326.5
 10
337.5
 20
326.0
 10
337.5
 20
325.5
 10
337.5
 20
325.0
 10
337.5
 20
324.5
 10
337.5
 20
324.0
 10
337.5
 20
323.5
 10
337.5
 20
323.0
 10
338.0
 20
323.0
 10
338.5
 20
323.0
 10
339.0
 20
322.5
 10
339.0
 20
322.0
 10
339.0
 20
321.5
 10
339.0
 20
321.0
 10
339.5
 20
320.5
 10
339.5
 20
320.0
 10
339.5
 20
319.5
 10
339.5
 20
319.0
 10
339.5
 20
318.5
 10
339.5
 20
318.0
 10
339.5
 20
317.5
 10
339.5
 20
317.0
 10
339.0
 20
316.5
 10
338.5
 20
316.5
 10
338.0
 20
316.5
 10
337.5
 20
316.5
 10
337.5
 20
316.0
 10
337.5
 20
315.5
 10
337.5
 20
315.0
 10
337.5
 20
314.5
 10
337.5
 20
314.0
 10
337.5
 20
313.5
 10
337.5
 20
313.0
 10
337.5
 20
312.5
 10
337.5
 20
312.0
 10
337.5
 20
311.5
 10
337.5
 20
311.0
 10
337.5
 20
310.5
 10
337.5
 20
310.0
 10
337.5
 20
309.5
 10
337.5
 20
309.0
 10
337.5
 20
308.5
 10
337.5
 20
308.0
 10
337.5
 20
307.5
 10
338.0
 20
307.0
 10
338.0
 20
306.5
 10
338.0
 20
306.0
 10
338.0
 20
305.5
 10
338.0
 20
305.0
 10
338.0
 20
304.5
 10
338.0
 20
304.0
 10
338.0
 20
303.5
 10
338.5
 20
303.5
 10
339.0
 20
303.5
 10
339.5
 20
303.5
 10
340.0
 20
303.0
 10
340.0
 20
302.5
 10
340.0
 20
302.0
 10
340.0
 20
301.5
 10
340.0
 20
301.0
 10
340.5
 20
300.5
 10
340.5
 20
300.0
 10
341.0
 20
300.0
 10
341.5
 20
299.5
 10
341.5
 20
299.0
 10
342.0
 20
298.5
 10
342.0
 20
298.0
 10
342.0
 20
297.5
 10
342.0
 20
297.0
 10
342.0
 20
296.5
 10
342.0
 20
296.0
 10
342.5
 20
295.5
 10
342.5
 20
295.0
 10
342.5
 20
294.5
 10
342.5
 20
294.0
 10
343.0
 20
293.5
 10
343.0
 20
293.0
 10
343.0
 20
292.5
 10
343.0
 20
292.0
 10
343.5
 20
291.5
 10
343.5
 20
291.0
 10
343.5
 20
290.5
 10
343.5
 20
290.0
 10
343.5
 20
289.5
 10
343.5
 20
289.0
 10
343.5
 20
288.5
 10
343.0
 20
288.0
 10
343.0
 20
287.5
 10
342.5
 20
287.0
 10
342.5
 20
286.5
 10
342.5
 20
286.0
 10
342.0
 20
285.5
 10
342.0
 20
285.0
 10
342.0
 20
284.5
 10
341.5
 20
284.0
 10
341.0
 20
283.5
 10
341.0
 20
283.0
 10
341.0
 20
282.5
 10
340.5
 20
282.0
 10
340.0
 20
281.5
 10
339.5
 20
281.5
 10
339.0
 20
281.5
 10
338.5
 20
281.5
 10
338.0
 20
281.0
 10
338.0
 20
280.5
 10
338.0
 20
280.0
 10
338.0
 20
279.5
 10
338.0
 20
279.0
 10
338.0
 20
278.5
 10
338.0
 20
278.0
 10
338.0
 20
277.5
 10
338.0
 20
277.0
 10
338.0
 20
276.5
 10
338.0
 20
276.0
 10
338.0
 20
275.5
 10
338.5
 20
275.0
 10
339.0
 20
275.0
 10
339.5
 20
275.0
 10
340.0
 20
275.0
 10
340.5
 20
275.0
 10
341.0
 20
274.5
 10
341.0
 20
274.0
 10
341.5
 20
274.0
 10
342.0
 20
274.0
 10
342.5
 20
274.0
 10
343.0
 20
274.0
 10
343.5
 20
274.0
 10
344.0
 20
274.0
 10
344.5
 20
274.0
 10
345.0
 20
273.5
 10
345.0
 20
273.0
 10
345.0
 20
272.5
 10
345.0
 20
272.0
 10
345.0
 20
271.5
 10
345.0
 20
271.0
 10
345.0
 20
270.5
 10
345.0
 20
270.0
 10
345.0
 20
269.5
 10
345.0
 20
269.0
 10
345.0
 20
268.5
 10
345.0
 20
268.0
 10
344.5
 20
267.5
 10
344.0
 20
267.0
 10
343.5
 20
267.0
 10
343.0
 20
266.5
 10
343.0
 20
266.0
 10
342.5
 20
265.5
 10
342.5
 20
265.0
 10
342.5
 20
264.5
 10
342.5
 20
264.0
 10
342.5
 20
263.5
 10
343.0
 20
263.0
 10
343.0
 20
262.5
 10
343.0
 20
262.0
 10
343.0
 20
261.5
 10
343.0
 20
261.0
 10
343.0
 20
260.5
 10
343.0
 20
260.0
 10
343.0
 20
259.5
 10
343.5
 20
259.0
 10
343.5
 20
258.5
 10
343.5
 20
258.0
 10
343.5
 20
257.5
 10
344.0
 20
257.0
 10
344.5
 20
256.5
 10
344.5
 20
256.0
 10
344.5
 20
255.5
 10
344.5
 20
255.0
 10
344.5
 20
254.5
 10
344.5
 20
254.0
 10
344.0
 20
253.5
 10
343.5
 20
253.0
 10
343.5
 20
252.5
 10
343.0
 20
252.0
 10
342.5
 20
251.5
 10
342.5
 20
251.0
 10
342.0
 20
250.5
 10
341.5
 20
250.0
 10
341.5
 20
249.5
 10
341.5
 20
249.0
 10
341.0
 20
248.5
 10
340.5
 20
248.0
 10
340.0
 20
247.5
 10
339.5
 20
247.5
 10
339.5
 20
247.0
 10
339.5
 20
246.5
 10
339.5
 20
246.0
 10
339.5
 20
245.5
 10
339.5
 20
245.0
 10
339.5
 20
244.5
 10
339.5
 20
244.0
 10
339.5
 20
243.5
 10
340.0
 20
243.5
 10
340.5
 20
243.0
 10
341.0
 20
242.5
 10
341.0
 20
242.0
 10
341.5
 20
241.5
 10
341.5
 20
241.0
 10
341.5
 20
240.5
 10
341.5
 20
240.0
 10
342.0
 20
239.5
 10
342.0
 20
239.0
 10
342.5
 20
239.0
 10
343.0
 20
239.0
 10
343.5
 20
238.5
 10
343.5
 20
238.0
 10
343.5
 20
237.5
 10
344.0
 20
237.0
 10
344.5
 20
236.5
 10
344.5
 20
236.0
 10
344.5
 20
235.5
 10
344.5
 20
235.0
 10
344.5
 20
234.5
 10
344.5
 20
234.0
 10
344.5
 20
233.5
 10
344.5
 20
233.0
 10
344.5
 20
232.5
 10
344.5
 20
232.0
 10
344.5
 20
231.5
 10
344.5
 20
231.0
 10
344.0
 20
230.5
 10
344.0
 20
230.0
 10
344.0
 20
229.5
 10
343.5
 20
229.0
 10
343.5
 20
228.5
 10
343.5
 20
228.0
 10
343.5
 20
227.5
 10
343.5
 20
227.0
 10
343.5
 20
226.5
 10
344.0
 20
226.0
 10
344.0
 20
225.5
 10
344.0
 20
225.0
 10
344.0
 20
224.5
 10
344.0
 20
224.0
 10
344.5
 20
223.5
 10
344.5
 20
223.0
 10
344.5
 20
222.5
 10
345.0
 20
222.0
 10
345.0
 20
221.5
 10
345.0
 20
221.0
 10
345.5
 20
220.5
 10
345.5
 20
220.0
 10
345.5
 20
219.5
 10
345.5
 20
219.0
 10
345.5
 20
218.5
 10
345.5
 20
218.0
 10
345.5
 20
217.5
 10
345.5
 20
217.0
 10
345.5
 20
216.5
 10
345.5
 20
216.0
 10
345.0
 20
215.5
 10
345.0
 20
215.0
 10
344.5
 20
214.5
 10
344.0
 20
214.0
 10
344.0
 20
213.5
 10
344.0
 20
213.0
 10
344.0
 20
212.5
 10
344.0
 20
212.0
 10
344.0
 20
211.5
 10
344.0
 20
211.0
 10
344.0
 20
210.5
 10
344.5
 20
210.0
 10
345.0
 20
209.5
 10
345.5
 20
209.0
 10
346.0
 20
209.0
 10
346.5
 20
209.0
 10
347.0
 20
209.0
 10
347.5
 20
208.5
 10
348.0
 20
208.5
 10
348.5
 20
208.0
 10
348.5
 20
207.5
 10
349.0
 20
207.0
 10
349.0
 20
206.5
 10
349.5
 20
206.0
 10
349.5
 20
205.5
 10
350.0
 20
205.0
 10
350.5
 20
204.5
 10
350.5
 20
204.0
 10
350.5
 20
203.5
 10
351.0
 20
203.0
 10
351.0
 20
202.5
 10
351.5
 20
202.5
 10
352.0
 20
202.5
 10
352.5
 20
202.0
 10
353.0
 20
201.5
 10
353.0
 20
201.0
 10
353.0
 20
200.5
 10
353.5
 20
200.5
 10
354.0
 20
200.5
 10
354.5
 20
200.5
 10
355.0
 20
200.5
 10
355.5
 20
200.5
 10
355.5
 20
201.0
 10
355.5
 20
201.5
 10
356.0
 20
202.0
 10
356.5
 20
202.5
 10
357.0
 20
202.5
 10
357.5
 20
202.5
 10
357.5
 20
203.0
 10
357.5
 20
203.5
 10
357.5
 20
204.0
 10
357.5
 20
204.5
 10
357.0
 20
204.5
 10
356.5
 20
205.0
 10
356.5
 20
205.5
 10
356.0
 20
206.0
 10
355.5
 20
206.5
 10
355.5
 20
207.0
 10
355.0
 20
207.5
 10
355.0
 20
208.0
 10
355.0
 20
208.5
 10
355.0
 20
209.0
 10
355.0
 20
209.5
 10
355.0
 20
210.0
 10
355.0
 20
210.5
 10
355.0
 20
211.0
 10
355.0
 20
211.5
 10
354.5
 20
212.0
 10
354.5
 20
212.5
 10
354.5
 20
213.0
 10
354.5
 20
213.5
 10
354.5
 20
214.0
 10
354.0
 20
214.0
 10
353.5
 20
214.0
 10
353.0
 20
214.5
 10
353.0
 20
215.0
 10
352.5
 20
215.5
 10
352.5
 20
216.0
 10
352.0
 20
216.5
 10
352.0
 20
217.0
 10
352.0
 20
217.5
 10
352.0
 20
218.0
 10
351.5
 20
218.5
 10
351.5
 20
219.0
 10
351.5
 20
219.5
 10
351.5
 20
220.0
 10
351.5
 20
220.5
 10
351.5
 20
221.0
 10
351.5
 20
221.5
 10
351.5
 20
222.0
 10
351.5
 20
222.5
 10
352.0
 20
223.0
 10
352.0
 20
223.5
 10
352.0
 20
224.0
 10
352.0
 20
224.5
 10
352.5
 20
225.0
 10
352.5
 20
225.5
 10
353.0
 20
226.0
 10
353.0
 20
226.5
 10
353.5
 20
227.0
 10
353.5
 20
227.5
 10
354.0
 20
228.0
 10
354.0
 20
228.5
 10
354.0
 20
229.0
 10
354.5
 20
229.5
 10
355.0
 20
229.5
 10
355.5
 20
229.5
 10
356.0
 20
229.5
 10
356.0
 20
230.0
 10
356.0
 20
230.5
 10
356.0
 20
231.0
 10
356.0
 20
231.5
 10
356.0
 20
232.0
 10
356.0
 20
232.5
 10
356.0
 20
233.0
 10
356.0
 20
233.5
 10
356.0
 20
234.0
 10
356.0
 20
234.5
 10
356.0
 20
235.0
 10
356.0
 20
235.5
 10
356.0
 20
236.0
 10
356.0
 20
236.5
 10
356.0
 20
237.0
 10
356.0
 20
237.5
 10
356.0
 20
238.0
 10
356.0
 20
238.5
 10
356.0
 20
239.0
 10
356.0
 20
239.5
 10
356.0
 20
240.0
 10
356.0
 20
240.5
 10
356.0
 20
241.0
 10
356.0
 20
241.5
 10
356.0
 20
242.0
 10
356.0
 20
242.5
 10
355.5
 20
243.0
 10
355.5
 20
243.5
 10
355.5
 20
244.0
 10
355.5
 20
244.5
 10
355.5
 20
245.0
 10
355.5
 20
245.5
 10
355.5
 20
246.0
 10
355.5
 20
246.5
 10
355.5
 20
247.0
 10
355.5
 20
247.5
 10
355.5
 20
248.0
 10
356.0
 20
248.5
 10
356.0
 20
249.0
 10
356.0
 20
249.5
 10
356.0
 20
250.0
 10
356.0
 20
250.5
 10
356.0
 20
251.0
 10
356.0
 20
251.5
 10
356.0
 20
252.0
 10
356.0
 20
252.5
 10
356.0
 20
253.0
 10
356.0
 20
253.5
 10
356.0
 20
254.0
 10
356.0
 20
254.5
 10
356.0
 20
255.0
 10
356.0
 20
255.5
 10
356.0
 20
256.0
 10
356.0
 20
256.5
 10
356.0
 20
257.0
 10
356.0
 20
257.5
 10
356.0
 20
258.0
 10
356.0
 20
258.5
 10
356.0
 20
259.0
 10
356.0
 20
259.5
 10
356.0
 20
260.0
 10
356.0
 20
260.5
 10
356.0
 20
261.0
 10
356.0
 20
261.5
 10
356.0
 20
262.0
 10
356.0
 20
262.5
 10
356.0
 20
263.0
 10
356.0
 20
263.5
 10
356.0
 20
264.0
 10
356.5
 20
264.5
 10
356.5
 20
265.0
 10
356.5
 20
265.5
 10
356.5
 20
266.0
 10
356.5
 20
266.5
 10
356.5
 20
267.0
 10
356.5
 20
267.5
 10
356.5
 20
268.0
 10
356.5
 20
268.5
 10
356.5
 20
269.0
 10
356.0
 20
269.5
 10
355.5
 20
270.0
 10
355.5
 20
270.5
 10
355.5
 20
271.0
 10
355.5
 20
271.5
 10
355.0
 20
272.0
 10
355.0
 20
272.5
 10
355.0
 20
273.0
 10
355.0
 20
273.5
 10
355.0
 20
274.0
 10
355.0
 20
274.5
 10
355.0
 20
275.0
 10
355.0
 20
275.5
 10
355.0
 20
276.0
 10
355.0
 20
276.5
 10
354.5
 20
276.5
 10
354.0
 20
276.5
 10
353.5
 20
276.5
 10
353.0
 20
276.5
 10
352.5
 20
276.5
 10
352.5
 20
276.0
 10
352.0
 20
275.5
 10
351.5
 20
275.5
 10
351.0
 20
275.5
 10
350.5
 20
275.5
 10
350.0
 20
275.5
 10
349.5
 20
275.5
 10
349.0
 20
275.5
 10
348.5
 20
275.5
 10
348.0
 20
275.5
 10
347.5
 20
276.0
 10
347.5
 20
276.5
 10
347.0
 20
277.0
 10
347.0
 20
277.5
 10
347.0
 20
278.0
 10
347.0
 20
278.5
 10
347.0
 20
279.0
 10
347.0
 20
279.5
 10
347.0
 20
280.0
 10
347.5
 20
280.5
 10
348.0
 20
281.0
 10
348.5
 20
281.0
 10
349.0
 20
281.0
 10
349.5
 20
281.0
 10
350.0
 20
281.0
 10
350.5
 20
281.0
 10
351.0
 20
281.0
 10
351.5
 20
281.0
 10
352.0
 20
281.0
 10
352.5
 20
280.5
 10
352.5
 20
280.0
 10
353.0
 20
280.0
 10
353.5
 20
280.0
 10
354.0
 20
280.0
 10
354.5
 20
280.0
 10
355.0
 20
280.0
 10
355.0
 20
280.5
 10
355.0
 20
281.0
 10
355.0
 20
281.5
 10
355.0
 20
282.0
 10
355.0
 20
282.5
 10
354.5
 20
282.5
 10
354.0
 20
282.5
 10
353.5
 20
282.5
 10
353.0
 20
282.5
 10
352.5
 20
283.0
 10
352.5
 20
283.5
 10
352.0
 20
284.0
 10
352.0
 20
284.5
 10
352.0
 20
285.0
 10
352.0
 20
285.5
 10
352.0
 20
286.0
 10
351.5
 20
286.5
 10
351.0
 20
287.0
 10
351.0
 20
287.5
 10
350.5
 20
288.0
 10
350.5
 20
288.5
 10
350.5
 20
289.0
 10
350.5
 20
289.5
 10
350.5
 20
290.0
 10
350.5
 20
290.5
 10
350.5
 20
291.0
 10
351.0
 20
291.5
 10
351.0
 20
292.0
 10
351.5
 20
292.5
 10
351.5
 20
293.0
 10
351.5
 20
293.5
 10
351.5
 20
294.0
 10
351.5
 20
294.5
 10
351.5
 20
295.0
 10
352.0
 20
295.5
 10
352.5
 20
296.0
 10
353.0
 20
296.0
 10
353.5
 20
296.0
 10
354.0
 20
296.0
 10
354.5
 20
296.0
 10
354.5
 20
296.5
 10
354.5
 20
297.0
 10
354.5
 20
297.5
 10
354.5
 20
298.0
 10
354.5
 20
298.5
 10
354.5
 20
299.0
 10
354.5
 20
299.5
 10
354.5
 20
300.0
 10
354.5
 20
300.5
 10
354.5
 20
301.0
 10
354.5
 20
301.5
 10
354.0
 20
302.0
 10
354.0
 20
302.5
 10
354.0
 20
303.0
 10
354.0
 20
303.5
 10
354.0
 20
304.0
 10
354.0
 20
304.5
 10
354.0
 20
305.0
 10
354.0
 20
305.5
 10
354.0
 20
306.0
 10
354.0
 20
306.5
 10
354.0
 20
307.0
 10
354.0
 20
307.5
 10
354.0
 20
308.0
 10
353.5
 20
308.0
 10
353.0
 20
308.0
 10
352.5
 20
308.0
 10
352.0
 20
308.5
 10
352.0
 20
309.0
 10
352.0
 20
309.5
 10
352.0
 20
310.0
 10
352.0
 20
310.5
 10
352.0
 20
311.0
 10
352.0
 20
311.5
 10
352.0
 20
312.0
 10
352.0
 20
312.5
 10
352.0
 20
313.0
 10
352.0
 20
313.5
 10
352.0
 20
314.0
 10
352.0
 20
314.5
 10
352.0
 20
315.0
 10
352.0
 20
315.5
 10
352.0
 20
316.0
 10
352.0
 20
316.5
 10
352.0
 20
317.0
 10
352.0
 20
317.5
 10
352.0
 20
318.0
 10
352.0
 20
318.5
 10
352.0
 20
319.0
 10
352.0
 20
319.5
 10
352.0
 20
320.0
 10
352.0
 20
320.5
 10
352.0
 20
321.0
 10
352.0
 20
321.5
 10
352.0
 20
322.0
 10
352.0
 20
322.5
 10
352.0
 20
323.0
 10
352.0
 20
323.5
 10
351.5
 20
324.0
 10
351.5
 20
324.5
 10
351.5
 20
325.0
 10
351.5
 20
325.5
 10
351.5
 20
326.0
 10
351.5
 20
326.5
 10
351.0
 20
327.0
 10
351.0
 20
327.5
 10
351.0
 20
328.0
 10
351.0
 20
328.5
 10
351.0
 20
329.0
 10
351.0
 20
329.5
 10
351.0
 20
330.0
 10
351.0
 20
330.5
 10
351.0
 20
331.0
 10
351.5
 20
331.5
 10
352.0
 20
332.0
 10
352.0
 20
332.5
 10
352.0
 20
333.0
 10
352.0
 20
333.5
 10
352.5
 20
334.0
 10
352.5
 20
334.5
 10
352.5
 20
335.0
 10
352.5
 20
335.5
 10
353.0
 20
336.0
 10
353.0
 20
336.5
 10
353.0
 20
337.0
 10
353.0
 20
337.5
 10
353.0
 20
338.0
 10
353.0
 20
338.5
 10
353.0
 20
339.0
 10
352.5
 20
339.5
 10
352.5
 20
340.0
 10
352.5
 20
340.5
 10
352.5
 20
341.0
 10
352.5
 20
341.5
 10
352.5
 20
342.0
 10
352.5
 20
342.5
 10
352.5
 20
343.0
 10
352.5
 20
343.5
 10
352.5
 20
344.0
 10
352.5
 20
344.5
 10
352.5
 20
345.0
 10
352.5
 20
345.5
 10
352.5
 20
346.0
 10
352.5
 20
346.5
 10
352.5
 20
347.0
 10
352.5
 20
347.5
 10
352.5
 20
348.0
 10
352.5
 20
348.5
 10
352.5
 20
349.0
 10
352.5
 20
349.5
 10
352.5
 20
350.0
 10
352.0
 20
350.5
 10
352.0
 20
351.0
 10
352.0
 20
351.5
 10
352.0
 20
352.0
 10
352.0
 20
352.5
 10
352.0
 20
353.0
 10
352.5
 20
353.5
 10
352.5
 20
354.0
 10
353.0
 20
354.5
 10
353.0
 20
355.0
 10
353.0
 20
355.5
 10
353.0
 20
356.0
 10
353.0
 20
356.5
 10
353.0
 20
357.0
 10
353.0
 20
357.5
 10
353.0
 20
358.0
 10
353.0
 20
358.5
 10
353.0
 20
359.0
 10
353.0
 20
359.5
 10
353.0
 20
360.0
 10
353.0
 20
360.5
 10
353.0
 20
361.0
 10
352.5
 20
361.5
 10
352.5
 20
362.0
 10
352.0
 20
362.0
 10
351.5
 20
362.5
 10
351.5
 20
363.0
 10
351.0
 20
363.0
 10
350.5
 20
363.0
 10
350.0
 20
363.0
 10
349.5
 20
363.5
 10
349.0
 20
364.0
 10
349.0
 20
364.5
 10
349.0
 20
365.0
 10
349.0
 20
365.5
 10
349.0
 20
366.0
 10
349.5
 20
366.5
 10
349.5
 20
367.0
 10
350.0
 20
367.5
 10
350.0
 20
368.0
 10
350.5
 20
368.5
 10
350.5
 20
369.0
 10
350.5
 20
369.5
 10
351.0
 20
370.0
 10
351.5
 20
370.0
 10
352.0
 20
370.0
 10
352.5
 20
370.0
 10
353.0
 20
370.5
 10
353.0
 20
371.0
 10
353.5
 20
371.5
 10
353.5
 20
372.0
 10
353.5
 20
372.5
 10
353.5
 20
373.0
 10
353.5
 20
373.5
 10
353.5
 20
374.0
 10
353.5
 20
374.5
 10
353.5
 20
375.0
 10
353.5
 20
375.5
 10
353.5
 20
376.0
 10
353.5
 20
376.5
 10
353.5
 20
377.0
 10
353.5
 20
377.5
 10
353.5
 20
378.0
 10
353.0
 20
378.5
 10
353.0
 20
379.0
 10
353.0
 20
379.5
 10
352.5
 20
379.5
 10
352.0
 20
379.5
 10
351.5
 20
379.5
 10
351.0
 20
380.0
 10
350.5
 20
380.5
 10
350.0
 20
381.0
 10
350.0
 20
381.5
 10
350.0
 20
382.0
 10
350.0
 20
382.5
 10
349.5
 20
383.0
 10
349.5
 20
383.5
 10
349.5
 20
384.0
 10
349.5
 20
384.5
 10
349.0
 20
385.0
 10
349.0
 20
385.5
 10
349.0
 20
386.0
 10
349.0
 20
386.5
 10
349.0
 20
387.0
 10
349.5
 20
387.5
 10
349.5
 20
388.0
 10
349.5
 20
388.5
 10
350.0
 20
389.0
 10
350.5
 20
389.5
 10
350.5
 20
390.0
 10
350.5
 20
390.5
 10
350.5
 20
391.0
 10
350.5
 20
391.5
 10
351.0
 20
392.0
 10
351.5
 20
392.5
 10
352.0
 20
392.5
 10
352.5
 20
392.5
 10
353.0
 20
392.5
 10
353.0
 20
393.0
 10
353.0
 20
393.5
 10
353.0
 20
394.0
 10
353.0
 20
394.5
 10
353.0
 20
395.0
 10
353.0
 20
395.5
 10
353.0
 20
396.0
 10
353.0
 20
396.5
 10
353.0
 20
397.0
 10
353.0
 20
397.5
 10
353.0
 20
398.0
 10
353.0
 20
398.5
 10
353.0
 20
399.0
 10
353.0
 20
399.5
 10
353.5
 20
400.0
 10
354.0
 20
400.5
 10
354.5
 20
401.0
 10
354.5
 20
401.5
 10
354.5
 20
402.0
 10
354.5
 20
402.5
 10
354.5
 20
403.0
 10
354.5
 20
403.5
 10
354.0
 20
403.5
 10
353.5
 20
403.5
 10
353.0
 20
404.0
 10
353.0
 20
404.5
 10
353.0
 20
405.0
 10
353.0
 20
405.5
 10
353.0
 20
406.0
 10
353.0
 20
406.5
 10
353.0
 20
407.0
 10
353.0
 20
407.5
 10
353.0
 20
408.0
 10
353.0
 20
408.5
 10
352.5
 20
408.5
 10
352.0
 20
408.5
 10
351.5
 20
408.5
 10
351.0
 20
408.5
 10
350.5
 20
409.0
 10
350.5
 20
409.5
 10
350.5
 20
410.0
 10
350.5
 20
410.5
 10
350.5
 20
411.0
 10
350.5
 20
411.5
 10
350.5
 20
412.0
 10
350.5
 20
412.5
 10
350.5
 20
413.0
 10
350.5
 20
413.5
 10
350.5
 20
414.0
 10
350.5
 20
414.5
 10
350.5
 20
415.0
 10
350.5
 20
415.5
 10
350.5
 20
416.0
 10
350.5
 20
416.5
 10
350.5
 20
417.0
 10
350.5
 20
417.5
 10
350.5
 20
418.0
 10
350.5
 20
418.5
 10
350.5
 20
419.0
 10
350.0
 20
419.5
 10
349.5
 20
419.5
 10
349.0
 20
420.0
 10
348.5
 20
420.0
 10
348.0
 20
420.5
 10
348.0
 20
421.0
 10
348.0
 20
421.5
 10
348.0
 20
422.0
 10
348.0
 20
422.5
 10
348.0
 20
423.0
 10
348.0
 20
423.5
 10
348.0
 20
424.0
 10
348.0
 20
424.5
 10
348.0
 20
425.0
 10
348.0
 20
425.5
 10
348.0
 20
426.0
 10
348.0
 20
426.5
 10
348.0
 20
427.0
 10
348.0
 20
427.5
 10
348.0
 20
428.0
 10
348.0
 20
428.5
 10
348.0
 20
429.0
 10
348.0
 20
429.5
 10
348.0
 20
430.0
 10
348.0
 20
430.5
 10
348.0
 20
431.0
 10
348.5
 20
431.5
 10
348.5
 20
432.0
 10
349.0
 20
432.5
 10
349.5
 20
433.0
 10
350.0
 20
433.0
 10
350.0
 20
433.5
 10
350.0
 20
434.0
 10
350.5
 20
434.5
 10
350.5
 20
435.0
 10
350.5
 20
435.5
 10
350.5
 20
436.0
 10
350.5
 20
436.5
 10
350.5
 20
437.0
 10
350.5
 20
437.5
 10
350.5
 20
438.0
 10
350.5
 20
438.5
 10
350.5
 20
439.0
 10
350.5
 20
439.5
 10
350.5
 20
440.0
 10
350.5
 20
440.5
 10
350.5
 20
441.0
 10
350.5
 20
441.5
 10
350.5
 20
442.0
 10
351.0
 20
442.5
 10
351.5
 20
443.0
 10
352.0
 20
443.5
 10
352.0
 20
444.0
 10
352.0
 20
444.5
 10
352.0
 20
445.0
 10
352.0
 20
445.5
 10
352.5
 20
446.0
 10
353.0
 20
446.5
 10
353.0
 20
447.0
 10
353.0
 20
447.5
 10
353.0
 20
448.0
 10
353.0
 20
448.5
 10
353.0
 20
449.0
 10
353.0
 20
449.5
 10
353.0
 20
450.0
 10
353.0
 20
450.5
 10
353.0
 20
451.0
 10
353.0
 20
451.5
 10
353.0
 20
452.0
 10
353.0
 20
452.5
 10
353.0
 20
453.0
 10
353.0
 20
453.5
 10
353.0
 20
454.0
 10
353.0
 20
454.5
 10
353.0
 20
455.0
 10
352.5
 20
455.0
 10
352.0
 20
455.0
 10
351.5
 20
455.5
 10
351.0
 20
456.0
 10
351.0
 20
456.5
 10
351.0
 20
457.0
 10
351.0
 20
457.5
 10
350.5
 20
458.0
 10
350.5
 20
458.5
 10
350.5
 20
459.0
 10
350.0
 20
459.5
 10
350.0
 20
460.0
 10
350.0
 20
460.5
 10
350.0
 20
461.0
 10
350.0
 20
461.5
 10
350.0
 20
462.0
 10
350.0
 20
462.5
 10
350.0
 20
463.0
 10
349.5
 20
463.5
 10
349.5
 20
464.0
 10
349.5
 20
464.5
 10
349.5
 20
465.0
 10
349.0
 20
465.5
 10
349.0
 20
466.0
 10
349.0
 20
466.5
 10
349.0
 20
467.0
 10
349.0
 20
467.5
 10
349.0
 20
468.0
 10
349.0
 20
468.5
 10
349.0
 20
469.0
 10
349.0
 20
469.5
 10
349.0
 20
470.0
 10
349.0
 20
470.5
 10
349.0
 20
471.0
 10
349.0
 20
471.5
 10
349.5
 20
472.0
 10
349.5
 20
472.5
 10
349.5
 20
473.0
 10
350.0
 20
473.5
 10
350.0
 20
474.0
 10
350.5
 20
474.5
 10
350.5
 20
475.0
 10
350.5
 20
475.5
 10
351.0
 20
476.0
 10
351.0
 20
476.5
 10
351.0
 20
477.0
 10
351.0
 20
477.5
 10
351.0
 20
478.0
 10
351.0
 20
478.5
 10
351.0
 20
479.0
 10
351.0
 20
479.5
 10
351.0
 20
480.0
 10
351.0
 20
480.5
 10
351.0
 20
481.0
 10
351.0
 20
481.5
 10
351.0
 20
482.0
 10
351.0
 20
482.5
 10
351.5
 20
483.0
 10
352.0
 20
483.0
 10
352.5
 20
483.0
 10
353.0
 20
483.0
 10
353.0
 20
483.5
 10
353.5
 20
484.0
 10
353.5
 20
484.5
 10
353.5
 20
485.0
 10
353.5
 20
485.5
 10
353.5
 20
486.0
 10
353.5
 20
486.5
 10
353.5
 20
487.0
 10
353.5
 20
487.5
 10
353.5
 20
488.0
 10
353.5
 20
488.5
 10
353.0
 20
489.0
 10
353.0
 20
489.5
 10
353.0
 20
490.0
 10
353.0
 20
490.5
 10
353.0
 20
491.0
 10
353.0
 20
491.5
 10
353.0
 20
492.0
 10
353.0
 20
492.5
 10
353.0
 20
493.0
 10
353.0
 20
493.5
 10
353.0
 20
494.0
 10
353.0
 20
494.5
 10
353.0
 20
495.0
 10
353.0
 20
495.5
 10
353.0
 20
496.0
 10
352.5
 20
496.5
 10
352.5
 20
497.0
 10
352.5
 20
497.5
 10
352.0
 20
497.5
 10
351.5
 20
497.5
 10
351.0
 20
497.5
 10
350.5
 20
497.5
 10
350.0
 20
498.0
 10
350.0
 20
498.5
 10
350.0
 20
499.0
 10
350.0
 20
499.5
 10
350.0
 20
500.0
 10
350.0
 20
500.5
 10
350.0
 20
501.0
 10
350.0
 20
501.5
 10
350.0
 20
502.0
 10
350.0
 20
502.5
 10
350.0
 20
503.0
 10
350.0
 20
503.5
 10
350.0
 20
504.0
 10
350.0
 20
504.5
 10
350.5
 20
505.0
 10
351.0
 20
505.0
 10
351.5
 20
505.0
 10
352.0
 20
505.0
 10
352.5
 20
505.0
 10
352.5
 20
505.5
 10
352.5
 20
506.0
 10
352.5
 20
506.5
 10
352.5
 20
507.0
 10
352.5
 20
507.5
 10
352.5
 20
508.0
 10
352.5
 20
508.5
 10
352.5
 20
509.0
 10
352.5
 20
509.5
 10
352.5
 20
510.0
 10
352.5
 20
510.5
 10
352.5
 20
511.0
 10
352.5
 20
511.5
 10
352.5
 20
512.0
 10
352.5
 20
512.5
 10
352.5
 20
513.0
 10
352.5
 20
513.5
 10
352.5
 20
514.0
 10
352.5
 20
514.5
 10
352.5
 20
515.0
 10
352.5
 20
515.5
 10
352.5
 20
516.0
 10
352.5
 20
516.5
 10
352.5
 20
517.0
 10
352.5
 20
517.5
 10
352.5
 20
518.0
 10
352.5
 20
518.5
 10
352.5
 20
519.0
 10
352.5
 20
519.5
 10
352.5
 20
520.0
 10
352.5
 20
520.5
 10
352.5
 20
521.0
 10
352.5
 20
521.5
 10
352.5
 20
522.0
 10
352.5
 20
522.5
 10
352.5
 20
523.0
 10
352.5
 20
523.5
 10
352.5
 20
524.0
 10
352.5
 20
524.5
 10
352.5
 20
525.0
 10
352.5
 20
525.5
 10
352.5
 20
526.0
 10
352.5
 20
526.5
 10
352.5
 20
527.0
 10
352.5
 20
527.5
 10
352.5
 20
528.0
 10
352.5
 20
528.5
 10
352.5
 20
529.0
 10
352.5
 20
529.5
 10
352.5
 20
530.0
 10
352.5
 20
530.5
 10
352.5
 20
531.0
 10
352.5
 20
531.5
 10
352.5
 20
532.0
 10
352.5
 20
532.5
 10
352.5
 20
533.0
 10
352.5
 20
533.5
 10
352.5
 20
534.0
 10
352.5
 20
534.5
 10
352.5
 20
535.0
 10
352.5
 20
535.5
 10
352.5
 20
536.0
 10
352.5
 20
536.5
 10
352.5
 20
537.0
 10
352.0
 20
537.0
 10
351.5
 20
537.5
 10
351.5
 20
538.0
 10
351.5
 20
538.5
 10
351.5
 20
539.0
 10
351.5
 20
539.5
 10
352.0
 20
540.0
 10
352.0
 20
540.5
 10
352.0
 20
541.0
 10
352.5
 20
541.5
 10
352.5
 20
542.0
 10
352.5
 20
542.5
 10
352.5
 20
543.0
 10
352.5
 20
543.5
 10
352.5
 20
544.0
 10
352.5
 20
544.5
 10
352.5
 20
545.0
 10
352.5
 20
545.5
 10
352.5
 20
546.0
 10
352.5
 20
546.5
 10
352.5
 20
547.0
 10
352.5
 20
547.5
 10
352.5
 20
548.0
 10
352.5
 20
548.5
 10
352.5
 20
549.0
 10
352.0
 20
549.5
 10
352.0
 20
550.0
 10
352.0
 20
550.5
 10
351.5
 20
551.0
 10
351.5
 20
551.5
 10
351.5
 20
552.0
 10
351.5
 20
552.5
 10
351.5
 20
553.0
 10
351.5
 20
553.5
 10
351.5
 20
554.0
 10
351.5
 20
554.5
 10
351.5
 20
555.0
 10
351.5
 20
555.5
 10
351.5
 20
556.0
 10
351.5
 20
556.5
 10
351.5
 20
557.0
 10
351.5
 20
557.5
 10
351.5
 20
558.0
 10
351.5
 20
558.5
 10
351.5
 20
559.0
 10
351.5
 20
559.5
 10
351.5
 20
560.0
 10
351.5
 20
560.5
 10
351.5
 20
561.0
 10
351.5
 20
561.5
 10
351.5
 20
562.0
 10
351.5
 20
562.5
 10
351.5
 20
563.0
 10
351.5
 20
563.5
 10
351.5
 20
564.0
 10
351.5
 20
564.5
 10
351.5
 20
565.0
 10
351.0
 20
565.0
 10
350.5
 20
565.0
 10
350.0
 20
565.0
 10
349.5
 20
565.0
 10
349.0
 20
565.0
 10
348.5
 20
565.5
 10
348.5
 20
566.0
 10
348.5
 20
566.5
 10
348.5
 20
567.0
 10
348.5
 20
567.5
 10
348.5
 20
568.0
 10
348.5
 20
568.5
 10
348.5
 20
569.0
 10
348.5
 20
569.5
 10
348.5
 20
570.0
 10
348.5
 20
570.5
 10
349.0
 20
571.0
 10
349.0
 20
571.5
 10
349.0
 20
572.0
 10
349.0
 20
572.5
 10
349.0
 20
573.0
 10
349.0
 20
573.5
 10
349.0
 20
574.0
 10
349.0
 20
574.5
 10
349.0
 20
575.0
 10
349.0
 20
575.5
 10
349.0
 20
576.0
 10
349.5
 20
576.5
 10
350.0
 20
577.0
 10
350.0
 20
577.5
 10
350.0
 20
578.0
 10
350.0
 20
578.5
 10
350.0
 20
579.0
 10
350.5
 20
579.5
 10
351.0
 20
579.5
 10
351.5
 20
580.0
 10
352.0
 20
580.5
 10
352.0
 20
581.0
 10
352.0
 20
581.5
 10
352.0
 20
582.0
 10
352.0
 20
582.5
 10
352.0
 20
583.0
 10
352.0
 20
583.5
 10
352.0
 20
584.0
 10
352.0
 20
584.5
 10
352.0
 20
585.0
 10
351.5
 20
585.5
 10
351.5
 20
586.0
 10
351.5
 20
586.5
 10
351.5
 20
587.0
 10
351.0
 20
587.0
 10
350.5
 20
587.5
 10
350.5
 20
588.0
 10
350.0
 20
588.5
 10
350.0
 20
589.0
 10
350.0
 20
589.5
 10
350.0
 20
590.0
 10
350.0
 20
590.5
 10
350.0
 20
591.0
 10
350.0
 20
591.5
 10
350.0
 20
592.0
 10
350.0
 20
592.5
 10
350.0
 20
593.0
 10
349.5
 20
593.5
 10
349.5
 20
594.0
 10
349.5
 20
594.5
 10
349.5
 20
595.0
 10
349.0
 20
595.5
 10
349.0
 20
596.0
 10
349.0
 20
596.5
 10
349.0
 20
597.0
 10
348.5
 20
597.5
 10
348.5
 20
598.0
 10
348.5
 20
598.5
 10
348.0
 20
599.0
 10
348.0
 20
599.5
 10
347.5
 20
600.0
 10
347.5
 20
600.5
 10
347.5
 20
601.0
 10
347.5
 20
601.5
 10
347.5
 20
602.0
 10
347.5
 20
602.5
 10
347.5
 20
603.0
 10
347.5
 20
603.5
 10
348.0
 20
604.0
 10
348.5
 20
604.0
 10
348.5
 20
604.5
 10
348.5
 20
605.0
 10
349.0
 20
605.5
 10
349.0
 20
606.0
 10
349.0
 20
606.5
 10
349.0
 20
607.0
 10
349.5
 20
607.5
 10
349.5
 20
608.0
 10
349.5
 20
608.5
 10
349.5
 20
609.0
 10
349.5
 20
609.5
 10
349.0
 20
609.5
 10
348.5
 20
609.5
 10
348.0
 20
610.0
 10
348.0
 20
610.5
 10
348.0
 20
611.0
 10
348.0
 20
611.5
 10
348.0
 20
612.0
 10
347.5
 20
612.0
 10
347.0
 20
612.5
 10
347.0
 20
613.0
 10
347.0
 20
613.5
 10
347.0
 20
614.0
 10
347.0
 20
614.5
 10
346.5
 20
615.0
 10
346.5
 20
615.5
 10
346.5
 20
616.0
 10
346.5
 20
616.5
 10
346.5
 20
617.0
 10
346.5
 20
617.5
 10
346.5
 20
618.0
 10
346.5
 20
618.5
 10
346.5
 20
619.0
 10
347.0
 20
619.5
 10
347.5
 20
620.0
 10
348.0
 20
620.0
 10
348.5
 20
620.5
 10
349.0
 20
621.0
 10
349.5
 20
621.0
 10
349.5
 20
621.5
 10
349.5
 20
622.0
 10
350.0
 20
622.5
 10
350.5
 20
623.0
 10
351.0
 20
623.0
 10
351.5
 20
623.0
 10
352.0
 20
623.0
 10
352.5
 20
623.0
 10
352.5
 20
623.5
 10
352.5
 20
624.0
 10
352.5
 20
624.5
 10
352.5
 20
625.0
 10
352.5
 20
625.5
 10
353.0
 20
626.0
 10
353.0
 20
626.5
 10
353.0
 20
627.0
 10
353.0
 20
627.5
 10
353.0
 20
628.0
 10
353.0
 20
628.5
 10
353.0
 20
629.0
 10
353.0
 20
629.5
 10
353.0
 20
630.0
 10
353.0
 20
630.5
 10
353.0
 20
631.0
 10
353.0
 20
631.5
 10
353.0
 20
632.0
 10
353.0
 20
632.5
 10
352.5
 20
633.0
 10
352.5
 20
633.5
 10
352.5
 20
634.0
 10
352.5
 20
634.5
 10
352.5
 20
635.0
 10
352.5
 20
635.5
 10
352.5
 20
636.0
 10
352.5
 20
636.5
 10
352.5
 20
637.0
 10
352.5
 20
637.5
 10
352.5
 20
638.0
 10
353.0
 20
638.5
 10
353.0
 20
639.0
 10
353.5
 20
639.5
 10
353.5
 20
640.0
 10
353.5
 20
640.5
 10
353.5
 20
641.0
 10
353.5
 20
641.5
 10
353.5
 20
642.0
 10
353.5
 20
642.5
 10
353.5
 20
643.0
 10
353.5
 20
643.5
 10
353.5
 20
644.0
 10
353.5
 20
644.5
 10
353.5
 20
645.0
 10
353.5
 20
645.5
 10
353.5
 20
646.0
 10
353.5
 20
646.5
 10
353.5
 20
647.0
 10
353.5
 20
647.5
 10
353.5
 20
648.0
 10
353.0
 20
648.0
 10
352.5
 20
648.0
 10
352.0
 20
648.0
 10
351.5
 20
648.0
 10
351.0
 20
648.0
 10
350.5
 20
648.0
 10
350.0
 20
648.0
 10
349.5
 20
648.0
 10
349.0
 20
648.0
 10
348.5
 20
648.0
 10
348.0
 20
648.0
 10
347.5
 20
648.0
 10
347.0
 20
648.0
 10
346.5
 20
648.5
 10
346.0
 20
649.0
 10
345.5
 20
649.5
 10
345.5
 20
650.0
 10
345.0
 20
650.5
 10
345.0
 20
651.0
 10
345.0
 20
651.5
 10
345.0
 20
652.0
 10
345.0
 20
652.5
 10
345.0
 20
653.0
 10
345.0
 20
653.5
 10
345.5
 20
654.0
 10
345.5
 20
654.5
 10
345.5
 20
655.0
 10
346.0
 20
655.5
 10
346.0
 20
656.0
 10
346.5
 20
656.5
 10
347.0
 20
656.5
 10
347.5
 20
656.5
 10
348.0
 20
656.5
 10
348.5
 20
656.5
 10
349.0
 20
656.5
 10
349.5
 20
656.5
 10
350.0
 20
656.5
 10
350.5
 20
656.5
 10
351.0
 20
656.5
 10
351.5
 20
656.5
 10
352.0
 20
656.5
 10
352.5
 20
656.5
 10
353.0
 20
656.5
 10
353.5
 20
656.5
 10
353.5
 20
657.0
 10
353.5
 20
657.5
 10
353.5
 20
658.0
 10
353.5
 20
658.5
 10
353.5
 20
659.0
 10
353.5
 20
659.5
 10
353.5
 20
660.0
 10
353.5
 20
660.5
 10
353.5
 20
661.0
 10
353.5
 20
661.5
 10
353.5
 20
662.0
 10
353.5
 20
662.5
 10
353.5
 20
663.0
 10
353.5
 20
663.5
 10
353.5
 20
664.0
 10
353.5
 20
664.5
 10
353.5
 20
665.0
 10
353.5
 20
665.5
 10
353.5
 20
666.0
 10
353.5
 20
666.5
 10
353.5
 20
667.0
 10
353.5
 20
667.5
 10
353.5
 20
668.0
 10
353.5
 20
668.5
 10
353.5
 20
669.0
 10
353.5
 20
669.5
 10
353.5
 20
670.0
 10
353.0
 20
670.0
 10
352.5
 20
670.5
 10
352.5
 20
671.0
 10
352.5
 20
671.5
 10
352.0
 20
672.0
 10
352.0
 20
672.5
 10
352.0
 20
673.0
 10
352.0
 20
673.5
 10
352.0
 20
674.0
 10
352.0
 20
674.5
 10
352.0
 20
675.0
 10
352.0
 20
675.5
 10
352.0
 20
676.0
 10
352.5
 20
676.5
 10
352.5
 20
677.0
 10
352.5
 20
677.5
 10
353.0
 20
678.0
 10
353.0
 20
678.5
 10
353.5
 20
679.0
 10
354.0
 20
679.5
 10
354.0
 20
680.0
 10
354.0
 20
680.5
 10
354.0
 20
681.0
 10
354.0
 20
681.5
 10
353.5
 20
682.0
 10
353.5
 20
682.5
 10
353.5
 20
683.0
 10
353.5
 20
683.5
 10
353.5
 20
684.0
 10
353.5
 20
684.5
 10
353.5
 20
685.0
 10
353.5
 20
685.5
 10
353.5
 20
686.0
 10
353.5
 20
686.5
 10
353.5
 20
687.0
 10
353.5
 20
687.5
 10
353.0
 20
688.0
 10
352.5
 20
688.0
 10
352.0
 20
688.5
 10
352.0
 20
689.0
 10
351.5
 20
689.5
 10
351.0
 20
690.0
 10
350.5
 20
690.5
 10
350.5
 20
691.0
 10
350.5
 20
691.5
 10
350.5
 20
692.0
 10
350.5
 20
692.5
 10
350.5
 20
693.0
 10
350.5
 20
693.5
 10
350.5
 20
694.0
 10
351.0
 20
694.5
 10
351.0
 20
695.0
 10
351.5
 20
695.5
 10
352.0
 20
695.5
 10
352.5
 20
695.5
 10
353.0
 20
696.0
 10
353.0
 20
696.5
 10
353.0
 20
697.0
 10
353.0
 20
697.5
 10
353.0
 20
698.0
 10
353.0
 20
698.5
 10
353.0
 20
699.0
 10
353.0
 20
699.5
 10
353.0
 20
700.0
 10
353.0
 20
700.5
 10
353.0
 20
701.0
 10
352.5
 20
701.0
 10
352.0
 20
701.0
 10
351.5
 20
701.0
 10
351.0
 20
701.0
 10
350.5
 20
701.5
 10
350.5
 20
702.0
 10
350.0
 20
702.5
 10
349.5
 20
702.5
 10
349.0
 20
702.5
 10
348.5
 20
703.0
 10
348.5
 20
703.5
 10
348.0
 20
704.0
 10
348.0
 20
704.5
 10
347.5
 20
704.5
 10
347.0
 20
704.5
 10
346.5
 20
705.0
 10
346.0
 20
705.5
 10
345.5
 20
706.0
 10
345.0
 20
706.5
 10
345.0
 20
707.0
 10
345.0
 20
707.5
 10
345.0
 20
708.0
 10
345.0
 20
708.5
 10
345.5
 20
709.0
 10
345.5
 20
709.5
 10
345.5
 20
710.0
 10
345.5
 20
710.5
 10
345.5
 20
711.0
 10
345.5
 20
711.5
 10
345.5
 20
712.0
 10
345.0
 20
712.5
 10
345.0
 20
713.0
 10
345.0
 20
713.5
 10
344.5
 20
714.0
 10
344.5
 20
714.5
 10
344.5
 20
715.0
 10
344.0
 20
715.5
 10
343.5
 20
716.0
 10
343.5
 20
716.5
 10
343.0
 20
717.0
 10
343.0
 20
717.5
 10
342.5
 20
718.0
 10
342.0
 20
718.0
 10
341.5
 20
718.5
 10
341.0
 20
719.0
 10
340.5
 20
719.0
 10
340.0
 20
719.0
 10
339.5
 20
719.0
 10
339.0
 20
719.0
  0
LWPOLYLINE
  5
DD
330
17
100
AcDbEntity
  8
CURB
370
25
100
AcDbPolyline
 90
622
 70
0
 10
356.0
 20
729.5
 10
356.0
 20
729.0
 10
356.0
 20
728.5
 10
356.0
 20
728.0
 10
356.0
 20
727.5
 10
356.0
 20
727.0
 10
356.0
 20
726.5
 10
356.0
 20
726.0
 10
356.0
 20
725.5
 10
356.0
 20
725.0
 10
356.0
 20
724.5
 10
356.0
 20
724.0
 10
356.0
 20
723.5
 10
356.0
 20
723.0
 10
356.0
 20
722.5
 10
356.0
 20
722.0
 10
356.0
 20
721.5
 10
356.0
 20
721.0
 10
356.0
 20
720.5
 10
356.0
 20
720.0
 10
356.0
 20
719.5
 10
356.0
 20
719.0
 10
356.0
 20
718.5
 10
356.0
 20
718.0
 10
356.0
 20
717.5
 10
356.0
 20
717.0
 10
356.0
 20
716.5
 10
356.0
 20
716.0
 10
356.0
 20
715.5
 10
356.0
 20
715.0
 10
356.0
 20
714.5
 10
356.0
 20
714.0
 10
356.0
 20
713.5
 10
356.0
 20
713.0
 10
356.0
 20
712.5
 10
356.5
 20
712.5
 10
357.0
 20
712.5
 10
357.5
 20
712.5
 10
358.0
 20
712.5
 10
358.5
 20
712.5
 10
359.0
 20
712.5
 10
359.5
 20
712.5
 10
360.0
 20
713.0
 10
360.5
 20
713.5
 10
361.0
 20
713.5
 10
361.5
 20
714.0
 10
362.0
 20
714.5
 10
362.5
 20
714.5
 10
363.0
 20
714.5
 10
363.5
 20
715.0
 10
364.0
 20
715.0
 10
364.5
 20
715.0
 10
365.0
 20
715.0
 10
365.5
 20
715.0
 10
366.0
 20
715.0
 10
366.5
 20
715.0
 10
367.0
 20
715.0
 10
367.5
 20
715.0
 10
368.0
 20
715.0
 10
368.5
 20
715.0
 10
369.0
 20
715.0
 10
369.5
 20
715.0
 10
370.0
 20
715.0
 10
370.5
 20
715.0
 10
371.0
 20
715.0
 10
371.5
 20
715.0
 10
372.0
 20
715.0
 10
372.5
 20
715.5
 10
373.0
 20
715.5
 10
373.5
 20
715.5
 10
374.0
 20
716.0
 10
374.5
 20
716.0
 10
375.0
 20
716.0
 10
375.5
 20
716.0
 10
376.0
 20
716.0
 10
376.5
 20
716.0
 10
377.0
 20
716.0
 10
377.5
 20
716.0
 10
378.0
 20
716.0
 10
378.5
 20
716.0
 10
379.0
 20
716.0
 10
379.5
 20
716.0
 10
380.0
 20
716.0
 10
380.5
 20
716.5
 10
381.0
 20
716.5
 10
381.5
 20
717.0
 10
382.0
 20
717.0
 10
382.5
 20
717.0
 10
383.0
 20
717.5
 10
383.5
 20
717.5
 10
384.0
 20
717.5
 10
384.5
 20
717.5
 10
385.0
 20
717.5
 10
385.5
 20
718.0
 10
386.0
 20
718.0
 10
386.5
 20
718.0
 10
387.0
 20
718.0
 10
387.5
 20
718.0
 10
388.0
 20
718.0
 10
388.5
 20
718.0
 10
389.0
 20
718.0
 10
389.5
 20
718.0
 10
390.0
 20
718.0
 10
390.5
 20
718.0
 10
391.0
 20
718.0
 10
391.5
 20
718.0
 10
392.0
 20
718.0
 10
392.5
 20
718.0
 10
393.0
 20
717.5
 10
393.5
 20
717.5
 10
394.0
 20
717.5
 10
394.5
 20
717.5
 10
395.0
 20
717.5
 10
395.5
 20
717.5
 10
396.0
 20
717.5
 10
396.5
 20
717.5
 10
397.0
 20
717.5
 10
397.5
 20
717.5
 10
398.0
 20
717.5
 10
398.5
 20
717.5
 10
399.0
 20
717.5
 10
399.5
 20
717.0
 10
400.0
 20
717.0
 10
400.5
 20
717.0
 10
401.0
 20
717.0
 10
401.5
 20
717.0
 10
402.0
 20
717.0
 10
402.5
 20
716.5
 10
403.0
 20
716.5
 10
403.5
 20
716.5
 10
404.0
 20
716.5
 10
404.5
 20
716.0
 10
405.0
 20
715.5
 10
405.5
 20
715.0
 10
406.0
 20
714.5
 10
406.5
 20
714.5
 10
407.0
 20
714.5
 10
407.5
 20
714.5
 10
408.0
 20
714.5
 10
408.5
 20
714.0
 10
409.0
 20
714.0
 10
409.5
 20
714.0
 10
410.0
 20
714.0
 10
410.5
 20
714.0
 10
411.0
 20
714.0
 10
411.5
 20
714.0
 10
412.0
 20
714.0
 10
412.5
 20
714.0
 10
413.0
 20
714.0
 10
413.5
 20
714.0
 10
414.0
 20
714.0
 10
414.5
 20
714.0
 10
415.0
 20
714.0
 10
415.5
 20
714.0
 10
416.0
 20
714.0
 10
416.5
 20
714.0
 10
417.0
 20
714.0
 10
417.5
 20
714.0
 10
418.0
 20
714.0
 10
418.5
 20
714.0
 10
419.0
 20
714.0
 10
419.5
 20
713.5
 10
419.5
 20
713.0
 10
419.5
 20
712.5
 10
419.5
 20
712.0
 10
419.5
 20
711.5
 10
420.0
 20
711.5
 10
420.5
 20
711.5
 10
421.0
 20
711.5
 10
421.5
 20
711.5
 10
422.0
 20
711.5
 10
422.5
 20
711.5
 10
423.0
 20
711.0
 10
423.5
 20
710.5
 10
424.0
 20
710.5
 10
424.5
 20
710.5
 10
425.0
 20
710.5
 10
425.5
 20
710.5
 10
426.0
 20
710.5
 10
426.5
 20
711.0
 10
427.0
 20
711.0
 10
427.0
 20
711.5
 10
427.5
 20
712.0
 10
428.0
 20
712.0
 10
428.5
 20
712.0
 10
428.5
 20
712.5
 10
428.5
 20
713.0
 10
428.5
 20
713.5
 10
428.5
 20
714.0
 10
429.0
 20
714.5
 10
429.0
 20
715.0
 10
429.0
 20
715.5
 10
429.0
 20
716.0
 10
429.0
 20
716.5
 10
429.5
 20
717.0
 10
430.0
 20
717.5
 10
430.0
 20
718.0
 10
430.5
 20
718.5
 10
430.5
 20
719.0
 10
430.5
 20
719.5
 10
431.0
 20
720.0
 10
431.5
 20
720.0
 10
431.5
 20
720.5
 10
432.0
 20
721.0
 10
432.5
 20
721.0
 10
433.0
 20
721.0
 10
433.5
 20
721.0
 10
434.0
 20
721.0
 10
434.5
 20
721.0
 10
435.0
 20
721.0
 10
435.5
 20
721.0
 10
436.0
 20
720.5
 10
436.0
 20
720.0
 10
436.5
 20
719.5
 10
436.5
 20
719.0
 10
436.5
 20
718.5
 10
437.0
 20
718.5
 10
437.5
 20
718.0
 10
438.0
 20
718.0
 10
438.5
 20
717.5
 10
439.0
 20
717.5
 10
439.5
 20
717.0
 10
440.0
 20
716.5
 10
440.5
 20
716.0
 10
441.0
 20
716.0
 10
441.5
 20
716.0
 10
442.0
 20
716.0
 10
442.5
 20
716.0
 10
443.0
 20
716.0
 10
443.5
 20
716.0
 10
444.0
 20
716.0
 10
444.5
 20
716.0
 10
445.0
 20
716.0
 10
445.5
 20
716.0
 10
446.0
 20
716.0
 10
446.5
 20
716.0
 10
447.0
 20
716.0
 10
447.5
 20
716.0
 10
448.0
 20
716.0
 10
448.5
 20
716.0
 10
449.0
 20
716.0
 10
449.5
 20
716.0
 10
450.0
 20
715.5
 10
450.5
 20
715.5
 10
451.0
 20
715.0
 10
451.5
 20
715.0
 10
452.0
 20
715.0
 10
452.5
 20
714.5
 10
453.0
 20
714.5
 10
453.5
 20
714.5
 10
454.0
 20
714.5
 10
454.5
 20
714.0
 10
454.5
 20
713.5
 10
454.5
 20
713.0
 10
454.5
 20
712.5
 10
454.5
 20
712.0
 10
455.0
 20
711.5
 10
455.5
 20
711.5
 10
456.0
 20
711.5
 10
456.5
 20
711.0
 10
457.0
 20
711.0
 10
457.5
 20
711.0
 10
458.0
 20
711.0
 10
458.5
 20
711.0
 10
459.0
 20
711.0
 10
459.5
 20
711.0
 10
460.0
 20
711.0
 10
460.5
 20
711.0
 10
461.0
 20
711.0
 10
461.5
 20
711.0
 10
462.0
 20
711.0
 10
462.5
 20
711.0
 10
463.0
 20
711.0
 10
463.5
 20
711.0
 10
464.0
 20
711.0
 10
464.5
 20
711.0
 10
465.0
 20
711.0
 10
465.5
 20
711.0
 10
466.0
 20
711.0
 10
466.5
 20
711.0
 10
467.0
 20
711.0
 10
467.5
 20
711.0
 10
468.0
 20
711.0
 10
468.5
 20
711.0
 10
469.0
 20
711.0
 10
469.5
 20
711.0
 10
470.0
 20
711.0
 10
470.5
 20
711.0
 10
471.0
 20
711.0
 10
471.5
 20
711.5
 10
472.0
 20
711.5
 10
472.5
 20
711.5
 10
473.0
 20
711.5
 10
473.5
 20
712.0
 10
474.0
 20
712.0
 10
474.5
 20
712.0
 10
475.0
 20
712.0
 10
475.5
 20
712.0
 10
476.0
 20
712.0
 10
476.0
 20
712.5
 10
476.0
 20
713.0
 10
476.0
 20
713.5
 10
476.0
 20
714.0
 10
476.5
 20
714.5
 10
477.0
 20
714.5
 10
477.5
 20
714.5
 10
478.0
 20
714.5
 10
478.5
 20
714.5
 10
479.0
 20
715.0
 10
479.5
 20
715.0
 10
480.0
 20
715.0
 10
480.5
 20
715.0
 10
481.0
 20
715.5
 10
481.5
 20
715.5
 10
482.0
 20
716.0
 10
482.5
 20
716.0
 10
483.0
 20
716.0
 10
483.5
 20
716.0
 10
484.0
 20
716.0
 10
484.5
 20
716.0
 10
485.0
 20
716.5
 10
485.5
 20
716.5
 10
486.0
 20
716.5
 10
486.5
 20
716.5
 10
487.0
 20
716.5
 10
487.5
 20
716.5
 10
488.0
 20
716.5
 10
488.5
 20
716.5
 10
489.0
 20
716.5
 10
489.5
 20
716.5
 10
490.0
 20
716.5
 10
490.0
 20
717.0
 10
490.0
 20
717.5
 10
490.5
 20
718.0
 10
491.0
 20
718.0
 10
491.0
 20
718.5
 10
491.0
 20
719.0
 10
491.0
 20
719.5
 10
491.0
 20
720.0
 10
491.0
 20
720.5
 10
491.0
 20
721.0
 10
491.0
 20
721.5
 10
491.0
 20
722.0
 10
491.0
 20
722.5
 10
491.0
 20
723.0
 10
491.0
 20
723.5
 10
491.0
 20
724.0
 10
490.5
 20
724.0
 10
490.0
 20
724.5
 10
490.0
 20
725.0
 10
489.5
 20
725.5
 10
489.0
 20
725.5
 10
488.5
 20
725.5
 10
488.0
 20
725.5
 10
487.5
 20
726.0
 10
487.0
 20
726.0
 10
486.5
 20
726.0
 10
486.0
 20
726.5
 10
485.5
 20
726.5
 10
485.0
 20
726.5
 10
484.5
 20
726.5
 10
484.0
 20
726.5
 10
483.5
 20
726.5
 10
483.0
 20
726.5
 10
482.5
 20
726.5
 10
482.0
 20
726.5
 10
481.5
 20
726.5
 10
481.0
 20
726.0
 10
480.5
 20
725.5
 10
480.0
 20
725.0
 10
479.5
 20
725.0
 10
479.0
 20
725.0
 10
478.5
 20
725.0
 10
478.0
 20
725.0
 10
477.5
 20
725.0
 10
477.0
 20
724.5
 10
476.5
 20
724.5
 10
476.0
 20
724.5
 10
475.5
 20
724.5
 10
475.0
 20
724.5
 10
474.5
 20
724.5
 10
474.0
 20
724.0
 10
473.5
 20
724.0
 10
473.0
 20
724.0
 10
472.5
 20
724.0
 10
472.0
 20
724.0
 10
471.5
 20
724.0
 10
471.0
 20
724.0
 10
470.5
 20
724.5
 10
470.0
 20
724.5
 10
469.5
 20
724.5
 10
469.0
 20
724.5
 10
468.5
 20
724.5
 10
468.0
 20
724.5
 10
467.5
 20
724.5
 10
467.0
 20
724.5
 10
466.5
 20
725.0
 10
466.0
 20
725.0
 10
465.5
 20
725.0
 10
465.0
 20
725.0
 10
464.5
 20
725.0
 10
464.0
 20
725.0
 10
463.5
 20
725.0
 10
463.0
 20
725.0
 10
462.5
 20
725.0
 10
462.0
 20
724.5
 10
461.5
 20
724.5
 10
461.0
 20
724.5
 10
460.5
 20
724.5
 10
460.0
 20
724.5
 10
459.5
 20
724.5
 10
459.0
 20
724.5
 10
458.5
 20
724.5
 10
458.0
 20
724.0
 10
457.5
 20
724.0
 10
457.0
 20
724.0
 10
456.5
 20
724.0
 10
456.0
 20
724.0
 10
455.5
 20
724.0
 10
455.0
 20
724.0
 10
454.5
 20
724.0
 10
454.0
 20
724.0
 10
453.5
 20
724.0
 10
453.0
 20
724.0
 10
452.5
 20
724.0
 10
452.0
 20
724.0
 10
451.5
 20
724.5
 10
451.0
 20
724.5
 10
450.5
 20
725.0
 10
450.0
 20
725.5
 10
449.5
 20
725.5
 10
449.0
 20
725.5
 10
448.5
 20
725.5
 10
448.0
 20
726.0
 10
447.5
 20
726.0
 10
447.0
 20
726.0
 10
446.5
 20
726.5
 10
446.0
 20
727.0
 10
445.5
 20
727.5
 10
445.5
 20
728.0
 10
445.5
 20
728.5
 10
445.0
 20
729.0
 10
444.5
 20
729.0
 10
444.0
 20
729.0
 10
443.5
 20
729.0
 10
443.0
 20
729.0
 10
442.5
 20
729.0
 10
442.0
 20
729.0
 10
441.5
 20
729.0
 10
441.0
 20
728.5
 10
440.5
 20
728.5
 10
440.0
 20
728.5
 10
439.5
 20
728.5
 10
439.0
 20
728.5
 10
438.5
 20
728.5
 10
438.0
 20
728.5
 10
437.5
 20
728.5
 10
437.0
 20
728.5
 10
436.5
 20
728.5
 10
436.0
 20
728.5
 10
435.5
 20
728.5
 10
435.0
 20
728.5
 10
434.5
 20
728.5
 10
434.0
 20
728.5
 10
433.5
 20
728.5
 10
433.0
 20
728.5
 10
432.5
 20
728.5
 10
432.0
 20
728.5
 10
431.5
 20
728.5
 10
431.0
 20
728.5
 10
430.5
 20
729.0
 10
430.0
 20
729.0
 10
429.5
 20
729.5
 10
429.0
 20
729.5
 10
428.5
 20
729.5
 10
428.0
 20
729.5
 10
427.5
 20
729.5
 10
427.0
 20
729.5
 10
426.5
 20
729.5
 10
426.0
 20
729.5
 10
425.5
 20
729.5
 10
425.0
 20
729.5
 10
424.5
 20
729.0
 10
424.0
 20
729.0
 10
423.5
 20
729.0
 10
423.0
 20
729.0
 10
422.5
 20
729.0
 10
422.0
 20
729.0
 10
421.5
 20
729.0
 10
421.0
 20
729.0
 10
420.5
 20
729.0
 10
420.0
 20
729.0
 10
419.5
 20
729.0
 10
419.0
 20
729.0
 10
418.5
 20
729.0
 10
418.0
 20
729.0
 10
417.5
 20
729.0
 10
417.0
 20
729.0
 10
416.5
 20
729.0
 10
416.0
 20
729.0
 10
415.5
 20
729.0
 10
415.0
 20
729.0
 10
414.5
 20
729.0
 10
414.0
 20
729.0
 10
413.5
 20
729.0
 10
413.0
 20
729.0
 10
412.5
 20
729.0
 10
412.0
 20
729.0
 10
411.5
 20
729.0
 10
411.0
 20
729.0
 10
410.5
 20
729.0
 10
410.0
 20
729.0
 10
409.5
 20
729.0
 10
409.0
 20
729.0
 10
408.5
 20
729.0
 10
408.0
 20
729.0
 10
407.5
 20
729.0
 10
407.0
 20
728.5
 10
406.5
 20
728.5
 10
406.0
 20
728.0
 10
405.5
 20
727.5
 10
405.0
 20
727.5
 10
404.5
 20
727.5
 10
404.0
 20
727.0
 10
403.5
 20
726.5
 10
403.0
 20
726.5
 10
402.5
 20
726.5
 10
402.0
 20
726.5
 10
401.5
 20
726.5
 10
401.0
 20
726.0
 10
400.5
 20
726.0
 10
400.0
 20
726.0
 10
399.5
 20
726.0
 10
399.0
 20
726.0
 10
398.5
 20
726.0
 10
398.0
 20
726.0
 10
397.5
 20
726.0
 10
397.0
 20
726.0
 10
396.5
 20
726.0
 10
396.0
 20
726.0
 10
395.5
 20
726.0
 10
395.0
 20
726.0
 10
394.5
 20
726.0
 10
394.0
 20
726.0
 10
393.5
 20
725.5
 10
393.0
 20
725.5
 10
392.5
 20
725.5
 10
392.0
 20
725.5
 10
391.5
 20
725.5
 10
391.0
 20
725.5
 10
390.5
 20
725.5
 10
390.0
 20
726.0
 10
389.5
 20
726.0
 10
389.0
 20
726.0
 10
388.5
 20
726.0
 10
388.0
 20
726.0
 10
387.5
 20
726.0
 10
387.0
 20
726.0
 10
386.5
 20
726.0
 10
386.0
 20
726.0
 10
385.5
 20
726.0
 10
385.0
 20
726.0
 10
384.5
 20
726.0
 10
384.0
 20
726.5
 10
383.5
 20
726.5
 10
383.0
 20
726.5
 10
382.5
 20
726.5
 10
382.0
 20
726.5
 10
381.5
 20
726.5
 10
381.0
 20
726.5
 10
380.5
 20
726.5
 10
380.0
 20
726.5
 10
379.5
 20
726.5
 10
379.0
 20
726.0
 10
378.5
 20
726.0
 10
378.0
 20
726.0
 10
378.0
 20
725.5
 10
377.5
 20
725.0
 10
377.0
 20
725.0
 10
376.5
 20
724.5
 10
376.0
 20
724.5
 10
375.5
 20
724.0
 10
375.0
 20
724.0
 10
374.5
 20
724.0
 10
374.0
 20
724.0
 10
373.5
 20
724.0
 10
373.0
 20
724.0
 10
372.5
 20
724.0
 10
372.0
 20
724.0
 10
371.5
 20
724.0
 10
371.0
 20
724.0
 10
370.5
 20
724.0
 10
370.0
 20
724.5
 10
369.5
 20
724.5
 10
369.0
 20
725.0
 10
368.5
 20
725.5
 10
368.5
 20
726.0
 10
368.0
 20
726.5
 10
367.5
 20
726.5
 10
367.0
 20
726.5
 10
366.5
 20
726.5
 10
366.0
 20
727.0
 10
366.0
 20
727.5
 10
365.5
 20
728.0
 10
365.0
 20
728.0
 10
364.5
 20
728.5
 10
364.0
 20
728.5
 10
363.5
 20
728.5
 10
363.0
 20
729.0
 10
362.5
 20
729.0
 10
362.0
 20
729.0
 10
361.5
 20
729.0
 10
361.0
 20
729.0
 10
360.5
 20
729.0
 10
360.0
 20
729.0
 10
359.5
 20
729.5
 10
359.0
 20
729.5
 10
358.5
 20
729.5
 10
358.0
 20
729.5
 10
357.5
 20
729.5
 10
357.0
 20
729.5
 10
356.5
 20
729.5
  0
LWPOLYLINE
  5
DE
330
17
100
AcDbEntity
  8
CURB
370
25
100
AcDbPolyline
 90
116
 70
0
 10
230.0
 20
729.5
 10
230.0
 20
729.0
 10
229.5
 20
728.5
 10
229.0
 20
728.0
 10
228.5
 20
728.0
 10
228.0
 20
728.0
 10
227.5
 20
727.5
 10
227.0
 20
727.5
 10
226.5
 20
727.5
 10
226.5
 20
727.0
 10
226.5
 20
726.5
 10
226.5
 20
726.0
 10
226.5
 20
725.5
 10
226.5
 20
725.0
 10
226.5
 20
724.5
 10
226.5
 20
724.0
 10
227.0
 20
724.0
 10
227.5
 20
724.0
 10
228.0
 20
724.0
 10
228.5
 20
724.0
 10
229.0
 20
723.5
 10
229.5
 20
723.0
 10
229.5
 20
722.5
 10
230.0
 20
722.5
 10
230.5
 20
722.0
 10
231.0
 20
721.5
 10
231.0
 20
721.0
 10
231.5
 20
721.0
 10
232.0
 20
721.0
 10
232.5
 20
720.5
 10
233.0
 20
720.0
 10
233.5
 20
719.5
 10
233.5
 20
719.0
 10
233.5
 20
718.5
 10
234.0
 20
718.0
 10
234.0
 20
717.5
 10
234.0
 20
717.0
 10
234.5
 20
717.0
 10
235.0
 20
716.5
 10
235.5
 20
716.5
 10
236.0
 20
716.0
 10
236.5
 20
716.0
 10
237.0
 20
715.5
 10
237.0
 20
715.0
 10
237.5
 20
715.0
 10
238.0
 20
715.0
 10
238.5
 20
715.0
 10
239.0
 20
715.0
 10
239.5
 20
715.0
 10
240.0
 20
715.0
 10
240.5
 20
715.0
 10
241.0
 20
715.0
 10
241.5
 20
715.0
 10
242.0
 20
715.0
 10
242.5
 20
715.0
 10
243.0
 20
715.0
 10
243.5
 20
715.0
 10
244.0
 20
714.5
 10
244.5
 20
714.5
 10
245.0
 20
714.5
 10
245.5
 20
714.5
 10
246.0
 20
714.5
 10
246.5
 20
714.5
 10
247.0
 20
714.5
 10
247.5
 20
715.0
 10
248.0
 20
715.0
 10
248.5
 20
715.5
 10
248.5
 20
716.0
 10
248.5
 20
716.5
 10
248.5
 20
717.0
 10
248.5
 20
717.5
 10
248.5
 20
718.0
 10
248.0
 20
718.0
 10
247.5
 20
718.5
 10
247.0
 20
719.0
 10
246.5
 20
719.5
 10
246.0
 20
719.5
 10
245.5
 20
720.0
 10
245.5
 20
720.5
 10
245.5
 20
721.0
 10
245.5
 20
721.5
 10
245.5
 20
722.0
 10
245.0
 20
722.0
 10
244.5
 20
722.0
 10
244.0
 20
722.0
 10
243.5
 20
722.0
 10
243.0
 20
722.5
 10
242.5
 20
723.0
 10
242.0
 20
723.0
 10
241.5
 20
723.0
 10
241.0
 20
723.5
 10
240.5
 20
723.5
 10
240.0
 20
724.0
 10
240.0
 20
724.5
 10
239.5
 20
725.0
 10
239.0
 20
725.5
 10
238.5
 20
726.0
 10
238.0
 20
726.5
 10
237.5
 20
727.0
 10
237.5
 20
727.5
 10
237.5
 20
728.0
 10
237.0
 20
728.0
 10
236.5
 20
728.0
 10
236.0
 20
728.0
 10
235.5
 20
728.5
 10
235.5
 20
729.0
 10
235.0
 20
729.0
 10
234.5
 20
729.0
 10
234.0
 20
729.5
 10
233.5
 20
729.5
 10
233.0
 20
729.5
 10
232.5
 20
729.5
 10
232.0
 20
729.5
 10
231.5
 20
729.5
 10
231.0
 20
729.5
 10
230.5
 20
729.5
  0
LWPOLYLINE
  5
DF
330
17
100
AcDbEntity
  8
CURB
370
25
100
AcDbPolyline
 90
179
 70
0
 10
512.0
 20
730.0
 10
511.5
 20
729.5
 10
511.0
 20
729.5
 10
510.5
 20
729.5
 10
510.0
 20
729.0
 10
509.5
 20
729.0
 10
509.0
 20
729.0
 10
508.5
 20
729.0
 10
508.0
 20
729.0
 10
507.5
 20
728.5
 10
507.0
 20
728.5
 10
506.5
 20
728.5
 10
506.0
 20
728.5
 10
505.5
 20
728.5
 10
505.0
 20
728.5
 10
505.0
 20
728.0
 10
505.0
 20
727.5
 10
505.0
 20
727.0
 10
504.5
 20
726.5
 10
504.0
 20
726.5
 10
504.0
 20
726.0
 10
504.0
 20
725.5
 10
504.0
 20
725.0
 10
504.0
 20
724.5
 10
504.0
 20
724.0
 10
504.0
 20
723.5
 10
504.0
 20
723.0
 10
504.0
 20
722.5
 10
504.0
 20
722.0
 10
504.0
 20
721.5
 10
503.5
 20
721.0
 10
503.5
 20
720.5
 10
503.5
 20
720.0
 10
503.5
 20
719.5
 10
503.5
 20
719.0
 10
504.0
 20
718.5
 10
504.0
 20
718.0
 10
504.5
 20
717.5
 10
504.5
 20
717.0
 10
504.5
 20
716.5
 10
505.0
 20
716.5
 10
505.5
 20
716.5
 10
506.0
 20
716.0
 10
506.5
 20
716.0
 10
507.0
 20
716.0
 10
507.5
 20
716.0
 10
508.0
 20
715.5
 10
508.5
 20
715.5
 10
509.0
 20
715.5
 10
509.5
 20
715.5
 10
510.0
 20
715.5
 10
510.5
 20
715.5
 10
511.0
 20
715.5
 10
511.5
 20
715.5
 10
512.0
 20
715.5
 10
512.5
 20
715.5
 10
513.0
 20
715.5
 10
513.5
 20
715.5
 10
514.0
 20
716.0
 10
514.5
 20
716.0
 10
515.0
 20
716.0
 10
515.5
 20
716.0
 10
516.0
 20
716.0
 10
516.5
 20
716.0
 10
517.0
 20
716.0
 10
517.5
 20
716.0
 10
518.0
 20
715.5
 10
518.5
 20
715.0
 10
519.0
 20
715.0
 10
519.5
 20
714.5
 10
520.0
 20
714.5
 10
520.5
 20
714.5
 10
521.0
 20
714.5
 10
521.5
 20
714.5
 10
522.0
 20
714.5
 10
522.5
 20
714.5
 10
523.0
 20
714.5
 10
523.5
 20
714.5
 10
524.0
 20
714.5
 10
524.5
 20
714.5
 10
525.0
 20
714.5
 10
525.5
 20
714.0
 10
526.0
 20
714.0
 10
526.5
 20
714.0
 10
527.0
 20
714.0
 10
527.5
 20
714.0
 10
528.0
 20
714.0
 10
528.5
 20
714.0
 10
529.0
 20
713.5
 10
529.5
 20
713.0
 10
530.0
 20
713.0
 10
530.5
 20
713.0
 10
531.0
 20
713.0
 10
531.5
 20
713.0
 10
532.0
 20
713.0
 10
532.5
 20
713.0
 10
533.0
 20
713.0
 10
533.5
 20
713.0
 10
534.0
 20
713.5
 10
534.5
 20
713.5
 10
535.0
 20
713.5
 10
535.0
 20
714.0
 10
535.5
 20
714.5
 10
536.0
 20
714.5
 10
536.5
 20
715.0
 10
537.0
 20
715.0
 10
537.0
 20
715.5
 10
537.5
 20
716.0
 10
538.0
 20
716.5
 10
538.0
 20
717.0
 10
538.5
 20
717.5
 10
538.5
 20
718.0
 10
539.0
 20
718.5
 10
539.0
 20
719.0
 10
539.0
 20
719.5
 10
539.0
 20
720.0
 10
539.0
 20
720.5
 10
539.0
 20
721.0
 10
539.0
 20
721.5
 10
539.0
 20
722.0
 10
539.0
 20
722.5
 10
538.5
 20
723.0
 10
538.0
 20
723.5
 10
537.5
 20
724.0
 10
537.0
 20
724.0
 10
536.5
 20
724.5
 10
536.0
 20
724.5
 10
535.5
 20
724.5
 10
535.0
 20
724.5
 10
534.5
 20
724.5
 10
534.0
 20
724.5
 10
533.5
 20
724.5
 10
533.0
 20
724.5
 10
532.5
 20
724.5
 10
532.0
 20
724.5
 10
531.5
 20
724.5
 10
531.0
 20
725.0
 10
530.5
 20
725.0
 10
530.0
 20
725.0
 10
529.5
 20
725.0
 10
529.0
 20
725.0
 10
528.5
 20
725.0
 10
528.0
 20
725.0
 10
527.5
 20
725.5
 10
527.0
 20
725.5
 10
526.5
 20
726.0
 10
526.0
 20
726.5
 10
525.5
 20
726.5
 10
525.0
 20
726.5
 10
524.5
 20
727.0
 10
524.0
 20
727.5
 10
524.0
 20
728.0
 10
524.0
 20
728.5
 10
524.0
 20
729.0
 10
524.0
 20
729.5
 10
524.0
 20
730.0
 10
523.5
 20
730.0
 10
523.0
 20
730.0
 10
522.5
 20
730.0
 10
522.0
 20
730.0
 10
521.5
 20
730.0
 10
521.0
 20
730.0
 10
520.5
 20
730.0
 10
520.0
 20
730.0
 10
519.5
 20
730.0
 10
519.0
 20
730.0
 10
518.5
 20
730.0
 10
518.0
 20
730.0
 10
517.5
 20
730.0
 10
517.0
 20
730.0
 10
516.5
 20
730.0
 10
516.0
 20
730.0
 10
515.5
 20
730.0
 10
515.0
 20
730.0
 10
514.5
 20
730.0
 10
514.0
 20
730.0
 10
513.5
 20
730.0
 10
513.0
 20
730.0
 10
512.5
 20
730.0
  0
LWPOLYLINE
  5
E0
330
17
100
AcDbEntity
  8
CURB
370
25
100
AcDbPolyline
 90
3822
 70
0
 10
884.0
 20
732.0
 10
883.5
 20
731.5
 10
883.0
 20
731.5
 10
882.5
 20
731.5
 10
882.0
 20
731.5
 10
881.5
 20
731.5
 10
881.0
 20
731.5
 10
880.5
 20
731.5
 10
880.0
 20
731.5
 10
879.5
 20
731.5
 10
879.0
 20
731.5
 10
878.5
 20
731.5
 10
878.0
 20
731.5
 10
878.0
 20
731.0
 10
878.0
 20
730.5
 10
878.0
 20
730.0
 10
878.0
 20
729.5
 10
878.0
 20
729.0
 10
878.0
 20
728.5
 10
877.5
 20
728.0
 10
877.0
 20
728.0
 10
876.5
 20
728.0
 10
876.0
 20
728.0
 10
875.5
 20
728.0
 10
875.0
 20
728.0
 10
874.5
 20
727.5
 10
874.0
 20
727.5
 10
873.5
 20
727.5
 10
873.0
 20
727.5
 10
872.5
 20
727.5
 10
872.0
 20
727.5
 10
871.5
 20
727.5
 10
871.0
 20
727.5
 10
870.5
 20
727.5
 10
870.0
 20
727.5
 10
869.5
 20
727.5
 10
869.0
 20
727.5
 10
868.5
 20
727.5
 10
868.0
 20
727.5
 10
867.5
 20
727.5
 10
867.0
 20
727.5
 10
866.5
 20
727.5
 10
866.5
 20
727.0
 10
866.0
 20
726.5
 10
865.5
 20
726.0
 10
865.0
 20
726.0
 10
864.5
 20
726.0
 10
864.0
 20
726.0
 10
863.5
 20
726.0
 10
863.0
 20
726.0
 10
862.5
 20
726.0
 10
862.0
 20
726.0
 10
861.5
 20
726.0
 10
861.0
 20
726.0
 10
860.5
 20
726.0
 10
860.0
 20
726.0
 10
859.5
 20
726.0
 10
859.0
 20
726.0
 10
858.5
 20
726.0
 10
858.0
 20
726.0
 10
857.5
 20
726.5
 10
857.0
 20
726.5
 10
856.5
 20
726.5
 10
856.0
 20
726.5
 10
855.5
 20
726.5
 10
855.0
 20
726.5
 10
854.5
 20
726.5
 10
854.0
 20
726.0
 10
853.5
 20
726.0
 10
853.0
 20
725.5
 10
852.5
 20
725.5
 10
852.0
 20
725.5
 10
851.5
 20
725.5
 10
851.0
 20
725.5
 10
850.5
 20
725.5
 10
850.0
 20
725.5
 10
849.5
 20
725.5
 10
849.0
 20
725.5
 10
848.5
 20
725.5
 10
848.0
 20
725.5
 10
847.5
 20
725.5
 10
847.0
 20
725.5
 10
846.5
 20
726.0
 10
846.5
 20
726.5
 10
846.0
 20
726.5
 10
845.5
 20
726.5
 10
845.0
 20
726.5
 10
844.5
 20
726.5
 10
844.0
 20
726.5
 10
843.5
 20
726.5
 10
843.0
 20
726.5
 10
842.5
 20
726.5
 10
842.0
 20
726.5
 10
841.5
 20
726.5
 10
841.0
 20
726.5
 10
840.5
 20
726.5
 10
840.0
 20
726.5
 10
839.5
 20
726.5
 10
839.0
 20
726.5
 10
838.5
 20
726.5
 10
838.0
 20
726.5
 10
837.5
 20
726.5
 10
837.0
 20
726.5
 10
836.5
 20
726.5
 10
836.0
 20
727.0
 10
835.5
 20
727.0
 10
835.0
 20
727.0
 10
834.5
 20
727.0
 10
834.0
 20
727.0
 10
833.5
 20
727.5
 10
833.0
 20
728.0
 10
833.0
 20
728.5
 10
833.0
 20
729.0
 10
833.0
 20
729.5
 10
833.0
 20
730.0
 10
832.5
 20
730.5
 10
832.0
 20
730.5
 10
831.5
 20
730.5
 10
831.0
 20
730.5
 10
830.5
 20
730.5
 10
830.0
 20
730.5
 10
829.5
 20
730.5
 10
829.0
 20
730.5
 10
828.5
 20
730.5
 10
828.0
 20
730.5
 10
828.0
 20
730.0
 10
828.0
 20
729.5
 10
828.0
 20
729.0
 10
827.5
 20
728.5
 10
827.0
 20
728.5
 10
826.5
 20
728.5
 10
826.0
 20
728.5
 10
825.5
 20
728.5
 10
825.0
 20
728.0
 10
824.5
 20
728.0
 10
824.5
 20
727.5
 10
824.0
 20
727.0
 10
823.5
 20
727.0
 10
823.0
 20
727.0
 10
822.5
 20
727.0
 10
822.0
 20
727.0
 10
821.5
 20
727.0
 10
821.0
 20
727.0
 10
820.5
 20
726.5
 10
820.0
 20
726.0
 10
819.5
 20
725.5
 10
819.5
 20
725.0
 10
819.5
 20
724.5
 10
819.0
 20
724.0
 10
818.5
 20
724.0
 10
818.0
 20
724.0
 10
817.5
 20
723.5
 10
817.5
 20
723.0
 10
817.0
 20
722.5
 10
816.5
 20
722.0
 10
816.0
 20
721.5
 10
815.5
 20
721.0
 10
815.0
 20
721.0
 10
814.5
 20
721.0
 10
814.0
 20
721.0
 10
813.5
 20
721.0
 10
813.0
 20
721.0
 10
812.5
 20
721.5
 10
812.0
 20
722.0
 10
811.5
 20
722.0
 10
811.0
 20
722.5
 10
810.5
 20
723.0
 10
810.0
 20
723.5
 10
809.5
 20
723.5
 10
809.0
 20
724.0
 10
808.5
 20
724.5
 10
808.0
 20
725.0
 10
808.0
 20
725.5
 10
807.5
 20
725.5
 10
807.0
 20
725.5
 10
806.5
 20
725.5
 10
806.0
 20
725.5
 10
805.5
 20
725.5
 10
805.0
 20
725.5
 10
804.5
 20
725.5
 10
804.0
 20
725.5
 10
803.5
 20
725.5
 10
803.0
 20
725.5
 10
802.5
 20
725.5
 10
802.0
 20
725.5
 10
801.5
 20
725.5
 10
801.0
 20
725.0
 10
800.5
 20
724.5
 10
800.0
 20
724.0
 10
799.5
 20
723.5
 10
799.0
 20
723.5
 10
798.5
 20
723.5
 10
798.5
 20
723.0
 10
798.0
 20
722.5
 10
798.0
 20
722.0
 10
797.5
 20
721.5
 10
797.0
 20
721.5
 10
796.5
 20
721.5
 10
796.0
 20
721.5
 10
795.5
 20
721.5
 10
795.0
 20
721.5
 10
794.5
 20
721.5
 10
794.0
 20
721.5
 10
793.5
 20
722.0
 10
793.5
 20
722.5
 10
793.5
 20
723.0
 10
793.0
 20
723.0
 10
792.5
 20
723.5
 10
792.5
 20
724.0
 10
792.0
 20
724.5
 10
791.5
 20
725.0
 10
791.0
 20
725.0
 10
790.5
 20
725.0
 10
790.0
 20
725.5
 10
790.0
 20
726.0
 10
789.5
 20
726.0
 10
789.0
 20
726.0
 10
788.5
 20
726.0
 10
788.0
 20
726.0
 10
787.5
 20
726.0
 10
787.0
 20
726.0
 10
786.5
 20
726.0
 10
786.0
 20
726.0
 10
785.5
 20
726.0
 10
785.0
 20
725.5
 10
784.5
 20
725.5
 10
784.0
 20
725.5
 10
783.5
 20
725.5
 10
783.0
 20
725.5
 10
782.5
 20
725.5
 10
782.0
 20
725.5
 10
781.5
 20
725.5
 10
781.0
 20
725.5
 10
780.5
 20
725.5
 10
780.0
 20
725.5
 10
779.5
 20
726.0
 10
779.0
 20
726.0
 10
778.5
 20
726.0
 10
778.0
 20
726.0
 10
777.5
 20
726.0
 10
777.0
 20
726.0
 10
776.5
 20
726.0
 10
776.0
 20
726.0
 10
775.5
 20
725.5
 10
775.0
 20
725.5
 10
774.5
 20
725.0
 10
774.0
 20
725.0
 10
773.5
 20
725.0
 10
773.0
 20
725.0
 10
772.5
 20
725.0
 10
772.0
 20
725.0
 10
771.5
 20
725.0
 10
771.0
 20
724.5
 10
770.5
 20
724.5
 10
770.0
 20
724.5
 10
769.5
 20
724.5
 10
769.0
 20
724.5
 10
768.5
 20
724.5
 10
768.0
 20
724.5
 10
767.5
 20
724.5
 10
767.0
 20
724.5
 10
766.5
 20
724.5
 10
766.0
 20
724.5
 10
765.5
 20
724.5
 10
765.0
 20
724.5
 10
764.5
 20
724.5
 10
764.0
 20
724.5
 10
763.5
 20
724.5
 10
763.0
 20
725.0
 10
762.5
 20
725.0
 10
762.0
 20
725.0
 10
761.5
 20
725.0
 10
761.0
 20
725.0
 10
760.5
 20
725.0
 10
760.0
 20
725.0
 10
759.5
 20
725.0
 10
759.0
 20
725.5
 10
758.5
 20
725.5
 10
758.0
 20
725.5
 10
757.5
 20
726.0
 10
757.0
 20
726.0
 10
756.5
 20
726.0
 10
756.0
 20
726.0
 10
755.5
 20
726.5
 10
755.0
 20
727.0
 10
754.5
 20
727.0
 10
754.0
 20
727.0
 10
753.5
 20
727.0
 10
753.0
 20
727.0
 10
752.5
 20
727.0
 10
752.0
 20
727.0
 10
751.5
 20
727.0
 10
751.0
 20
727.0
 10
750.5
 20
727.0
 10
750.0
 20
727.0
 10
749.5
 20
727.0
 10
749.0
 20
727.0
 10
748.5
 20
727.0
 10
748.5
 20
726.5
 10
748.5
 20
726.0
 10
748.0
 20
725.5
 10
747.5
 20
725.5
 10
747.0
 20
725.5
 10
746.5
 20
725.5
 10
746.0
 20
725.5
 10
745.5
 20
725.5
 10
745.0
 20
725.5
 10
744.5
 20
725.5
 10
744.0
 20
725.5
 10
743.5
 20
725.5
 10
743.0
 20
725.5
 10
742.5
 20
725.5
 10
742.0
 20
725.5
 10
741.5
 20
725.5
 10
741.0
 20
725.5
 10
740.5
 20
725.5
 10
740.0
 20
725.5
 10
739.5
 20
725.5
 10
739.0
 20
725.5
 10
738.5
 20
725.5
 10
738.0
 20
725.5
 10
737.5
 20
726.0
 10
737.0
 20
726.0
 10
736.5
 20
726.5
 10
736.0
 20
727.0
 10
735.5
 20
727.0
 10
735.0
 20
727.0
 10
734.5
 20
727.5
 10
734.0
 20
727.5
 10
733.5
 20
727.5
 10
733.0
 20
727.5
 10
732.5
 20
728.0
 10
732.5
 20
728.5
 10
732.0
 20
729.0
 10
732.0
 20
729.5
 10
732.0
 20
730.0
 10
731.5
 20
730.0
 10
731.0
 20
730.0
 10
730.5
 20
730.0
 10
730.0
 20
730.0
 10
729.5
 20
730.0
 10
729.0
 20
730.0
 10
728.5
 20
730.0
 10
728.0
 20
730.0
 10
727.5
 20
730.0
 10
727.0
 20
730.0
 10
726.5
 20
730.0
 10
726.0
 20
730.0
 10
725.5
 20
730.0
 10
725.5
 20
729.5
 10
725.5
 20
729.0
 10
725.5
 20
728.5
 10
725.5
 20
728.0
 10
725.5
 20
727.5
 10
725.0
 20
727.0
 10
724.5
 20
727.0
 10
724.0
 20
727.0
 10
723.5
 20
727.0
 10
723.0
 20
726.5
 10
723.0
 20
726.0
 10
722.5
 20
725.5
 10
722.0
 20
725.5
 10
721.5
 20
725.0
 10
721.0
 20
724.5
 10
720.5
 20
724.5
 10
720.0
 20
724.5
 10
719.5
 20
724.5
 10
719.0
 20
724.5
 10
718.5
 20
724.5
 10
718.0
 20
724.5
 10
717.5
 20
724.0
 10
717.0
 20
724.0
 10
716.5
 20
724.0
 10
716.0
 20
724.0
 10
715.5
 20
724.0
 10
715.0
 20
724.0
 10
714.5
 20
724.0
 10
714.0
 20
724.5
 10
713.5
 20
724.5
 10
713.0
 20
724.5
 10
712.5
 20
724.5
 10
712.0
 20
724.5
 10
711.5
 20
724.5
 10
711.0
 20
725.0
 10
710.5
 20
725.0
 10
710.0
 20
725.0
 10
709.5
 20
725.0
 10
709.0
 20
725.0
 10
708.5
 20
725.0
 10
708.0
 20
725.0
 10
707.5
 20
725.0
 10
707.0
 20
725.0
 10
706.5
 20
725.0
 10
706.0
 20
725.0
 10
705.5
 20
725.0
 10
705.0
 20
725.0
 10
704.5
 20
725.5
 10
704.0
 20
725.5
 10
703.5
 20
725.5
 10
703.0
 20
725.5
 10
702.5
 20
725.5
 10
702.0
 20
725.5
 10
701.5
 20
725.5
 10
701.0
 20
725.5
 10
700.5
 20
725.5
 10
700.0
 20
725.5
 10
699.5
 20
725.5
 10
699.0
 20
725.5
 10
698.5
 20
725.5
 10
698.0
 20
725.5
 10
697.5
 20
725.5
 10
697.0
 20
725.5
 10
696.5
 20
725.5
 10
696.0
 20
725.5
 10
695.5
 20
725.5
 10
695.0
 20
725.5
 10
694.5
 20
725.5
 10
694.0
 20
725.5
 10
693.5
 20
725.5
 10
693.0
 20
725.5
 10
692.5
 20
726.0
 10
692.0
 20
726.0
 10
691.5
 20
726.0
 10
691.0
 20
726.5
 10
690.5
 20
727.0
 10
690.0
 20
727.0
 10
689.5
 20
727.0
 10
689.0
 20
727.0
 10
688.5
 20
727.0
 10
688.0
 20
727.0
 10
687.5
 20
727.0
 10
687.0
 20
727.0
 10
686.5
 20
727.0
 10
686.0
 20
727.0
 10
685.5
 20
727.0
 10
685.0
 20
726.5
 10
684.5
 20
726.0
 10
684.0
 20
725.5
 10
683.5
 20
725.0
 10
683.0
 20
725.0
 10
682.5
 20
725.0
 10
682.0
 20
725.0
 10
681.5
 20
725.0
 10
681.0
 20
724.5
 10
680.5
 20
724.5
 10
680.0
 20
724.5
 10
679.5
 20
724.5
 10
679.0
 20
724.5
 10
678.5
 20
724.5
 10
678.0
 20
724.5
 10
677.5
 20
724.5
 10
677.0
 20
724.5
 10
676.5
 20
724.5
 10
676.0
 20
724.5
 10
675.5
 20
724.5
 10
675.0
 20
724.5
 10
674.5
 20
724.5
 10
674.0
 20
724.5
 10
673.5
 20
724.5
 10
673.0
 20
724.5
 10
672.5
 20
724.5
 10
672.0
 20
724.5
 10
671.5
 20
724.5
 10
671.0
 20
724.5
 10
670.5
 20
724.5
 10
670.0
 20
724.5
 10
669.5
 20
724.5
 10
669.0
 20
724.5
 10
668.5
 20
724.5
 10
668.0
 20
724.5
 10
667.5
 20
724.5
 10
667.0
 20
724.5
 10
666.5
 20
724.5
 10
666.0
 20
724.5
 10
665.5
 20
724.5
 10
665.0
 20
724.5
 10
664.5
 20
724.5
 10
664.0
 20
725.0
 10
663.5
 20
725.0
 10
663.0
 20
725.5
 10
662.5
 20
725.5
 10
662.0
 20
726.0
 10
661.5
 20
726.0
 10
661.0
 20
726.0
 10
660.5
 20
726.0
 10
660.0
 20
726.0
 10
659.5
 20
726.5
 10
659.5
 20
727.0
 10
659.0
 20
727.0
 10
658.5
 20
727.0
 10
658.0
 20
727.0
 10
657.5
 20
727.0
 10
657.0
 20
726.5
 10
656.5
 20
726.0
 10
656.0
 20
725.5
 10
655.5
 20
725.0
 10
655.0
 20
724.5
 10
654.5
 20
724.0
 10
654.0
 20
724.0
 10
653.5
 20
724.0
 10
653.0
 20
724.0
 10
652.5
 20
724.0
 10
652.0
 20
724.0
 10
651.5
 20
724.0
 10
651.0
 20
724.0
 10
650.5
 20
724.0
 10
650.0
 20
724.0
 10
649.5
 20
724.0
 10
649.0
 20
724.5
 10
648.5
 20
724.5
 10
648.0
 20
724.5
 10
647.5
 20
724.5
 10
647.0
 20
724.5
 10
646.5
 20
724.5
 10
646.0
 20
725.0
 10
645.5
 20
725.0
 10
645.0
 20
725.0
 10
644.5
 20
725.0
 10
644.0
 20
725.0
 10
643.5
 20
725.0
 10
643.0
 20
725.0
 10
642.5
 20
725.0
 10
642.0
 20
725.0
 10
641.5
 20
725.0
 10
641.0
 20
725.5
 10
640.5
 20
725.5
 10
640.0
 20
725.5
 10
639.5
 20
725.5
 10
639.0
 20
725.5
 10
638.5
 20
725.5
 10
638.0
 20
725.5
 10
637.5
 20
725.5
 10
637.0
 20
725.5
 10
636.5
 20
726.0
 10
636.0
 20
726.0
 10
635.5
 20
726.0
 10
635.0
 20
726.0
 10
634.5
 20
726.0
 10
634.0
 20
726.0
 10
633.5
 20
725.5
 10
633.0
 20
725.5
 10
632.5
 20
725.5
 10
632.0
 20
725.5
 10
631.5
 20
725.5
 10
631.0
 20
725.5
 10
630.5
 20
725.5
 10
630.0
 20
725.0
 10
629.5
 20
724.5
 10
629.0
 20
724.5
 10
628.5
 20
724.5
 10
628.0
 20
724.5
 10
627.5
 20
724.5
 10
627.0
 20
724.5
 10
626.5
 20
724.5
 10
626.0
 20
725.0
 10
625.5
 20
725.0
 10
625.0
 20
725.0
 10
624.5
 20
725.0
 10
624.0
 20
725.0
 10
623.5
 20
725.0
 10
623.0
 20
725.0
 10
622.5
 20
725.5
 10
622.5
 20
726.0
 10
622.0
 20
726.0
 10
621.5
 20
726.0
 10
621.0
 20
726.0
 10
620.5
 20
726.0
 10
620.5
 20
725.5
 10
620.0
 20
725.0
 10
619.5
 20
725.0
 10
619.0
 20
725.0
 10
618.5
 20
725.0
 10
618.0
 20
724.5
 10
617.5
 20
724.5
 10
617.0
 20
724.5
 10
616.5
 20
724.5
 10
616.0
 20
724.5
 10
615.5
 20
724.5
 10
615.0
 20
724.0
 10
614.5
 20
724.0
 10
614.0
 20
724.0
 10
613.5
 20
724.0
 10
613.0
 20
724.0
 10
612.5
 20
724.0
 10
612.0
 20
724.0
 10
611.5
 20
724.0
 10
611.0
 20
724.0
 10
610.5
 20
724.0
 10
610.0
 20
724.0
 10
609.5
 20
724.0
 10
609.0
 20
724.0
 10
608.5
 20
724.0
 10
608.0
 20
724.0
 10
607.5
 20
724.0
 10
607.0
 20
724.0
 10
606.5
 20
724.0
 10
606.0
 20
724.5
 10
605.5
 20
724.5
 10
605.0
 20
725.0
 10
604.5
 20
725.0
 10
604.0
 20
725.0
 10
603.5
 20
725.0
 10
603.0
 20
725.0
 10
602.5
 20
725.0
 10
602.0
 20
725.5
 10
601.5
 20
725.5
 10
601.0
 20
726.0
 10
600.5
 20
726.0
 10
600.0
 20
726.0
 10
599.5
 20
726.0
 10
599.0
 20
726.0
 10
598.5
 20
726.0
 10
598.0
 20
725.5
 10
597.5
 20
725.0
 10
597.0
 20
725.0
 10
596.5
 20
725.0
 10
596.0
 20
725.0
 10
595.5
 20
725.0
 10
595.0
 20
725.0
 10
594.5
 20
725.0
 10
594.0
 20
724.5
 10
593.5
 20
724.5
 10
593.0
 20
724.5
 10
592.5
 20
724.5
 10
592.0
 20
724.5
 10
591.5
 20
725.0
 10
591.0
 20
725.0
 10
590.5
 20
725.0
 10
590.0
 20
725.0
 10
589.5
 20
725.0
 10
589.0
 20
725.0
 10
588.5
 20
725.0
 10
588.0
 20
725.0
 10
587.5
 20
724.5
 10
587.0
 20
724.5
 10
586.5
 20
724.5
 10
586.0
 20
724.5
 10
585.5
 20
724.5
 10
585.0
 20
724.5
 10
584.5
 20
724.5
 10
584.0
 20
724.5
 10
583.5
 20
724.5
 10
583.0
 20
725.0
 10
582.5
 20
725.0
 10
582.0
 20
725.0
 10
581.5
 20
725.0
 10
581.0
 20
725.0
 10
580.5
 20
725.0
 10
580.0
 20
725.5
 10
579.5
 20
725.5
 10
579.0
 20
725.5
 10
578.5
 20
725.5
 10
578.0
 20
725.5
 10
577.5
 20
725.5
 10
577.0
 20
725.5
 10
576.5
 20
725.0
 10
576.0
 20
725.0
 10
575.5
 20
725.0
 10
575.0
 20
724.5
 10
574.5
 20
724.0
 10
574.0
 20
724.0
 10
573.5
 20
724.0
 10
573.0
 20
724.0
 10
572.5
 20
724.0
 10
572.0
 20
724.0
 10
571.5
 20
724.0
 10
571.0
 20
724.0
 10
570.5
 20
724.0
 10
570.0
 20
724.5
 10
569.5
 20
724.5
 10
569.0
 20
724.5
 10
568.5
 20
724.5
 10
568.0
 20
725.0
 10
567.5
 20
725.5
 10
567.0
 20
725.5
 10
566.5
 20
725.5
 10
566.0
 20
725.5
 10
565.5
 20
726.0
 10
565.0
 20
726.0
 10
564.5
 20
726.0
 10
564.0
 20
726.0
 10
563.5
 20
726.0
 10
563.0
 20
726.0
 10
562.5
 20
726.0
 10
562.0
 20
726.0
 10
561.5
 20
725.5
 10
561.0
 20
725.0
 10
560.5
 20
725.0
 10
560.0
 20
725.0
 10
559.5
 20
725.0
 10
559.0
 20
725.0
 10
558.5
 20
724.5
 10
558.0
 20
724.0
 10
557.5
 20
724.0
 10
557.0
 20
724.0
 10
556.5
 20
724.0
 10
556.0
 20
724.0
 10
555.5
 20
724.5
 10
555.0
 20
724.5
 10
554.5
 20
724.5
 10
554.0
 20
725.0
 10
553.5
 20
725.5
 10
553.0
 20
725.5
 10
552.5
 20
725.5
 10
552.0
 20
725.5
 10
551.5
 20
725.5
 10
551.0
 20
725.5
 10
550.5
 20
726.0
 10
550.0
 20
726.0
 10
549.5
 20
726.0
 10
549.0
 20
726.0
 10
548.5
 20
726.0
 10
548.0
 20
725.5
 10
548.0
 20
725.0
 10
548.0
 20
724.5
 10
548.0
 20
724.0
 10
548.0
 20
723.5
 10
547.5
 20
723.0
 10
547.5
 20
722.5
 10
547.5
 20
722.0
 10
547.5
 20
721.5
 10
547.5
 20
721.0
 10
547.5
 20
720.5
 10
547.5
 20
720.0
 10
547.5
 20
719.5
 10
547.5
 20
719.0
 10
547.0
 20
718.5
 10
546.5
 20
718.5
 10
546.5
 20
718.0
 10
546.5
 20
717.5
 10
546.5
 20
717.0
 10
546.5
 20
716.5
 10
547.0
 20
716.0
 10
547.5
 20
716.0
 10
548.0
 20
716.0
 10
548.5
 20
716.0
 10
549.0
 20
716.0
 10
549.5
 20
716.0
 10
550.0
 20
716.0
 10
550.5
 20
716.0
 10
551.0
 20
716.5
 10
551.5
 20
716.5
 10
552.0
 20
716.5
 10
552.5
 20
716.5
 10
552.5
 20
717.0
 10
553.0
 20
717.5
 10
553.5
 20
717.5
 10
554.0
 20
717.5
 10
554.5
 20
717.5
 10
555.0
 20
717.5
 10
555.5
 20
717.5
 10
556.0
 20
717.5
 10
556.5
 20
717.5
 10
557.0
 20
717.5
 10
557.5
 20
717.0
 10
558.0
 20
717.0
 10
558.5
 20
717.0
 10
559.0
 20
717.0
 10
559.5
 20
716.5
 10
559.5
 20
716.0
 10
560.0
 20
716.0
 10
560.5
 20
716.0
 10
561.0
 20
715.5
 10
561.0
 20
715.0
 10
561.5
 20
715.0
 10
562.0
 20
715.0
 10
562.5
 20
715.0
 10
563.0
 20
714.5
 10
563.0
 20
714.0
 10
563.0
 20
713.5
 10
563.0
 20
713.0
 10
563.0
 20
712.5
 10
563.0
 20
712.0
 10
563.5
 20
712.0
 10
564.0
 20
712.0
 10
564.5
 20
712.0
 10
565.0
 20
712.0
 10
565.5
 20
712.0
 10
566.0
 20
712.0
 10
566.5
 20
711.5
 10
567.0
 20
711.5
 10
567.5
 20
711.5
 10
568.0
 20
711.5
 10
568.5
 20
711.5
 10
569.0
 20
712.0
 10
569.5
 20
712.0
 10
570.0
 20
712.0
 10
570.5
 20
712.0
 10
571.0
 20
712.0
 10
571.0
 20
712.5
 10
571.0
 20
713.0
 10
571.0
 20
713.5
 10
571.0
 20
714.0
 10
571.5
 20
714.5
 10
572.0
 20
714.5
 10
572.5
 20
715.0
 10
573.0
 20
715.0
 10
573.5
 20
715.5
 10
574.0
 20
716.0
 10
574.5
 20
716.5
 10
575.0
 20
716.5
 10
575.5
 20
716.5
 10
576.0
 20
716.5
 10
576.5
 20
717.0
 10
577.0
 20
717.0
 10
577.5
 20
717.5
 10
578.0
 20
717.5
 10
578.5
 20
717.5
 10
579.0
 20
717.5
 10
579.5
 20
717.5
 10
580.0
 20
717.0
 10
580.5
 20
717.0
 10
581.0
 20
716.5
 10
581.5
 20
716.5
 10
582.0
 20
716.0
 10
582.5
 20
716.0
 10
583.0
 20
716.0
 10
583.5
 20
715.5
 10
583.5
 20
715.0
 10
584.0
 20
715.0
 10
584.5
 20
715.0
 10
585.0
 20
714.5
 10
585.0
 20
714.0
 10
585.0
 20
713.5
 10
585.5
 20
713.0
 10
585.5
 20
712.5
 10
586.0
 20
712.5
 10
586.5
 20
712.0
 10
587.0
 20
711.5
 10
587.5
 20
711.0
 10
588.0
 20
711.0
 10
588.5
 20
711.0
 10
589.0
 20
711.0
 10
589.5
 20
711.0
 10
590.0
 20
711.0
 10
590.5
 20
710.5
 10
591.0
 20
710.5
 10
591.5
 20
710.5
 10
592.0
 20
710.5
 10
592.5
 20
710.5
 10
593.0
 20
710.5
 10
593.5
 20
710.5
 10
594.0
 20
710.5
 10
594.5
 20
710.5
 10
595.0
 20
710.5
 10
595.5
 20
710.5
 10
596.0
 20
710.5
 10
596.5
 20
710.5
 10
597.0
 20
710.5
 10
597.5
 20
710.5
 10
598.0
 20
710.5
 10
598.5
 20
711.0
 10
599.0
 20
711.0
 10
599.5
 20
711.0
 10
599.5
 20
711.5
 10
600.0
 20
712.0
 10
600.5
 20
712.5
 10
600.5
 20
713.0
 10
600.5
 20
713.5
 10
600.5
 20
714.0
 10
600.5
 20
714.5
 10
601.0
 20
715.0
 10
601.5
 20
715.0
 10
601.5
 20
715.5
 10
601.5
 20
716.0
 10
601.5
 20
716.5
 10
601.5
 20
717.0
 10
601.5
 20
717.5
 10
602.0
 20
718.0
 10
602.5
 20
718.0
 10
603.0
 20
718.0
 10
603.0
 20
718.5
 10
603.5
 20
719.0
 10
604.0
 20
719.0
 10
604.5
 20
719.0
 10
605.0
 20
719.0
 10
605.5
 20
719.0
 10
606.0
 20
719.0
 10
606.5
 20
719.0
 10
607.0
 20
719.0
 10
607.5
 20
719.0
 10
608.0
 20
719.0
 10
608.5
 20
718.5
 10
609.0
 20
718.5
 10
609.5
 20
718.0
 10
610.0
 20
718.0
 10
610.5
 20
718.0
 10
611.0
 20
718.0
 10
611.5
 20
717.5
 10
612.0
 20
717.0
 10
612.5
 20
717.0
 10
613.0
 20
716.5
 10
613.5
 20
716.0
 10
614.0
 20
715.5
 10
614.5
 20
715.5
 10
615.0
 20
715.5
 10
615.5
 20
715.0
 10
616.0
 20
715.0
 10
616.5
 20
715.0
 10
617.0
 20
715.0
 10
617.5
 20
714.5
 10
617.5
 20
714.0
 10
617.5
 20
713.5
 10
617.5
 20
713.0
 10
617.5
 20
712.5
 10
618.0
 20
712.5
 10
618.5
 20
712.5
 10
619.0
 20
712.5
 10
619.5
 20
712.5
 10
620.0
 20
712.5
 10
620.0
 20
713.0
 10
620.0
 20
713.5
 10
620.0
 20
714.0
 10
620.0
 20
714.5
 10
620.5
 20
715.0
 10
621.0
 20
715.0
 10
621.5
 20
715.0
 10
622.0
 20
715.0
 10
622.5
 20
715.0
 10
623.0
 20
715.0
 10
623.5
 20
715.5
 10
624.0
 20
715.5
 10
624.0
 20
716.0
 10
624.5
 20
716.5
 10
625.0
 20
716.5
 10
625.5
 20
716.5
 10
626.0
 20
716.5
 10
626.5
 20
716.5
 10
627.0
 20
716.5
 10
627.5
 20
716.5
 10
628.0
 20
716.5
 10
628.5
 20
716.0
 10
629.0
 20
716.0
 10
629.5
 20
716.0
 10
630.0
 20
716.0
 10
630.5
 20
716.0
 10
631.0
 20
716.0
 10
631.5
 20
716.0
 10
632.0
 20
716.0
 10
632.5
 20
716.0
 10
633.0
 20
716.0
 10
633.5
 20
716.0
 10
634.0
 20
716.0
 10
634.5
 20
716.0
 10
635.0
 20
716.0
 10
635.5
 20
716.0
 10
636.0
 20
716.0
 10
636.5
 20
716.0
 10
637.0
 20
716.0
 10
637.5
 20
716.0
 10
638.0
 20
716.0
 10
638.5
 20
716.0
 10
639.0
 20
716.0
 10
639.5
 20
716.0
 10
640.0
 20
716.5
 10
640.5
 20
716.5
 10
641.0
 20
716.5
 10
641.5
 20
716.5
 10
642.0
 20
716.5
 10
642.5
 20
716.5
 10
643.0
 20
716.5
 10
643.5
 20
716.5
 10
644.0
 20
716.5
 10
644.5
 20
716.5
 10
645.0
 20
716.5
 10
645.5
 20
716.5
 10
646.0
 20
716.5
 10
646.5
 20
716.5
 10
647.0
 20
716.5
 10
647.5
 20
716.5
 10
648.0
 20
716.5
 10
648.5
 20
716.5
 10
649.0
 20
716.5
 10
649.5
 20
716.5
 10
650.0
 20
716.5
 10
650.5
 20
716.5
 10
651.0
 20
716.5
 10
651.5
 20
716.5
 10
652.0
 20
716.5
 10
652.5
 20
716.5
 10
653.0
 20
717.0
 10
653.5
 20
717.0
 10
654.0
 20
717.0
 10
654.5
 20
717.0
 10
655.0
 20
717.0
 10
655.5
 20
717.0
 10
656.0
 20
717.0
 10
656.5
 20
717.0
 10
657.0
 20
717.0
 10
657.5
 20
717.0
 10
658.0
 20
717.0
 10
658.5
 20
717.0
 10
659.0
 20
717.0
 10
659.5
 20
716.5
 10
660.0
 20
716.5
 10
660.5
 20
716.0
 10
661.0
 20
715.5
 10
661.5
 20
715.5
 10
662.0
 20
715.0
 10
662.5
 20
715.0
 10
663.0
 20
714.5
 10
663.5
 20
714.0
 10
663.5
 20
713.5
 10
664.0
 20
713.5
 10
664.5
 20
713.5
 10
665.0
 20
713.5
 10
665.5
 20
713.0
 10
666.0
 20
713.0
 10
666.5
 20
712.5
 10
666.5
 20
712.0
 10
666.5
 20
711.5
 10
666.5
 20
711.0
 10
667.0
 20
711.0
 10
667.5
 20
711.0
 10
668.0
 20
711.0
 10
668.5
 20
711.0
 10
669.0
 20
711.0
 10
669.5
 20
711.5
 10
670.0
 20
711.5
 10
670.5
 20
712.0
 10
671.0
 20
712.5
 10
671.5
 20
712.5
 10
672.0
 20
713.0
 10
672.5
 20
713.0
 10
672.5
 20
713.5
 10
672.5
 20
714.0
 10
672.5
 20
714.5
 10
673.0
 20
715.0
 10
673.5
 20
715.0
 10
674.0
 20
715.0
 10
674.0
 20
715.5
 10
674.5
 20
716.0
 10
675.0
 20
716.0
 10
675.5
 20
716.5
 10
676.0
 20
716.5
 10
676.5
 20
716.5
 10
677.0
 20
716.5
 10
677.5
 20
716.5
 10
678.0
 20
716.5
 10
678.5
 20
716.5
 10
679.0
 20
716.5
 10
679.5
 20
716.0
 10
680.0
 20
716.0
 10
680.5
 20
715.5
 10
680.5
 20
715.0
 10
681.0
 20
715.0
 10
681.5
 20
715.0
 10
682.0
 20
715.0
 10
682.5
 20
715.0
 10
683.0
 20
714.5
 10
683.0
 20
714.0
 10
683.0
 20
713.5
 10
683.0
 20
713.0
 10
683.0
 20
712.5
 10
683.5
 20
712.5
 10
684.0
 20
712.5
 10
684.5
 20
712.5
 10
685.0
 20
712.5
 10
685.5
 20
712.5
 10
686.0
 20
712.5
 10
686.5
 20
712.5
 10
687.0
 20
712.5
 10
687.0
 20
713.0
 10
687.0
 20
713.5
 10
687.0
 20
714.0
 10
687.0
 20
714.5
 10
687.5
 20
715.0
 10
688.0
 20
715.0
 10
688.5
 20
715.0
 10
689.0
 20
715.5
 10
689.5
 20
715.5
 10
690.0
 20
715.5
 10
690.5
 20
715.5
 10
691.0
 20
715.5
 10
691.5
 20
715.5
 10
692.0
 20
715.5
 10
692.5
 20
715.5
 10
693.0
 20
715.5
 10
693.5
 20
715.5
 10
694.0
 20
715.5
 10
694.5
 20
715.5
 10
695.0
 20
715.5
 10
695.5
 20
715.5
 10
696.0
 20
716.0
 10
696.5
 20
716.0
 10
697.0
 20
716.0
 10
697.5
 20
716.5
 10
698.0
 20
716.5
 10
698.5
 20
716.5
 10
699.0
 20
716.5
 10
699.5
 20
716.5
 10
700.0
 20
716.5
 10
700.5
 20
716.5
 10
701.0
 20
716.5
 10
701.5
 20
716.5
 10
702.0
 20
716.5
 10
702.5
 20
716.5
 10
703.0
 20
716.5
 10
703.5
 20
716.5
 10
704.0
 20
716.5
 10
704.5
 20
716.5
 10
705.0
 20
716.5
 10
705.5
 20
716.5
 10
706.0
 20
716.5
 10
706.5
 20
716.5
 10
707.0
 20
716.0
 10
707.5
 20
716.0
 10
708.0
 20
716.0
 10
708.5
 20
716.0
 10
709.0
 20
716.0
 10
709.5
 20
716.0
 10
710.0
 20
716.0
 10
710.5
 20
715.5
 10
711.0
 20
715.0
 10
711.5
 20
715.0
 10
712.0
 20
715.0
 10
712.5
 20
715.0
 10
713.0
 20
714.5
 10
713.0
 20
714.0
 10
713.0
 20
713.5
 10
713.5
 20
713.0
 10
714.0
 20
713.0
 10
714.5
 20
713.0
 10
715.0
 20
713.0
 10
715.5
 20
712.5
 10
716.0
 20
712.5
 10
716.5
 20
712.0
 10
717.0
 20
711.5
 10
717.5
 20
711.0
 10
718.0
 20
711.0
 10
718.5
 20
711.0
 10
719.0
 20
711.0
 10
719.5
 20
711.0
 10
720.0
 20
711.0
 10
720.5
 20
711.0
 10
721.0
 20
711.0
 10
721.5
 20
711.0
 10
722.0
 20
711.0
 10
722.5
 20
711.0
 10
723.0
 20
711.0
 10
723.5
 20
711.0
 10
724.0
 20
711.0
 10
724.5
 20
711.0
 10
725.0
 20
711.0
 10
725.5
 20
711.0
 10
726.0
 20
711.0
 10
726.5
 20
711.0
 10
727.0
 20
711.0
 10
727.5
 20
711.0
 10
728.0
 20
711.0
 10
728.5
 20
711.0
 10
729.0
 20
711.0
 10
729.5
 20
711.0
 10
730.0
 20
711.0
 10
730.5
 20
711.0
 10
731.0
 20
711.0
 10
731.5
 20
711.0
 10
732.0
 20
711.0
 10
732.5
 20
711.0
 10
733.0
 20
711.0
 10
733.5
 20
711.0
 10
734.0
 20
710.5
 10
734.5
 20
710.0
 10
735.0
 20
710.0
 10
735.5
 20
710.0
 10
736.0
 20
709.5
 10
736.5
 20
709.0
 10
737.0
 20
708.5
 10
737.0
 20
708.0
 10
737.5
 20
707.5
 10
737.5
 20
707.0
 10
737.5
 20
706.5
 10
738.0
 20
706.0
 10
738.0
 20
705.5
 10
738.0
 20
705.0
 10
738.0
 20
704.5
 10
738.0
 20
704.0
 10
738.0
 20
703.5
 10
738.0
 20
703.0
 10
738.0
 20
702.5
 10
738.0
 20
702.0
 10
738.0
 20
701.5
 10
738.0
 20
701.0
 10
738.5
 20
701.0
 10
739.0
 20
701.0
 10
739.5
 20
700.5
 10
740.0
 20
700.0
 10
740.5
 20
699.5
 10
741.0
 20
699.5
 10
741.5
 20
699.0
 10
741.5
 20
698.5
 10
741.5
 20
698.0
 10
742.0
 20
697.5
 10
742.0
 20
697.0
 10
742.0
 20
696.5
 10
742.0
 20
696.0
 10
742.0
 20
695.5
 10
742.0
 20
695.0
 10
742.0
 20
694.5
 10
742.0
 20
694.0
 10
742.0
 20
693.5
 10
742.0
 20
693.0
 10
742.0
 20
692.5
 10
742.5
 20
692.0
 10
742.5
 20
691.5
 10
742.5
 20
691.0
 10
742.5
 20
690.5
 10
742.5
 20
690.0
 10
742.5
 20
689.5
 10
742.5
 20
689.0
 10
743.0
 20
688.5
 10
743.0
 20
688.0
 10
743.0
 20
687.5
 10
743.5
 20
687.0
 10
743.5
 20
686.5
 10
743.5
 20
686.0
 10
743.5
 20
685.5
 10
743.5
 20
685.0
 10
743.5
 20
684.5
 10
743.5
 20
684.0
 10
743.5
 20
683.5
 10
743.5
 20
683.0
 10
743.5
 20
682.5
 10
743.5
 20
682.0
 10
743.5
 20
681.5
 10
743.5
 20
681.0
 10
743.5
 20
680.5
 10
743.0
 20
680.0
 10
742.5
 20
679.5
 10
742.0
 20
679.5
 10
741.5
 20
679.0
 10
741.0
 20
678.5
 10
740.5
 20
678.0
 10
740.5
 20
677.5
 10
740.5
 20
677.0
 10
740.5
 20
676.5
 10
740.5
 20
676.0
 10
741.0
 20
675.5
 10
741.0
 20
675.0
 10
741.0
 20
674.5
 10
741.0
 20
674.0
 10
741.0
 20
673.5
 10
741.5
 20
673.0
 10
741.5
 20
672.5
 10
742.0
 20
672.0
 10
742.0
 20
671.5
 10
742.0
 20
671.0
 10
742.0
 20
670.5
 10
742.0
 20
670.0
 10
742.0
 20
669.5
 10
742.0
 20
669.0
 10
742.0
 20
668.5
 10
742.0
 20
668.0
 10
741.5
 20
667.5
 10
741.5
 20
667.0
 10
741.0
 20
666.5
 10
741.0
 20
666.0
 10
741.0
 20
665.5
 10
740.5
 20
665.0
 10
740.5
 20
664.5
 10
740.5
 20
664.0
 10
740.5
 20
663.5
 10
740.5
 20
663.0
 10
740.5
 20
662.5
 10
740.0
 20
662.0
 10
739.5
 20
661.5
 10
739.5
 20
661.0
 10
739.5
 20
660.5
 10
739.5
 20
660.0
 10
739.5
 20
659.5
 10
739.5
 20
659.0
 10
739.5
 20
658.5
 10
739.5
 20
658.0
 10
739.5
 20
657.5
 10
739.5
 20
657.0
 10
739.5
 20
656.5
 10
739.5
 20
656.0
 10
739.5
 20
655.5
 10
739.0
 20
655.0
 10
739.0
 20
654.5
 10
739.0
 20
654.0
 10
739.0
 20
653.5
 10
738.5
 20
653.0
 10
738.5
 20
652.5
 10
738.5
 20
652.0
 10
738.0
 20
651.5
 10
738.0
 20
651.0
 10
738.0
 20
650.5
 10
738.0
 20
650.0
 10
738.0
 20
649.5
 10
738.0
 20
649.0
 10
738.0
 20
648.5
 10
738.0
 20
648.0
 10
738.0
 20
647.5
 10
738.0
 20
647.0
 10
738.5
 20
646.5
 10
739.0
 20
646.5
 10
739.5
 20
646.0
 10
740.0
 20
646.0
 10
740.5
 20
646.0
 10
741.0
 20
646.0
 10
741.5
 20
646.0
 10
742.0
 20
645.5
 10
742.5
 20
645.0
 10
743.0
 20
645.0
 10
743.5
 20
645.0
 10
744.0
 20
644.5
 10
744.5
 20
644.0
 10
745.0
 20
644.0
 10
745.5
 20
644.0
 10
746.0
 20
644.0
 10
746.5
 20
644.0
 10
747.0
 20
643.5
 10
747.0
 20
643.0
 10
747.0
 20
642.5
 10
747.0
 20
642.0
 10
747.0
 20
641.5
 10
747.0
 20
641.0
 10
747.0
 20
640.5
 10
747.0
 20
640.0
 10
746.5
 20
639.5
 10
746.0
 20
639.0
 10
745.5
 20
638.5
 10
745.0
 20
638.5
 10
744.5
 20
638.0
 10
744.5
 20
637.5
 10
744.5
 20
637.0
 10
744.5
 20
636.5
 10
744.5
 20
636.0
 10
744.5
 20
635.5
 10
744.5
 20
635.0
 10
744.5
 20
634.5
 10
744.5
 20
634.0
 10
744.5
 20
633.5
 10
744.5
 20
633.0
 10
744.5
 20
632.5
 10
744.5
 20
632.0
 10
744.0
 20
631.5
 10
744.0
 20
631.0
 10
744.0
 20
630.5
 10
743.5
 20
630.0
 10
743.0
 20
630.0
 10
742.5
 20
629.5
 10
742.5
 20
629.0
 10
742.0
 20
628.5
 10
742.0
 20
628.0
 10
742.0
 20
627.5
 10
742.0
 20
627.0
 10
742.0
 20
626.5
 10
742.5
 20
626.5
 10
743.0
 20
626.5
 10
743.5
 20
626.0
 10
744.0
 20
625.5
 10
744.5
 20
625.5
 10
745.0
 20
625.0
 10
745.5
 20
625.0
 10
746.0
 20
624.5
 10
746.5
 20
624.5
 10
747.0
 20
624.5
 10
747.5
 20
624.0
 10
748.0
 20
623.5
 10
748.5
 20
623.0
 10
749.0
 20
622.5
 10
749.0
 20
622.0
 10
749.5
 20
621.5
 10
749.5
 20
621.0
 10
749.5
 20
620.5
 10
749.5
 20
620.0
 10
749.5
 20
619.5
 10
749.5
 20
619.0
 10
749.5
 20
618.5
 10
749.5
 20
618.0
 10
749.5
 20
617.5
 10
749.0
 20
617.0
 10
748.5
 20
616.5
 10
748.0
 20
616.0
 10
748.0
 20
615.5
 10
747.5
 20
615.0
 10
747.0
 20
615.0
 10
746.5
 20
614.5
 10
746.0
 20
614.5
 10
745.5
 20
614.0
 10
745.0
 20
614.0
 10
744.5
 20
614.0
 10
744.0
 20
614.0
 10
743.5
 20
614.0
 10
743.0
 20
614.0
 10
742.5
 20
614.0
 10
742.5
 20
613.5
 10
742.0
 20
613.0
 10
741.5
 20
613.0
 10
741.5
 20
612.5
 10
741.5
 20
612.0
 10
741.5
 20
611.5
 10
741.5
 20
611.0
 10
741.5
 20
610.5
 10
741.5
 20
610.0
 10
741.5
 20
609.5
 10
742.0
 20
609.0
 10
742.0
 20
608.5
 10
742.0
 20
608.0
 10
742.5
 20
607.5
 10
742.5
 20
607.0
 10
742.5
 20
606.5
 10
742.5
 20
606.0
 10
743.0
 20
605.5
 10
743.5
 20
605.0
 10
743.5
 20
604.5
 10
743.5
 20
604.0
 10
743.5
 20
603.5
 10
743.5
 20
603.0
 10
743.0
 20
602.5
 10
742.5
 20
602.0
 10
742.5
 20
601.5
 10
742.5
 20
601.0
 10
742.0
 20
600.5
 10
741.5
 20
600.0
 10
741.5
 20
599.5
 10
741.5
 20
599.0
 10
741.5
 20
598.5
 10
741.5
 20
598.0
 10
741.5
 20
597.5
 10
741.5
 20
597.0
 10
741.5
 20
596.5
 10
741.5
 20
596.0
 10
741.5
 20
595.5
 10
741.5
 20
595.0
 10
741.5
 20
594.5
 10
741.5
 20
594.0
 10
742.0
 20
594.0
 10
742.5
 20
593.5
 10
743.0
 20
593.5
 10
743.5
 20
593.0
 10
744.0
 20
592.5
 10
744.0
 20
592.0
 10
744.5
 20
591.5
 10
744.5
 20
591.0
 10
745.0
 20
590.5
 10
745.0
 20
590.0
 10
745.0
 20
589.5
 10
745.0
 20
589.0
 10
745.0
 20
588.5
 10
745.0
 20
588.0
 10
745.0
 20
587.5
 10
745.0
 20
587.0
 10
744.5
 20
586.5
 10
744.5
 20
586.0
 10
744.5
 20
585.5
 10
744.5
 20
585.0
 10
744.5
 20
584.5
 10
744.5
 20
584.0
 10
744.5
 20
583.5
 10
744.5
 20
583.0
 10
744.5
 20
582.5
 10
744.0
 20
582.0
 10
744.0
 20
581.5
 10
743.5
 20
581.0
 10
743.5
 20
580.5
 10
743.0
 20
580.0
 10
742.5
 20
579.5
 10
742.0
 20
579.0
 10
741.5
 20
579.0
 10
741.5
 20
578.5
 10
741.5
 20
578.0
 10
741.0
 20
577.5
 10
740.5
 20
577.5
 10
740.5
 20
577.0
 10
740.0
 20
576.5
 10
739.5
 20
576.5
 10
739.0
 20
576.0
 10
739.0
 20
575.5
 10
739.0
 20
575.0
 10
739.0
 20
574.5
 10
739.0
 20
574.0
 10
739.0
 20
573.5
 10
739.0
 20
573.0
 10
739.0
 20
572.5
 10
739.0
 20
572.0
 10
739.0
 20
571.5
 10
739.0
 20
571.0
 10
738.5
 20
570.5
 10
738.0
 20
570.0
 10
738.0
 20
569.5
 10
737.5
 20
569.0
 10
737.5
 20
568.5
 10
737.5
 20
568.0
 10
737.5
 20
567.5
 10
737.5
 20
567.0
 10
737.5
 20
566.5
 10
737.5
 20
566.0
 10
737.5
 20
565.5
 10
738.0
 20
565.5
 10
738.5
 20
565.5
 10
739.0
 20
565.5
 10
739.5
 20
565.5
 10
740.0
 20
565.5
 10
740.5
 20
565.5
 10
741.0
 20
565.0
 10
741.0
 20
564.5
 10
741.0
 20
564.0
 10
741.5
 20
563.5
 10
741.5
 20
563.0
 10
742.0
 20
563.0
 10
742.5
 20
562.5
 10
742.5
 20
562.0
 10
743.0
 20
562.0
 10
743.5
 20
561.5
 10
743.5
 20
561.0
 10
743.5
 20
560.5
 10
744.0
 20
560.0
 10
744.0
 20
559.5
 10
744.0
 20
559.0
 10
744.0
 20
558.5
 10
744.0
 20
558.0
 10
744.0
 20
557.5
 10
744.0
 20
557.0
 10
744.0
 20
556.5
 10
743.5
 20
556.0
 10
743.5
 20
555.5
 10
743.5
 20
555.0
 10
743.5
 20
554.5
 10
743.0
 20
554.0
 10
743.0
 20
553.5
 10
743.0
 20
553.0
 10
743.0
 20
552.5
 10
743.0
 20
552.0
 10
743.0
 20
551.5
 10
743.0
 20
551.0
 10
743.0
 20
550.5
 10
743.0
 20
550.0
 10
743.0
 20
549.5
 10
743.0
 20
549.0
 10
743.5
 20
548.5
 10
743.5
 20
548.0
 10
743.5
 20
547.5
 10
743.5
 20
547.0
 10
744.0
 20
546.5
 10
744.0
 20
546.0
 10
744.0
 20
545.5
 10
744.0
 20
545.0
 10
744.0
 20
544.5
 10
744.0
 20
544.0
 10
743.5
 20
543.5
 10
743.0
 20
543.0
 10
743.0
 20
542.5
 10
742.5
 20
542.0
 10
742.5
 20
541.5
 10
742.0
 20
541.0
 10
741.5
 20
540.5
 10
741.0
 20
540.5
 10
741.0
 20
540.0
 10
741.0
 20
539.5
 10
740.5
 20
539.0
 10
740.0
 20
538.5
 10
739.5
 20
538.5
 10
739.0
 20
538.5
 10
738.5
 20
538.5
 10
738.0
 20
538.5
 10
738.0
 20
538.0
 10
737.5
 20
537.5
 10
737.0
 20
537.5
 10
737.0
 20
537.0
 10
737.0
 20
536.5
 10
737.0
 20
536.0
 10
737.0
 20
535.5
 10
737.0
 20
535.0
 10
737.0
 20
534.5
 10
737.0
 20
534.0
 10
737.0
 20
533.5
 10
737.0
 20
533.0
 10
737.0
 20
532.5
 10
737.5
 20
532.0
 10
738.0
 20
531.5
 10
738.0
 20
531.0
 10
738.5
 20
530.5
 10
738.5
 20
530.0
 10
738.5
 20
529.5
 10
738.5
 20
529.0
 10
738.5
 20
528.5
 10
738.5
 20
528.0
 10
738.5
 20
527.5
 10
738.5
 20
527.0
 10
738.5
 20
526.5
 10
738.5
 20
526.0
 10
738.5
 20
525.5
 10
738.5
 20
525.0
 10
738.5
 20
524.5
 10
738.5
 20
524.0
 10
738.5
 20
523.5
 10
738.5
 20
523.0
 10
739.0
 20
523.0
 10
739.5
 20
523.0
 10
740.0
 20
523.0
 10
740.5
 20
523.0
 10
741.0
 20
522.5
 10
741.0
 20
522.0
 10
741.0
 20
521.5
 10
741.0
 20
521.0
 10
741.5
 20
520.5
 10
741.5
 20
520.0
 10
742.0
 20
520.0
 10
742.5
 20
519.5
 10
743.0
 20
519.0
 10
743.0
 20
518.5
 10
743.0
 20
518.0
 10
743.0
 20
517.5
 10
743.0
 20
517.0
 10
743.0
 20
516.5
 10
743.0
 20
516.0
 10
743.0
 20
515.5
 10
743.0
 20
515.0
 10
743.0
 20
514.5
 10
742.5
 20
514.0
 10
742.5
 20
513.5
 10
742.0
 20
513.0
 10
742.0
 20
512.5
 10
742.0
 20
512.0
 10
742.0
 20
511.5
 10
742.0
 20
511.0
 10
742.5
 20
510.5
 10
743.0
 20
510.5
 10
743.5
 20
510.0
 10
744.0
 20
509.5
 10
744.0
 20
509.0
 10
744.0
 20
508.5
 10
744.5
 20
508.0
 10
744.5
 20
507.5
 10
744.5
 20
507.0
 10
744.5
 20
506.5
 10
744.5
 20
506.0
 10
744.5
 20
505.5
 10
744.5
 20
505.0
 10
744.5
 20
504.5
 10
744.5
 20
504.0
 10
744.5
 20
503.5
 10
744.0
 20
503.0
 10
743.5
 20
503.0
 10
743.0
 20
502.5
 10
742.5
 20
502.0
 10
742.0
 20
502.0
 10
742.0
 20
501.5
 10
742.0
 20
501.0
 10
742.0
 20
500.5
 10
742.0
 20
500.0
 10
742.0
 20
499.5
 10
742.5
 20
499.0
 10
742.5
 20
498.5
 10
742.5
 20
498.0
 10
742.5
 20
497.5
 10
742.5
 20
497.0
 10
742.5
 20
496.5
 10
742.5
 20
496.0
 10
742.0
 20
495.5
 10
742.0
 20
495.0
 10
741.5
 20
494.5
 10
741.0
 20
494.0
 10
741.0
 20
493.5
 10
741.0
 20
493.0
 10
741.0
 20
492.5
 10
741.0
 20
492.0
 10
741.0
 20
491.5
 10
741.0
 20
491.0
 10
741.0
 20
490.5
 10
741.0
 20
490.0
 10
740.5
 20
489.5
 10
740.0
 20
489.0
 10
739.5
 20
489.0
 10
739.0
 20
488.5
 10
738.5
 20
488.0
 10
738.0
 20
488.0
 10
738.0
 20
487.5
 10
738.0
 20
487.0
 10
738.0
 20
486.5
 10
738.0
 20
486.0
 10
738.0
 20
485.5
 10
738.0
 20
485.0
 10
738.0
 20
484.5
 10
737.5
 20
484.0
 10
737.5
 20
483.5
 10
737.5
 20
483.0
 10
737.5
 20
482.5
 10
737.5
 20
482.0
 10
737.5
 20
481.5
 10
737.5
 20
481.0
 10
737.5
 20
480.5
 10
737.5
 20
480.0
 10
737.5
 20
479.5
 10
737.5
 20
479.0
 10
737.5
 20
478.5
 10
737.5
 20
478.0
 10
737.5
 20
477.5
 10
737.5
 20
477.0
 10
738.0
 20
476.5
 10
738.0
 20
476.0
 10
738.0
 20
475.5
 10
738.0
 20
475.0
 10
738.0
 20
474.5
 10
738.0
 20
474.0
 10
738.0
 20
473.5
 10
738.0
 20
473.0
 10
738.0
 20
472.5
 10
738.0
 20
472.0
 10
738.0
 20
471.5
 10
738.0
 20
471.0
 10
738.0
 20
470.5
 10
738.0
 20
470.0
 10
738.0
 20
469.5
 10
738.0
 20
469.0
 10
738.0
 20
468.5
 10
738.0
 20
468.0
 10
738.0
 20
467.5
 10
738.0
 20
467.0
 10
738.0
 20
466.5
 10
738.0
 20
466.0
 10
738.0
 20
465.5
 10
738.0
 20
465.0
 10
738.0
 20
464.5
 10
738.0
 20
464.0
 10
738.0
 20
463.5
 10
738.0
 20
463.0
 10
738.0
 20
462.5
 10
738.0
 20
462.0
 10
738.0
 20
461.5
 10
738.0
 20
461.0
 10
738.0
 20
460.5
 10
738.0
 20
460.0
 10
738.0
 20
459.5
 10
738.0
 20
459.0
 10
738.0
 20
458.5
 10
738.0
 20
458.0
 10
738.0
 20
457.5
 10
738.0
 20
457.0
 10
738.0
 20
456.5
 10
738.0
 20
456.0
 10
738.0
 20
455.5
 10
738.0
 20
455.0
 10
738.0
 20
454.5
 10
738.0
 20
454.0
 10
738.0
 20
453.5
 10
738.0
 20
453.0
 10
738.0
 20
452.5
 10
738.0
 20
452.0
 10
738.0
 20
451.5
 10
738.0
 20
451.0
 10
738.0
 20
450.5
 10
738.0
 20
450.0
 10
738.0
 20
449.5
 10
738.0
 20
449.0
 10
738.0
 20
448.5
 10
738.0
 20
448.0
 10
738.0
 20
447.5
 10
738.0
 20
447.0
 10
738.0
 20
446.5
 10
738.0
 20
446.0
 10
738.0
 20
445.5
 10
738.0
 20
445.0
 10
738.0
 20
444.5
 10
737.5
 20
444.0
 10
737.5
 20
443.5
 10
737.0
 20
443.0
 10
737.0
 20
442.5
 10
737.0
 20
442.0
 10
737.0
 20
441.5
 10
737.0
 20
441.0
 10
737.0
 20
440.5
 10
737.0
 20
440.0
 10
737.0
 20
439.5
 10
737.0
 20
439.0
 10
737.0
 20
438.5
 10
737.0
 20
438.0
 10
737.0
 20
437.5
 10
737.0
 20
437.0
 10
737.0
 20
436.5
 10
737.0
 20
436.0
 10
737.0
 20
435.5
 10
737.0
 20
435.0
 10
737.5
 20
434.5
 10
737.5
 20
434.0
 10
737.5
 20
433.5
 10
737.5
 20
433.0
 10
737.5
 20
432.5
 10
737.5
 20
432.0
 10
737.5
 20
431.5
 10
737.5
 20
431.0
 10
737.5
 20
430.5
 10
737.5
 20
430.0
 10
737.5
 20
429.5
 10
737.5
 20
429.0
 10
737.5
 20
428.5
 10
738.0
 20
428.5
 10
738.5
 20
428.0
 10
739.0
 20
428.0
 10
739.5
 20
428.0
 10
740.0
 20
428.0
 10
740.5
 20
427.5
 10
740.5
 20
427.0
 10
740.5
 20
426.5
 10
740.5
 20
426.0
 10
740.5
 20
425.5
 10
741.0
 20
425.5
 10
741.5
 20
425.0
 10
742.0
 20
424.5
 10
742.0
 20
424.0
 10
742.0
 20
423.5
 10
742.0
 20
423.0
 10
742.5
 20
423.0
 10
743.0
 20
422.5
 10
743.0
 20
422.0
 10
743.0
 20
421.5
 10
743.0
 20
421.0
 10
743.0
 20
420.5
 10
743.0
 20
420.0
 10
743.0
 20
419.5
 10
742.5
 20
419.0
 10
742.5
 20
418.5
 10
742.0
 20
418.0
 10
741.5
 20
417.5
 10
741.5
 20
417.0
 10
741.0
 20
416.5
 10
740.5
 20
416.5
 10
740.5
 20
416.0
 10
740.5
 20
415.5
 10
740.5
 20
415.0
 10
740.5
 20
414.5
 10
740.0
 20
414.0
 10
739.5
 20
414.0
 10
739.0
 20
414.0
 10
738.5
 20
414.0
 10
738.0
 20
414.0
 10
737.5
 20
414.0
 10
737.5
 20
413.5
 10
737.5
 20
413.0
 10
737.5
 20
412.5
 10
737.5
 20
412.0
 10
737.5
 20
411.5
 10
737.5
 20
411.0
 10
737.5
 20
410.5
 10
737.5
 20
410.0
 10
737.5
 20
409.5
 10
737.5
 20
409.0
 10
737.5
 20
408.5
 10
737.5
 20
408.0
 10
737.5
 20
407.5
 10
738.0
 20
407.5
 10
738.5
 20
407.5
 10
739.0
 20
407.5
 10
739.5
 20
407.5
 10
740.0
 20
407.5
 10
740.5
 20
407.0
 10
740.5
 20
406.5
 10
741.0
 20
406.5
 10
741.5
 20
406.0
 10
742.0
 20
406.0
 10
742.5
 20
406.0
 10
743.0
 20
406.0
 10
743.5
 20
406.0
 10
744.0
 20
405.5
 10
744.0
 20
405.0
 10
744.5
 20
404.5
 10
745.0
 20
404.0
 10
745.0
 20
403.5
 10
745.0
 20
403.0
 10
745.0
 20
402.5
 10
745.0
 20
402.0
 10
745.0
 20
401.5
 10
745.0
 20
401.0
 10
745.0
 20
400.5
 10
745.0
 20
400.0
 10
745.0
 20
399.5
 10
744.5
 20
399.0
 10
744.0
 20
399.0
 10
743.5
 20
399.0
 10
743.5
 20
398.5
 10
743.0
 20
398.0
 10
742.5
 20
398.0
 10
742.5
 20
397.5
 10
742.5
 20
397.0
 10
742.5
 20
396.5
 10
742.5
 20
396.0
 10
742.5
 20
395.5
 10
742.5
 20
395.0
 10
743.0
 20
394.5
 10
743.0
 20
394.0
 10
743.0
 20
393.5
 10
743.0
 20
393.0
 10
743.0
 20
392.5
 10
743.0
 20
392.0
 10
743.0
 20
391.5
 10
743.0
 20
391.0
 10
743.0
 20
390.5
 10
743.0
 20
390.0
 10
743.0
 20
389.5
 10
743.0
 20
389.0
 10
742.5
 20
388.5
 10
742.5
 20
388.0
 10
742.0
 20
387.5
 10
742.0
 20
387.0
 10
741.5
 20
386.5
 10
741.0
 20
386.0
 10
740.5
 20
386.0
 10
740.0
 20
386.0
 10
740.0
 20
385.5
 10
740.0
 20
385.0
 10
740.0
 20
384.5
 10
739.5
 20
384.0
 10
739.0
 20
383.5
 10
738.5
 20
383.5
 10
738.0
 20
383.5
 10
737.5
 20
383.5
 10
737.5
 20
383.0
 10
737.5
 20
382.5
 10
737.5
 20
382.0
 10
737.5
 20
381.5
 10
737.5
 20
381.0
 10
737.0
 20
380.5
 10
737.0
 20
380.0
 10
736.5
 20
379.5
 10
736.5
 20
379.0
 10
736.5
 20
378.5
 10
736.5
 20
378.0
 10
736.5
 20
377.5
 10
736.5
 20
377.0
 10
736.0
 20
376.5
 10
735.5
 20
376.5
 10
735.0
 20
376.5
 10
734.5
 20
376.5
 10
734.0
 20
376.5
 10
733.5
 20
376.5
 10
733.5
 20
376.0
 10
733.5
 20
375.5
 10
733.5
 20
375.0
 10
733.5
 20
374.5
 10
733.5
 20
374.0
 10
733.5
 20
373.5
 10
733.5
 20
373.0
 10
734.0
 20
373.0
 10
734.5
 20
372.5
 10
735.0
 20
372.0
 10
735.5
 20
372.0
 10
736.0
 20
371.5
 10
736.0
 20
371.0
 10
736.0
 20
370.5
 10
736.0
 20
370.0
 10
736.5
 20
370.0
 10
737.0
 20
369.5
 10
737.0
 20
369.0
 10
737.0
 20
368.5
 10
737.5
 20
368.0
 10
738.0
 20
368.0
 10
738.5
 20
368.0
 10
739.0
 20
367.5
 10
739.0
 20
367.0
 10
739.5
 20
367.0
 10
740.0
 20
366.5
 10
740.0
 20
366.0
 10
740.0
 20
365.5
 10
740.5
 20
365.0
 10
741.0
 20
365.0
 10
741.5
 20
364.5
 10
741.5
 20
364.0
 10
741.5
 20
363.5
 10
742.0
 20
363.0
 10
742.0
 20
362.5
 10
742.5
 20
362.0
 10
742.5
 20
361.5
 10
742.5
 20
361.0
 10
742.5
 20
360.5
 10
742.5
 20
360.0
 10
742.5
 20
359.5
 10
742.5
 20
359.0
 10
742.5
 20
358.5
 10
742.0
 20
358.0
 10
742.0
 20
357.5
 10
741.5
 20
357.0
 10
741.5
 20
356.5
 10
741.0
 20
356.0
 10
740.5
 20
355.5
 10
740.0
 20
355.5
 10
740.0
 20
355.0
 10
740.0
 20
354.5
 10
740.0
 20
354.0
 10
740.0
 20
353.5
 10
740.0
 20
353.0
 10
740.0
 20
352.5
 10
740.0
 20
352.0
 10
740.0
 20
351.5
 10
740.0
 20
351.0
 10
740.0
 20
350.5
 10
740.5
 20
350.0
 10
740.5
 20
349.5
 10
741.0
 20
349.5
 10
741.5
 20
349.0
 10
741.5
 20
348.5
 10
742.0
 20
348.5
 10
742.5
 20
348.0
 10
742.5
 20
347.5
 10
743.0
 20
347.0
 10
743.5
 20
346.5
 10
743.5
 20
346.0
 10
743.5
 20
345.5
 10
743.5
 20
345.0
 10
743.5
 20
344.5
 10
743.5
 20
344.0
 10
743.5
 20
343.5
 10
743.5
 20
343.0
 10
743.5
 20
342.5
 10
743.5
 20
342.0
 10
743.5
 20
341.5
 10
743.5
 20
341.0
 10
743.0
 20
340.5
 10
743.0
 20
340.0
 10
742.5
 20
339.5
 10
742.0
 20
339.0
 10
741.5
 20
338.5
 10
741.0
 20
338.0
 10
740.5
 20
338.0
 10
740.0
 20
337.5
 10
740.0
 20
337.0
 10
739.5
 20
336.5
 10
739.0
 20
336.5
 10
738.5
 20
336.5
 10
738.0
 20
336.5
 10
737.5
 20
336.5
 10
737.0
 20
336.5
 10
736.5
 20
336.5
 10
736.5
 20
336.0
 10
736.5
 20
335.5
 10
736.5
 20
335.0
 10
736.5
 20
334.5
 10
736.5
 20
334.0
 10
736.5
 20
333.5
 10
736.5
 20
333.0
 10
736.5
 20
332.5
 10
736.5
 20
332.0
 10
736.5
 20
331.5
 10
736.5
 20
331.0
 10
737.0
 20
330.5
 10
737.0
 20
330.0
 10
737.0
 20
329.5
 10
737.0
 20
329.0
 10
737.5
 20
328.5
 10
737.5
 20
328.0
 10
738.0
 20
327.5
 10
738.0
 20
327.0
 10
738.0
 20
326.5
 10
738.0
 20
326.0
 10
738.0
 20
325.5
 10
738.0
 20
325.0
 10
738.0
 20
324.5
 10
738.0
 20
324.0
 10
738.0
 20
323.5
 10
738.0
 20
323.0
 10
738.0
 20
322.5
 10
738.0
 20
322.0
 10
738.0
 20
321.5
 10
738.0
 20
321.0
 10
738.0
 20
320.5
 10
738.0
 20
320.0
 10
738.0
 20
319.5
 10
738.0
 20
319.0
 10
737.5
 20
318.5
 10
737.5
 20
318.0
 10
737.5
 20
317.5
 10
737.5
 20
317.0
 10
737.5
 20
316.5
 10
737.5
 20
316.0
 10
737.5
 20
315.5
 10
737.5
 20
315.0
 10
737.5
 20
314.5
 10
737.5
 20
314.0
 10
737.5
 20
313.5
 10
737.5
 20
313.0
 10
737.5
 20
312.5
 10
737.5
 20
312.0
 10
737.5
 20
311.5
 10
737.5
 20
311.0
 10
737.5
 20
310.5
 10
737.5
 20
310.0
 10
737.5
 20
309.5
 10
737.5
 20
309.0
 10
737.5
 20
308.5
 10
737.5
 20
308.0
 10
737.5
 20
307.5
 10
737.5
 20
307.0
 10
737.5
 20
306.5
 10
737.5
 20
306.0
 10
737.5
 20
305.5
 10
738.0
 20
305.5
 10
738.5
 20
305.5
 10
739.0
 20
305.5
 10
739.5
 20
305.5
 10
740.0
 20
305.5
 10
740.5
 20
305.5
 10
741.0
 20
305.5
 10
741.5
 20
306.0
 10
742.0
 20
306.0
 10
742.5
 20
306.0
 10
743.0
 20
306.0
 10
743.5
 20
306.0
 10
744.0
 20
306.0
 10
744.5
 20
305.5
 10
745.0
 20
305.0
 10
745.5
 20
304.5
 10
746.0
 20
304.0
 10
746.0
 20
303.5
 10
746.0
 20
303.0
 10
746.0
 20
302.5
 10
746.0
 20
302.0
 10
746.0
 20
301.5
 10
746.0
 20
301.0
 10
745.5
 20
300.5
 10
745.0
 20
300.0
 10
744.5
 20
299.5
 10
744.0
 20
299.5
 10
743.5
 20
299.5
 10
743.0
 20
299.5
 10
742.5
 20
299.5
 10
742.0
 20
299.5
 10
741.5
 20
299.5
 10
741.0
 20
299.5
 10
740.5
 20
299.5
 10
740.0
 20
299.0
 10
740.0
 20
298.5
 10
739.5
 20
298.0
 10
739.0
 20
298.0
 10
738.5
 20
298.0
 10
738.0
 20
298.0
 10
737.5
 20
298.0
 10
737.5
 20
297.5
 10
737.0
 20
297.0
 10
737.0
 20
296.5
 10
737.0
 20
296.0
 10
737.0
 20
295.5
 10
737.0
 20
295.0
 10
737.0
 20
294.5
 10
737.0
 20
294.0
 10
737.0
 20
293.5
 10
737.0
 20
293.0
 10
737.0
 20
292.5
 10
737.0
 20
292.0
 10
737.0
 20
291.5
 10
737.0
 20
291.0
 10
737.0
 20
290.5
 10
737.0
 20
290.0
 10
737.0
 20
289.5
 10
737.0
 20
289.0
 10
737.0
 20
288.5
 10
737.0
 20
288.0
 10
737.0
 20
287.5
 10
737.0
 20
287.0
 10
737.0
 20
286.5
 10
737.0
 20
286.0
 10
737.0
 20
285.5
 10
737.0
 20
285.0
 10
737.0
 20
284.5
 10
737.0
 20
284.0
 10
737.0
 20
283.5
 10
737.0
 20
283.0
 10
737.0
 20
282.5
 10
737.0
 20
282.0
 10
737.0
 20
281.5
 10
737.0
 20
281.0
 10
737.0
 20
280.5
 10
737.0
 20
280.0
 10
737.0
 20
279.5
 10
737.0
 20
279.0
 10
737.0
 20
278.5
 10
737.0
 20
278.0
 10
737.0
 20
277.5
 10
737.0
 20
277.0
 10
737.0
 20
276.5
 10
737.0
 20
276.0
 10
737.0
 20
275.5
 10
737.0
 20
275.0
 10
736.5
 20
274.5
 10
736.0
 20
274.5
 10
736.0
 20
274.0
 10
736.0
 20
273.5
 10
736.0
 20
273.0
 10
736.0
 20
272.5
 10
736.0
 20
272.0
 10
736.0
 20
271.5
 10
736.0
 20
271.0
 10
736.0
 20
270.5
 10
736.0
 20
270.0
 10
736.0
 20
269.5
 10
736.0
 20
269.0
 10
736.0
 20
268.5
 10
736.0
 20
268.0
 10
736.0
 20
267.5
 10
736.0
 20
267.0
 10
736.5
 20
266.5
 10
736.5
 20
266.0
 10
736.5
 20
265.5
 10
736.5
 20
265.0
 10
736.5
 20
264.5
 10
737.0
 20
264.5
 10
737.5
 20
264.0
 10
737.5
 20
263.5
 10
738.0
 20
263.0
 10
738.0
 20
262.5
 10
738.0
 20
262.0
 10
738.0
 20
261.5
 10
738.0
 20
261.0
 10
738.0
 20
260.5
 10
738.0
 20
260.0
 10
738.0
 20
259.5
 10
737.5
 20
259.0
 10
737.5
 20
258.5
 10
737.5
 20
258.0
 10
737.5
 20
257.5
 10
737.0
 20
257.0
 10
737.0
 20
256.5
 10
737.0
 20
256.0
 10
737.0
 20
255.5
 10
737.0
 20
255.0
 10
737.0
 20
254.5
 10
737.0
 20
254.0
 10
737.0
 20
253.5
 10
737.0
 20
253.0
 10
737.0
 20
252.5
 10
737.0
 20
252.0
 10
737.0
 20
251.5
 10
737.0
 20
251.0
 10
737.0
 20
250.5
 10
737.0
 20
250.0
 10
737.0
 20
249.5
 10
737.0
 20
249.0
 10
737.0
 20
248.5
 10
737.0
 20
248.0
 10
737.0
 20
247.5
 10
737.0
 20
247.0
 10
737.0
 20
246.5
 10
737.0
 20
246.0
 10
737.0
 20
245.5
 10
737.0
 20
245.0
 10
737.0
 20
244.5
 10
737.0
 20
244.0
 10
737.0
 20
243.5
 10
737.0
 20
243.0
 10
737.0
 20
242.5
 10
737.0
 20
242.0
 10
737.0
 20
241.5
 10
737.0
 20
241.0
 10
737.0
 20
240.5
 10
737.0
 20
240.0
 10
737.0
 20
239.5
 10
737.0
 20
239.0
 10
737.0
 20
238.5
 10
737.0
 20
238.0
 10
737.0
 20
237.5
 10
737.0
 20
237.0
 10
737.0
 20
236.5
 10
737.0
 20
236.0
 10
737.5
 20
236.0
 10
738.0
 20
236.0
 10
738.5
 20
236.0
 10
739.0
 20
236.0
 10
739.5
 20
235.5
 10
739.5
 20
235.0
 10
739.5
 20
234.5
 10
739.5
 20
234.0
 10
739.5
 20
233.5
 10
739.5
 20
233.0
 10
739.5
 20
232.5
 10
739.5
 20
232.0
 10
739.5
 20
231.5
 10
739.5
 20
231.0
 10
739.5
 20
230.5
 10
739.0
 20
230.0
 10
738.5
 20
230.0
 10
738.0
 20
230.0
 10
737.5
 20
230.0
 10
737.0
 20
230.0
 10
737.0
 20
229.5
 10
737.0
 20
229.0
 10
737.0
 20
228.5
 10
737.0
 20
228.0
 10
737.0
 20
227.5
 10
737.0
 20
227.0
 10
737.0
 20
226.5
 10
737.0
 20
226.0
 10
737.0
 20
225.5
 10
737.0
 20
225.0
 10
737.0
 20
224.5
 10
737.0
 20
224.0
 10
737.0
 20
223.5
 10
737.0
 20
223.0
 10
737.0
 20
222.5
 10
737.0
 20
222.0
 10
736.5
 20
221.5
 10
736.5
 20
221.0
 10
736.5
 20
220.5
 10
736.5
 20
220.0
 10
736.5
 20
219.5
 10
736.5
 20
219.0
 10
736.5
 20
218.5
 10
736.5
 20
218.0
 10
736.5
 20
217.5
 10
736.5
 20
217.0
 10
736.5
 20
216.5
 10
736.5
 20
216.0
 10
736.5
 20
215.5
 10
736.5
 20
215.0
 10
736.5
 20
214.5
 10
736.5
 20
214.0
 10
736.5
 20
213.5
 10
736.5
 20
213.0
 10
736.5
 20
212.5
 10
736.5
 20
212.0
 10
736.5
 20
211.5
 10
736.5
 20
211.0
 10
737.0
 20
211.0
 10
737.5
 20
211.0
 10
738.0
 20
211.0
 10
738.5
 20
211.0
 10
739.0
 20
211.0
 10
739.5
 20
210.5
 10
739.5
 20
210.0
 10
740.0
 20
210.0
 10
740.5
 20
210.0
 10
741.0
 20
210.0
 10
741.5
 20
210.0
 10
742.0
 20
209.5
 10
742.5
 20
209.5
 10
743.0
 20
209.5
 10
743.5
 20
209.0
 10
744.0
 20
209.0
 10
744.5
 20
209.0
 10
745.0
 20
208.5
 10
745.0
 20
208.0
 10
745.5
 20
207.5
 10
745.5
 20
207.0
 10
745.5
 20
206.5
 10
746.0
 20
206.0
 10
746.5
 20
206.0
 10
747.0
 20
205.5
 10
747.5
 20
205.0
 10
748.0
 20
204.5
 10
748.0
 20
204.0
 10
748.0
 20
203.5
 10
748.0
 20
203.0
 10
748.0
 20
202.5
 10
748.5
 20
202.5
 10
749.0
 20
202.5
 10
749.5
 20
202.5
 10
750.0
 20
202.5
 10
750.0
 20
203.0
 10
750.0
 20
203.5
 10
750.0
 20
204.0
 10
750.5
 20
204.5
 10
751.0
 20
204.5
 10
751.5
 20
204.5
 10
752.0
 20
205.0
 10
752.5
 20
205.0
 10
753.0
 20
205.5
 10
753.5
 20
205.5
 10
754.0
 20
205.5
 10
754.5
 20
205.5
 10
754.5
 20
206.0
 10
754.5
 20
206.5
 10
754.5
 20
207.0
 10
754.5
 20
207.5
 10
754.5
 20
208.0
 10
754.5
 20
208.5
 10
754.5
 20
209.0
 10
754.5
 20
209.5
 10
754.5
 20
210.0
 10
754.5
 20
210.5
 10
754.5
 20
211.0
 10
754.5
 20
211.5
 10
754.5
 20
212.0
 10
754.0
 20
212.0
 10
753.5
 20
212.0
 10
753.0
 20
212.5
 10
752.5
 20
213.0
 10
752.0
 20
213.0
 10
751.5
 20
213.5
 10
751.0
 20
214.0
 10
751.0
 20
214.5
 10
751.0
 20
215.0
 10
751.0
 20
215.5
 10
751.0
 20
216.0
 10
750.5
 20
216.0
 10
750.0
 20
216.5
 10
750.0
 20
217.0
 10
749.5
 20
217.5
 10
749.5
 20
218.0
 10
749.5
 20
218.5
 10
749.0
 20
219.0
 10
748.5
 20
219.0
 10
748.0
 20
219.0
 10
747.5
 20
219.5
 10
747.5
 20
220.0
 10
747.5
 20
220.5
 10
747.5
 20
221.0
 10
747.5
 20
221.5
 10
747.5
 20
222.0
 10
748.0
 20
222.5
 10
748.5
 20
223.0
 10
748.5
 20
223.5
 10
748.5
 20
224.0
 10
749.0
 20
224.5
 10
749.0
 20
225.0
 10
749.5
 20
225.5
 10
749.5
 20
226.0
 10
750.0
 20
226.5
 10
750.5
 20
226.5
 10
751.0
 20
226.5
 10
751.5
 20
227.0
 10
752.0
 20
227.5
 10
752.5
 20
227.5
 10
752.5
 20
228.0
 10
753.0
 20
228.5
 10
753.5
 20
229.0
 10
753.5
 20
229.5
 10
753.5
 20
230.0
 10
753.5
 20
230.5
 10
753.5
 20
231.0
 10
753.5
 20
231.5
 10
753.5
 20
232.0
 10
754.0
 20
232.5
 10
754.5
 20
232.5
 10
754.5
 20
233.0
 10
754.5
 20
233.5
 10
755.0
 20
234.0
 10
755.0
 20
234.5
 10
755.0
 20
235.0
 10
755.0
 20
235.5
 10
755.0
 20
236.0
 10
755.0
 20
236.5
 10
755.0
 20
237.0
 10
755.0
 20
237.5
 10
754.5
 20
238.0
 10
754.5
 20
238.5
 10
754.5
 20
239.0
 10
754.5
 20
239.5
 10
754.5
 20
240.0
 10
754.5
 20
240.5
 10
754.5
 20
241.0
 10
754.5
 20
241.5
 10
754.5
 20
242.0
 10
754.5
 20
242.5
 10
754.5
 20
243.0
 10
754.5
 20
243.5
 10
754.5
 20
244.0
 10
754.5
 20
244.5
 10
754.5
 20
245.0
 10
754.5
 20
245.5
 10
754.5
 20
246.0
 10
754.5
 20
246.5
 10
754.5
 20
247.0
 10
754.5
 20
247.5
 10
754.5
 20
248.0
 10
754.5
 20
248.5
 10
754.5
 20
249.0
 10
754.5
 20
249.5
 10
754.0
 20
249.5
 10
753.5
 20
249.5
 10
753.0
 20
249.5
 10
752.5
 20
249.5
 10
752.0
 20
249.5
 10
751.5
 20
250.0
 10
751.5
 20
250.5
 10
751.5
 20
251.0
 10
751.5
 20
251.5
 10
751.5
 20
252.0
 10
751.0
 20
252.5
 10
751.0
 20
253.0
 10
750.5
 20
253.5
 10
750.0
 20
254.0
 10
750.0
 20
254.5
 10
750.0
 20
255.0
 10
750.0
 20
255.5
 10
750.0
 20
256.0
 10
750.0
 20
256.5
 10
750.0
 20
257.0
 10
750.0
 20
257.5
 10
750.0
 20
258.0
 10
750.0
 20
258.5
 10
750.5
 20
259.0
 10
751.0
 20
259.5
 10
751.0
 20
260.0
 10
751.0
 20
260.5
 10
751.0
 20
261.0
 10
751.0
 20
261.5
 10
751.0
 20
262.0
 10
751.5
 20
262.5
 10
751.5
 20
263.0
 10
752.0
 20
263.5
 10
752.5
 20
263.5
 10
753.0
 20
263.5
 10
753.5
 20
263.5
 10
754.0
 20
263.5
 10
754.5
 20
263.5
 10
754.5
 20
264.0
 10
754.5
 20
264.5
 10
755.0
 20
265.0
 10
755.0
 20
265.5
 10
755.0
 20
266.0
 10
755.0
 20
266.5
 10
755.0
 20
267.0
 10
755.0
 20
267.5
 10
755.0
 20
268.0
 10
755.0
 20
268.5
 10
755.0
 20
269.0
 10
755.0
 20
269.5
 10
755.0
 20
270.0
 10
755.0
 20
270.5
 10
755.0
 20
271.0
 10
755.0
 20
271.5
 10
755.0
 20
272.0
 10
754.5
 20
272.5
 10
754.5
 20
273.0
 10
754.5
 20
273.5
 10
754.5
 20
274.0
 10
754.5
 20
274.5
 10
754.0
 20
275.0
 10
754.0
 20
275.5
 10
754.0
 20
276.0
 10
754.0
 20
276.5
 10
754.0
 20
277.0
 10
754.0
 20
277.5
 10
753.5
 20
277.5
 10
753.0
 20
277.5
 10
752.5
 20
277.5
 10
752.0
 20
277.5
 10
751.5
 20
278.0
 10
751.5
 20
278.5
 10
751.5
 20
279.0
 10
751.5
 20
279.5
 10
751.5
 20
280.0
 10
751.5
 20
280.5
 10
751.5
 20
281.0
 10
751.5
 20
281.5
 10
751.0
 20
281.5
 10
750.5
 20
282.0
 10
750.0
 20
282.5
 10
750.0
 20
283.0
 10
750.0
 20
283.5
 10
750.0
 20
284.0
 10
749.5
 20
284.5
 10
749.5
 20
285.0
 10
749.5
 20
285.5
 10
749.5
 20
286.0
 10
749.5
 20
286.5
 10
749.5
 20
287.0
 10
749.5
 20
287.5
 10
749.5
 20
288.0
 10
749.5
 20
288.5
 10
749.5
 20
289.0
 10
749.5
 20
289.5
 10
749.5
 20
290.0
 10
749.5
 20
290.5
 10
749.5
 20
291.0
 10
749.5
 20
291.5
 10
749.5
 20
292.0
 10
750.0
 20
292.5
 10
750.0
 20
293.0
 10
750.0
 20
293.5
 10
750.0
 20
294.0
 10
750.0
 20
294.5
 10
750.5
 20
295.0
 10
751.0
 20
295.5
 10
751.0
 20
296.0
 10
751.0
 20
296.5
 10
751.0
 20
297.0
 10
751.5
 20
297.5
 10
751.5
 20
298.0
 10
751.5
 20
298.5
 10
752.0
 20
299.0
 10
752.5
 20
299.5
 10
753.0
 20
299.5
 10
753.5
 20
299.5
 10
754.0
 20
299.5
 10
754.0
 20
300.0
 10
754.5
 20
300.5
 10
754.5
 20
301.0
 10
755.0
 20
301.5
 10
755.5
 20
302.0
 10
755.5
 20
302.5
 10
755.5
 20
303.0
 10
756.0
 20
303.5
 10
756.0
 20
304.0
 10
756.0
 20
304.5
 10
756.0
 20
305.0
 10
756.0
 20
305.5
 10
756.0
 20
306.0
 10
756.0
 20
306.5
 10
756.0
 20
307.0
 10
755.5
 20
307.5
 10
755.5
 20
308.0
 10
755.5
 20
308.5
 10
755.5
 20
309.0
 10
755.5
 20
309.5
 10
755.5
 20
310.0
 10
755.5
 20
310.5
 10
755.0
 20
310.5
 10
754.5
 20
311.0
 10
754.5
 20
311.5
 10
754.0
 20
311.5
 10
753.5
 20
311.5
 10
753.0
 20
311.5
 10
752.5
 20
311.5
 10
752.0
 20
312.0
 10
752.0
 20
312.5
 10
751.5
 20
313.0
 10
751.5
 20
313.5
 10
751.5
 20
314.0
 10
751.0
 20
314.5
 10
750.5
 20
315.0
 10
750.5
 20
315.5
 10
750.0
 20
316.0
 10
750.0
 20
316.5
 10
749.5
 20
317.0
 10
749.5
 20
317.5
 10
749.5
 20
318.0
 10
749.5
 20
318.5
 10
749.5
 20
319.0
 10
749.5
 20
319.5
 10
750.0
 20
320.0
 10
750.0
 20
320.5
 10
750.0
 20
321.0
 10
750.0
 20
321.5
 10
750.5
 20
322.0
 10
751.0
 20
322.5
 10
751.5
 20
323.0
 10
751.5
 20
323.5
 10
751.5
 20
324.0
 10
751.5
 20
324.5
 10
751.5
 20
325.0
 10
751.5
 20
325.5
 10
752.0
 20
326.0
 10
752.0
 20
326.5
 10
752.0
 20
327.0
 10
752.0
 20
327.5
 10
752.0
 20
328.0
 10
752.5
 20
328.5
 10
753.0
 20
328.5
 10
753.5
 20
328.5
 10
754.0
 20
328.5
 10
754.5
 20
328.5
 10
755.0
 20
328.5
 10
755.0
 20
329.0
 10
755.0
 20
329.5
 10
755.0
 20
330.0
 10
755.0
 20
330.5
 10
755.0
 20
331.0
 10
755.0
 20
331.5
 10
755.0
 20
332.0
 10
755.0
 20
332.5
 10
755.0
 20
333.0
 10
755.0
 20
333.5
 10
754.5
 20
334.0
 10
754.0
 20
334.0
 10
753.5
 20
334.0
 10
753.0
 20
334.0
 10
752.5
 20
334.0
 10
752.0
 20
334.5
 10
752.0
 20
335.0
 10
752.0
 20
335.5
 10
752.0
 20
336.0
 10
752.0
 20
336.5
 10
752.0
 20
337.0
 10
751.5
 20
337.5
 10
751.5
 20
338.0
 10
751.5
 20
338.5
 10
751.5
 20
339.0
 10
751.5
 20
339.5
 10
751.5
 20
340.0
 10
751.5
 20
340.5
 10
751.5
 20
341.0
 10
751.5
 20
341.5
 10
751.5
 20
342.0
 10
752.0
 20
342.5
 10
752.0
 20
343.0
 10
752.0
 20
343.5
 10
752.0
 20
344.0
 10
752.0
 20
344.5
 10
752.0
 20
345.0
 10
752.0
 20
345.5
 10
752.0
 20
346.0
 10
752.5
 20
346.5
 10
752.5
 20
347.0
 10
752.5
 20
347.5
 10
752.5
 20
348.0
 10
752.5
 20
348.5
 10
752.0
 20
349.0
 10
752.0
 20
349.5
 10
752.0
 20
350.0
 10
751.5
 20
350.0
 10
751.0
 20
350.5
 10
750.5
 20
351.0
 10
750.5
 20
351.5
 10
750.0
 20
352.0
 10
750.0
 20
352.5
 10
749.5
 20
353.0
 10
749.5
 20
353.5
 10
749.5
 20
354.0
 10
749.0
 20
354.5
 10
749.0
 20
355.0
 10
749.0
 20
355.5
 10
748.5
 20
356.0
 10
748.5
 20
356.5
 10
748.5
 20
357.0
 10
748.5
 20
357.5
 10
748.5
 20
358.0
 10
748.5
 20
358.5
 10
748.5
 20
359.0
 10
748.5
 20
359.5
 10
748.5
 20
360.0
 10
748.5
 20
360.5
 10
748.5
 20
361.0
 10
748.5
 20
361.5
 10
748.5
 20
362.0
 10
748.5
 20
362.5
 10
748.5
 20
363.0
 10
749.0
 20
363.5
 10
749.0
 20
364.0
 10
749.0
 20
364.5
 10
749.5
 20
365.0
 10
750.0
 20
365.5
 10
750.0
 20
366.0
 10
750.5
 20
366.5
 10
751.0
 20
367.0
 10
751.0
 20
367.5
 10
751.5
 20
368.0
 10
752.0
 20
368.5
 10
752.5
 20
369.0
 10
753.0
 20
369.5
 10
753.5
 20
370.0
 10
753.5
 20
370.5
 10
754.0
 20
371.0
 10
754.0
 20
371.5
 10
754.0
 20
372.0
 10
754.0
 20
372.5
 10
754.0
 20
373.0
 10
753.5
 20
373.5
 10
753.5
 20
374.0
 10
753.0
 20
374.0
 10
752.5
 20
374.0
 10
752.0
 20
374.5
 10
752.0
 20
375.0
 10
752.0
 20
375.5
 10
752.0
 20
376.0
 10
751.5
 20
376.5
 10
751.0
 20
377.0
 10
751.0
 20
377.5
 10
750.5
 20
378.0
 10
750.5
 20
378.5
 10
750.0
 20
379.0
 10
750.0
 20
379.5
 10
750.0
 20
380.0
 10
750.0
 20
380.5
 10
750.0
 20
381.0
 10
750.0
 20
381.5
 10
750.0
 20
382.0
 10
750.5
 20
382.5
 10
750.5
 20
383.0
 10
750.5
 20
383.5
 10
750.5
 20
384.0
 10
750.5
 20
384.5
 10
750.5
 20
385.0
 10
750.5
 20
385.5
 10
750.0
 20
386.0
 10
750.0
 20
386.5
 10
750.0
 20
387.0
 10
750.0
 20
387.5
 10
750.0
 20
388.0
 10
750.0
 20
388.5
 10
750.0
 20
389.0
 10
750.0
 20
389.5
 10
750.0
 20
390.0
 10
750.0
 20
390.5
 10
750.0
 20
391.0
 10
750.0
 20
391.5
 10
750.5
 20
392.0
 10
751.0
 20
392.5
 10
751.0
 20
393.0
 10
751.0
 20
393.5
 10
751.5
 20
394.0
 10
752.0
 20
394.5
 10
752.0
 20
395.0
 10
752.0
 20
395.5
 10
752.0
 20
396.0
 10
752.0
 20
396.5
 10
752.5
 20
397.0
 10
753.0
 20
397.0
 10
753.5
 20
397.0
 10
754.0
 20
397.0
 10
754.5
 20
397.0
 10
755.0
 20
397.0
 10
755.5
 20
397.0
 10
755.5
 20
397.5
 10
755.5
 20
398.0
 10
755.5
 20
398.5
 10
755.5
 20
399.0
 10
755.5
 20
399.5
 10
755.5
 20
400.0
 10
755.5
 20
400.5
 10
755.5
 20
401.0
 10
755.5
 20
401.5
 10
755.5
 20
402.0
 10
755.5
 20
402.5
 10
755.5
 20
403.0
 10
755.5
 20
403.5
 10
755.5
 20
404.0
 10
755.5
 20
404.5
 10
755.5
 20
405.0
 10
755.5
 20
405.5
 10
755.5
 20
406.0
 10
755.5
 20
406.5
 10
755.5
 20
407.0
 10
755.5
 20
407.5
 10
755.5
 20
408.0
 10
755.5
 20
408.5
 10
755.5
 20
409.0
 10
755.5
 20
409.5
 10
755.5
 20
410.0
 10
755.5
 20
410.5
 10
755.5
 20
411.0
 10
755.5
 20
411.5
 10
755.5
 20
412.0
 10
755.5
 20
412.5
 10
755.5
 20
413.0
 10
755.5
 20
413.5
 10
755.5
 20
414.0
 10
755.5
 20
414.5
 10
755.5
 20
415.0
 10
755.5
 20
415.5
 10
755.5
 20
416.0
 10
755.5
 20
416.5
 10
755.5
 20
417.0
 10
755.5
 20
417.5
 10
755.5
 20
418.0
 10
755.5
 20
418.5
 10
755.5
 20
419.0
 10
755.5
 20
419.5
 10
755.5
 20
420.0
 10
755.5
 20
420.5
 10
755.5
 20
421.0
 10
756.0
 20
421.5
 10
756.0
 20
422.0
 10
756.0
 20
422.5
 10
756.0
 20
423.0
 10
756.0
 20
423.5
 10
756.0
 20
424.0
 10
756.0
 20
424.5
 10
756.0
 20
425.0
 10
756.0
 20
425.5
 10
756.0
 20
426.0
 10
756.0
 20
426.5
 10
756.0
 20
427.0
 10
756.0
 20
427.5
 10
756.0
 20
428.0
 10
756.0
 20
428.5
 10
756.0
 20
429.0
 10
756.0
 20
429.5
 10
756.0
 20
430.0
 10
756.0
 20
430.5
 10
756.0
 20
431.0
 10
756.0
 20
431.5
 10
756.0
 20
432.0
 10
756.0
 20
432.5
 10
756.0
 20
433.0
 10
756.0
 20
433.5
 10
756.0
 20
434.0
 10
756.0
 20
434.5
 10
756.0
 20
435.0
 10
756.0
 20
435.5
 10
756.5
 20
436.0
 10
756.5
 20
436.5
 10
756.5
 20
437.0
 10
756.5
 20
437.5
 10
756.5
 20
438.0
 10
756.5
 20
438.5
 10
756.5
 20
439.0
 10
756.5
 20
439.5
 10
756.5
 20
440.0
 10
756.5
 20
440.5
 10
756.5
 20
441.0
 10
756.5
 20
441.5
 10
756.5
 20
442.0
 10
756.5
 20
442.5
 10
756.0
 20
443.0
 10
755.5
 20
443.5
 10
755.0
 20
443.5
 10
754.5
 20
443.5
 10
754.0
 20
443.5
 10
753.5
 20
443.5
 10
753.0
 20
443.5
 10
752.5
 20
444.0
 10
752.5
 20
444.5
 10
752.5
 20
445.0
 10
752.5
 20
445.5
 10
752.5
 20
446.0
 10
752.5
 20
446.5
 10
752.0
 20
447.0
 10
751.5
 20
447.5
 10
751.5
 20
448.0
 10
751.5
 20
448.5
 10
751.5
 20
449.0
 10
751.0
 20
449.5
 10
751.0
 20
450.0
 10
751.0
 20
450.5
 10
751.0
 20
451.0
 10
751.0
 20
451.5
 10
751.0
 20
452.0
 10
751.0
 20
452.5
 10
751.5
 20
453.0
 10
751.5
 20
453.5
 10
751.5
 20
454.0
 10
751.5
 20
454.5
 10
751.5
 20
455.0
 10
752.0
 20
455.5
 10
752.5
 20
456.0
 10
752.5
 20
456.5
 10
752.5
 20
457.0
 10
752.5
 20
457.5
 10
752.5
 20
458.0
 10
752.5
 20
458.5
 10
752.5
 20
459.0
 10
752.5
 20
459.5
 10
752.5
 20
460.0
 10
752.5
 20
460.5
 10
752.5
 20
461.0
 10
752.5
 20
461.5
 10
752.5
 20
462.0
 10
752.0
 20
462.0
 10
751.5
 20
462.5
 10
751.0
 20
463.0
 10
751.0
 20
463.5
 10
750.5
 20
464.0
 10
750.5
 20
464.5
 10
750.5
 20
465.0
 10
750.5
 20
465.5
 10
750.0
 20
466.0
 10
750.0
 20
466.5
 10
750.0
 20
467.0
 10
750.0
 20
467.5
 10
750.0
 20
468.0
 10
750.0
 20
468.5
 10
750.0
 20
469.0
 10
750.5
 20
469.5
 10
750.5
 20
470.0
 10
751.0
 20
470.5
 10
751.0
 20
471.0
 10
751.0
 20
471.5
 10
751.0
 20
472.0
 10
751.0
 20
472.5
 10
751.0
 20
473.0
 10
751.0
 20
473.5
 10
751.0
 20
474.0
 10
751.0
 20
474.5
 10
751.0
 20
475.0
 10
751.5
 20
475.5
 10
751.5
 20
476.0
 10
752.0
 20
476.5
 10
752.0
 20
477.0
 10
752.0
 20
477.5
 10
752.0
 20
478.0
 10
752.5
 20
478.5
 10
752.5
 20
479.0
 10
752.5
 20
479.5
 10
752.5
 20
480.0
 10
752.5
 20
480.5
 10
753.0
 20
481.0
 10
753.0
 20
481.5
 10
753.0
 20
482.0
 10
753.0
 20
482.5
 10
753.0
 20
483.0
 10
753.0
 20
483.5
 10
753.0
 20
484.0
 10
753.0
 20
484.5
 10
753.0
 20
485.0
 10
753.0
 20
485.5
 10
753.0
 20
486.0
 10
753.0
 20
486.5
 10
753.0
 20
487.0
 10
753.0
 20
487.5
 10
753.0
 20
488.0
 10
753.0
 20
488.5
 10
753.0
 20
489.0
 10
753.0
 20
489.5
 10
753.0
 20
490.0
 10
753.5
 20
490.5
 10
754.0
 20
490.5
 10
754.5
 20
490.5
 10
755.0
 20
490.5
 10
755.5
 20
490.5
 10
755.5
 20
491.0
 10
755.5
 20
491.5
 10
755.5
 20
492.0
 10
755.5
 20
492.5
 10
755.5
 20
493.0
 10
755.5
 20
493.5
 10
755.5
 20
494.0
 10
755.5
 20
494.5
 10
755.5
 20
495.0
 10
755.5
 20
495.5
 10
755.5
 20
496.0
 10
755.5
 20
496.5
 10
755.5
 20
497.0
 10
755.5
 20
497.5
 10
755.5
 20
498.0
 10
755.5
 20
498.5
 10
755.5
 20
499.0
 10
755.5
 20
499.5
 10
755.5
 20
500.0
 10
755.5
 20
500.5
 10
755.5
 20
501.0
 10
756.0
 20
501.5
 10
756.0
 20
502.0
 10
756.0
 20
502.5
 10
756.0
 20
503.0
 10
756.5
 20
503.5
 10
756.5
 20
504.0
 10
756.5
 20
504.5
 10
756.5
 20
505.0
 10
756.5
 20
505.5
 10
756.5
 20
506.0
 10
756.5
 20
506.5
 10
756.5
 20
507.0
 10
756.5
 20
507.5
 10
756.0
 20
507.5
 10
755.5
 20
507.5
 10
755.0
 20
507.5
 10
754.5
 20
507.5
 10
754.0
 20
507.5
 10
753.5
 20
507.5
 10
753.0
 20
507.5
 10
752.5
 20
508.0
 10
752.0
 20
508.0
 10
751.5
 20
508.0
 10
751.0
 20
508.5
 10
750.5
 20
509.0
 10
750.0
 20
509.5
 10
750.0
 20
510.0
 10
750.0
 20
510.5
 10
750.0
 20
511.0
 10
750.0
 20
511.5
 10
750.0
 20
512.0
 10
750.5
 20
512.5
 10
750.5
 20
513.0
 10
750.5
 20
513.5
 10
750.5
 20
514.0
 10
750.5
 20
514.5
 10
750.5
 20
515.0
 10
750.5
 20
515.5
 10
750.5
 20
516.0
 10
750.5
 20
516.5
 10
750.5
 20
517.0
 10
750.5
 20
517.5
 10
750.5
 20
518.0
 10
750.5
 20
518.5
 10
751.0
 20
519.0
 10
751.0
 20
519.5
 10
751.0
 20
520.0
 10
751.0
 20
520.5
 10
751.0
 20
521.0
 10
751.0
 20
521.5
 10
751.0
 20
522.0
 10
751.0
 20
522.5
 10
751.0
 20
523.0
 10
751.0
 20
523.5
 10
751.0
 20
524.0
 10
751.0
 20
524.5
 10
750.5
 20
525.0
 10
750.5
 20
525.5
 10
750.5
 20
526.0
 10
750.5
 20
526.5
 10
750.5
 20
527.0
 10
750.5
 20
527.5
 10
750.5
 20
528.0
 10
750.5
 20
528.5
 10
750.5
 20
529.0
 10
751.0
 20
529.5
 10
751.0
 20
530.0
 10
751.5
 20
530.5
 10
751.5
 20
531.0
 10
752.0
 20
531.5
 10
752.0
 20
532.0
 10
752.5
 20
532.5
 10
752.5
 20
533.0
 10
752.5
 20
533.5
 10
752.5
 20
534.0
 10
752.5
 20
534.5
 10
752.5
 20
535.0
 10
752.5
 20
535.5
 10
752.5
 20
536.0
 10
752.5
 20
536.5
 10
753.0
 20
537.0
 10
753.0
 20
537.5
 10
753.0
 20
538.0
 10
753.0
 20
538.5
 10
753.0
 20
539.0
 10
753.5
 20
539.5
 10
754.0
 20
539.5
 10
754.5
 20
539.5
 10
755.0
 20
539.5
 10
755.5
 20
539.5
 10
755.5
 20
540.0
 10
755.5
 20
540.5
 10
755.5
 20
541.0
 10
756.0
 20
541.5
 10
756.5
 20
541.5
 10
756.5
 20
542.0
 10
756.5
 20
542.5
 10
756.5
 20
543.0
 10
756.5
 20
543.5
 10
756.5
 20
544.0
 10
756.5
 20
544.5
 10
756.5
 20
545.0
 10
756.5
 20
545.5
 10
756.5
 20
546.0
 10
756.5
 20
546.5
 10
756.0
 20
547.0
 10
756.0
 20
547.5
 10
756.0
 20
548.0
 10
756.0
 20
548.5
 10
755.5
 20
548.5
 10
755.0
 20
548.5
 10
754.5
 20
548.5
 10
754.0
 20
548.5
 10
753.5
 20
548.5
 10
753.0
 20
549.0
 10
753.0
 20
549.5
 10
753.0
 20
550.0
 10
753.0
 20
550.5
 10
753.0
 20
551.0
 10
753.0
 20
551.5
 10
753.0
 20
552.0
 10
752.5
 20
552.0
 10
752.0
 20
552.5
 10
751.5
 20
553.0
 10
751.5
 20
553.5
 10
751.5
 20
554.0
 10
751.5
 20
554.5
 10
751.5
 20
555.0
 10
751.5
 20
555.5
 10
751.5
 20
556.0
 10
751.5
 20
556.5
 10
751.5
 20
557.0
 10
751.5
 20
557.5
 10
751.5
 20
558.0
 10
751.5
 20
558.5
 10
751.5
 20
559.0
 10
751.5
 20
559.5
 10
751.5
 20
560.0
 10
751.5
 20
560.5
 10
752.0
 20
561.0
 10
752.0
 20
561.5
 10
752.0
 20
562.0
 10
752.5
 20
562.5
 10
752.5
 20
563.0
 10
753.0
 20
563.5
 10
753.5
 20
564.0
 10
753.5
 20
564.5
 10
753.5
 20
565.0
 10
753.5
 20
565.5
 10
754.0
 20
566.0
 10
754.5
 20
566.0
 10
755.0
 20
566.0
 10
755.5
 20
566.5
 10
755.5
 20
567.0
 10
755.5
 20
567.5
 10
755.5
 20
568.0
 10
755.5
 20
568.5
 10
755.5
 20
569.0
 10
755.5
 20
569.5
 10
755.5
 20
570.0
 10
756.0
 20
570.5
 10
756.0
 20
571.0
 10
756.0
 20
571.5
 10
756.0
 20
572.0
 10
756.0
 20
572.5
 10
756.0
 20
573.0
 10
756.0
 20
573.5
 10
756.0
 20
574.0
 10
756.0
 20
574.5
 10
756.0
 20
575.0
 10
756.0
 20
575.5
 10
756.0
 20
576.0
 10
756.0
 20
576.5
 10
756.0
 20
577.0
 10
756.0
 20
577.5
 10
756.0
 20
578.0
 10
756.0
 20
578.5
 10
755.5
 20
579.0
 10
755.5
 20
579.5
 10
755.5
 20
580.0
 10
755.5
 20
580.5
 10
755.0
 20
580.5
 10
754.5
 20
581.0
 10
754.0
 20
581.0
 10
753.5
 20
581.0
 10
753.0
 20
581.5
 10
753.0
 20
582.0
 10
753.0
 20
582.5
 10
753.0
 20
583.0
 10
753.0
 20
583.5
 10
753.0
 20
584.0
 10
753.0
 20
584.5
 10
753.0
 20
585.0
 10
753.0
 20
585.5
 10
753.0
 20
586.0
 10
753.0
 20
586.5
 10
753.0
 20
587.0
 10
752.5
 20
587.0
 10
752.0
 20
587.0
 10
751.5
 20
587.5
 10
751.5
 20
588.0
 10
751.5
 20
588.5
 10
751.5
 20
589.0
 10
751.5
 20
589.5
 10
751.5
 20
590.0
 10
751.5
 20
590.5
 10
751.5
 20
591.0
 10
751.5
 20
591.5
 10
751.5
 20
592.0
 10
751.5
 20
592.5
 10
751.5
 20
593.0
 10
751.5
 20
593.5
 10
751.5
 20
594.0
 10
751.5
 20
594.5
 10
751.5
 20
595.0
 10
751.5
 20
595.5
 10
751.5
 20
596.0
 10
751.5
 20
596.5
 10
751.5
 20
597.0
 10
751.5
 20
597.5
 10
752.0
 20
598.0
 10
752.0
 20
598.5
 10
752.0
 20
599.0
 10
752.5
 20
599.5
 10
753.0
 20
599.5
 10
753.0
 20
600.0
 10
753.0
 20
600.5
 10
753.0
 20
601.0
 10
753.0
 20
601.5
 10
753.0
 20
602.0
 10
753.0
 20
602.5
 10
753.0
 20
603.0
 10
753.0
 20
603.5
 10
753.0
 20
604.0
 10
753.0
 20
604.5
 10
753.0
 20
605.0
 10
753.0
 20
605.5
 10
753.0
 20
606.0
 10
753.0
 20
606.5
 10
753.0
 20
607.0
 10
753.0
 20
607.5
 10
752.5
 20
607.5
 10
752.0
 20
608.0
 10
752.0
 20
608.5
 10
752.0
 20
609.0
 10
752.0
 20
609.5
 10
752.0
 20
610.0
 10
752.0
 20
610.5
 10
752.0
 20
611.0
 10
752.0
 20
611.5
 10
752.0
 20
612.0
 10
752.0
 20
612.5
 10
752.0
 20
613.0
 10
752.0
 20
613.5
 10
752.0
 20
614.0
 10
752.0
 20
614.5
 10
752.0
 20
615.0
 10
752.0
 20
615.5
 10
752.0
 20
616.0
 10
752.0
 20
616.5
 10
752.0
 20
617.0
 10
752.0
 20
617.5
 10
752.0
 20
618.0
 10
752.0
 20
618.5
 10
752.5
 20
619.0
 10
753.0
 20
619.5
 10
753.0
 20
620.0
 10
753.0
 20
620.5
 10
753.0
 20
621.0
 10
753.0
 20
621.5
 10
753.0
 20
622.0
 10
753.0
 20
622.5
 10
753.0
 20
623.0
 10
753.0
 20
623.5
 10
753.0
 20
624.0
 10
753.0
 20
624.5
 10
753.0
 20
625.0
 10
753.0
 20
625.5
 10
753.0
 20
626.0
 10
753.0
 20
626.5
 10
753.0
 20
627.0
 10
753.0
 20
627.5
 10
753.0
 20
628.0
 10
753.0
 20
628.5
 10
753.0
 20
629.0
 10
753.0
 20
629.5
 10
753.0
 20
630.0
 10
753.0
 20
630.5
 10
753.0
 20
631.0
 10
753.0
 20
631.5
 10
753.0
 20
632.0
 10
753.0
 20
632.5
 10
753.5
 20
633.0
 10
753.5
 20
633.5
 10
753.5
 20
634.0
 10
753.5
 20
634.5
 10
753.5
 20
635.0
 10
753.5
 20
635.5
 10
753.5
 20
636.0
 10
754.0
 20
636.5
 10
754.5
 20
636.5
 10
755.0
 20
636.5
 10
755.5
 20
637.0
 10
756.0
 20
637.5
 10
756.0
 20
638.0
 10
756.5
 20
638.5
 10
757.0
 20
638.5
 10
757.5
 20
638.5
 10
757.5
 20
639.0
 10
757.5
 20
639.5
 10
757.5
 20
640.0
 10
757.5
 20
640.5
 10
757.5
 20
641.0
 10
757.5
 20
641.5
 10
757.5
 20
642.0
 10
757.5
 20
642.5
 10
757.0
 20
642.5
 10
756.5
 20
643.0
 10
756.0
 20
643.0
 10
755.5
 20
643.0
 10
755.0
 20
643.0
 10
754.5
 20
643.0
 10
754.0
 20
643.0
 10
753.5
 20
643.5
 10
753.5
 20
644.0
 10
753.5
 20
644.5
 10
753.5
 20
645.0
 10
753.5
 20
645.5
 10
753.5
 20
646.0
 10
753.0
 20
646.0
 10
752.5
 20
646.5
 10
752.5
 20
647.0
 10
752.5
 20
647.5
 10
752.5
 20
648.0
 10
752.5
 20
648.5
 10
752.5
 20
649.0
 10
752.0
 20
649.5
 10
752.0
 20
650.0
 10
752.0
 20
650.5
 10
752.0
 20
651.0
 10
752.0
 20
651.5
 10
752.0
 20
652.0
 10
752.0
 20
652.5
 10
752.5
 20
653.0
 10
752.5
 20
653.5
 10
753.0
 20
654.0
 10
753.0
 20
654.5
 10
753.5
 20
655.0
 10
753.5
 20
655.5
 10
753.5
 20
656.0
 10
753.5
 20
656.5
 10
754.0
 20
657.0
 10
754.0
 20
657.5
 10
754.5
 20
658.0
 10
755.0
 20
658.0
 10
755.5
 20
658.0
 10
756.0
 20
658.0
 10
756.5
 20
658.0
 10
757.0
 20
658.5
 10
757.5
 20
659.0
 10
757.5
 20
659.5
 10
757.5
 20
660.0
 10
757.5
 20
660.5
 10
757.5
 20
661.0
 10
757.5
 20
661.5
 10
757.5
 20
662.0
 10
757.5
 20
662.5
 10
757.5
 20
663.0
 10
757.5
 20
663.5
 10
757.5
 20
664.0
 10
757.5
 20
664.5
 10
757.5
 20
665.0
 10
757.5
 20
665.5
 10
757.5
 20
666.0
 10
757.5
 20
666.5
 10
757.5
 20
667.0
 10
757.5
 20
667.5
 10
757.5
 20
668.0
 10
757.5
 20
668.5
 10
757.5
 20
669.0
 10
757.5
 20
669.5
 10
757.5
 20
670.0
 10
757.0
 20
670.5
 10
757.0
 20
671.0
 10
757.0
 20
671.5
 10
757.0
 20
672.0
 10
757.0
 20
672.5
 10
757.0
 20
673.0
 10
757.0
 20
673.5
 10
757.0
 20
674.0
 10
757.0
 20
674.5
 10
756.5
 20
675.0
 10
756.5
 20
675.5
 10
756.5
 20
676.0
 10
756.5
 20
676.5
 10
756.0
 20
676.5
 10
755.5
 20
676.5
 10
755.0
 20
676.5
 10
754.5
 20
676.5
 10
754.0
 20
676.5
 10
753.5
 20
677.0
 10
753.5
 20
677.5
 10
753.5
 20
678.0
 10
753.5
 20
678.5
 10
753.5
 20
679.0
 10
753.5
 20
679.5
 10
753.0
 20
679.5
 10
752.5
 20
680.0
 10
752.5
 20
680.5
 10
752.5
 20
681.0
 10
752.5
 20
681.5
 10
752.5
 20
682.0
 10
752.5
 20
682.5
 10
752.5
 20
683.0
 10
752.5
 20
683.5
 10
752.5
 20
684.0
 10
752.5
 20
684.5
 10
752.5
 20
685.0
 10
752.5
 20
685.5
 10
752.5
 20
686.0
 10
752.5
 20
686.5
 10
753.0
 20
687.0
 10
753.5
 20
687.0
 10
753.5
 20
687.5
 10
754.0
 20
688.0
 10
754.0
 20
688.5
 10
754.0
 20
689.0
 10
754.0
 20
689.5
 10
754.0
 20
690.0
 10
754.0
 20
690.5
 10
754.5
 20
691.0
 10
755.0
 20
691.0
 10
755.5
 20
691.0
 10
756.0
 20
691.0
 10
756.5
 20
691.0
 10
757.0
 20
691.0
 10
757.0
 20
691.5
 10
757.0
 20
692.0
 10
757.0
 20
692.5
 10
757.0
 20
693.0
 10
757.0
 20
693.5
 10
757.0
 20
694.0
 10
757.0
 20
694.5
 10
757.0
 20
695.0
 10
757.0
 20
695.5
 10
757.0
 20
696.0
 10
757.0
 20
696.5
 10
757.0
 20
697.0
 10
757.0
 20
697.5
 10
757.0
 20
698.0
 10
757.0
 20
698.5
 10
757.0
 20
699.0
 10
757.0
 20
699.5
 10
757.0
 20
700.0
 10
757.0
 20
700.5
 10
757.0
 20
701.0
 10
757.0
 20
701.5
 10
757.0
 20
702.0
 10
757.0
 20
702.5
 10
757.0
 20
703.0
 10
757.5
 20
703.5
 10
757.5
 20
704.0
 10
757.5
 20
704.5
 10
757.5
 20
705.0
 10
757.5
 20
705.5
 10
757.5
 20
706.0
 10
758.0
 20
706.5
 10
758.0
 20
707.0
 10
758.5
 20
707.5
 10
758.5
 20
708.0
 10
759.0
 20
708.5
 10
759.0
 20
709.0
 10
759.5
 20
709.5
 10
760.0
 20
710.0
 10
760.5
 20
710.5
 10
761.0
 20
710.5
 10
761.5
 20
711.0
 10
762.0
 20
711.0
 10
762.5
 20
711.5
 10
763.0
 20
711.5
 10
763.5
 20
711.5
 10
764.0
 20
712.0
 10
764.5
 20
712.0
 10
765.0
 20
712.0
 10
765.5
 20
712.0
 10
766.0
 20
712.0
 10
766.5
 20
712.0
 10
767.0
 20
712.0
 10
767.5
 20
712.0
 10
768.0
 20
712.0
 10
768.5
 20
712.0
 10
769.0
 20
712.0
 10
769.5
 20
712.5
 10
770.0
 20
712.5
 10
770.5
 20
712.5
 10
771.0
 20
712.5
 10
771.5
 20
712.5
 10
772.0
 20
712.5
 10
772.5
 20
712.5
 10
773.0
 20
712.5
 10
773.5
 20
712.5
 10
774.0
 20
712.5
 10
774.0
 20
713.0
 10
774.0
 20
713.5
 10
774.0
 20
714.0
 10
774.0
 20
714.5
 10
774.0
 20
715.0
 10
774.5
 20
715.5
 10
775.0
 20
715.5
 10
775.5
 20
715.5
 10
776.0
 20
716.0
 10
776.5
 20
716.5
 10
777.0
 20
717.0
 10
777.5
 20
717.0
 10
778.0
 20
717.0
 10
778.5
 20
717.5
 10
779.0
 20
717.5
 10
779.5
 20
718.0
 10
780.0
 20
718.0
 10
780.5
 20
718.0
 10
781.0
 20
718.0
 10
781.5
 20
718.0
 10
782.0
 20
718.0
 10
782.5
 20
718.0
 10
783.0
 20
718.0
 10
783.5
 20
717.5
 10
784.0
 20
717.5
 10
784.5
 20
717.5
 10
785.0
 20
717.0
 10
785.5
 20
717.0
 10
786.0
 20
717.0
 10
786.5
 20
717.0
 10
787.0
 20
717.0
 10
787.5
 20
717.0
 10
788.0
 20
717.0
 10
788.5
 20
717.0
 10
789.0
 20
717.0
 10
789.5
 20
717.0
 10
790.0
 20
717.0
 10
790.5
 20
717.0
 10
791.0
 20
717.0
 10
791.5
 20
717.0
 10
792.0
 20
717.0
 10
792.5
 20
717.0
 10
793.0
 20
717.0
 10
793.5
 20
717.0
 10
794.0
 20
717.0
 10
794.5
 20
717.0
 10
795.0
 20
717.0
 10
795.5
 20
717.0
 10
796.0
 20
717.0
 10
796.5
 20
717.0
 10
797.0
 20
717.0
 10
797.5
 20
716.5
 10
797.5
 20
716.0
 10
797.5
 20
715.5
 10
798.0
 20
715.5
 10
798.5
 20
715.5
 10
799.0
 20
715.5
 10
799.5
 20
715.5
 10
800.0
 20
715.5
 10
800.5
 20
715.5
 10
801.0
 20
715.5
 10
801.5
 20
715.5
 10
802.0
 20
715.5
 10
802.5
 20
715.5
 10
803.0
 20
715.5
 10
803.5
 20
715.5
 10
804.0
 20
715.5
 10
804.5
 20
715.5
 10
805.0
 20
715.5
 10
805.0
 20
716.0
 10
805.0
 20
716.5
 10
805.5
 20
717.0
 10
806.0
 20
717.0
 10
806.5
 20
717.0
 10
807.0
 20
717.0
 10
807.5
 20
717.0
 10
808.0
 20
717.0
 10
808.5
 20
717.0
 10
809.0
 20
717.0
 10
809.5
 20
717.0
 10
810.0
 20
717.0
 10
810.5
 20
717.0
 10
811.0
 20
717.0
 10
811.5
 20
717.0
 10
812.0
 20
717.0
 10
812.5
 20
717.0
 10
813.0
 20
717.0
 10
813.5
 20
717.0
 10
814.0
 20
717.0
 10
814.5
 20
717.0
 10
815.0
 20
716.5
 10
815.0
 20
716.0
 10
815.0
 20
715.5
 10
815.5
 20
715.5
 10
816.0
 20
715.5
 10
816.5
 20
715.5
 10
817.0
 20
715.5
 10
817.5
 20
715.5
 10
818.0
 20
715.5
 10
818.5
 20
715.0
 10
818.5
 20
714.5
 10
818.5
 20
714.0
 10
818.5
 20
713.5
 10
818.5
 20
713.0
 10
818.5
 20
712.5
 10
819.0
 20
712.5
 10
819.5
 20
712.5
 10
820.0
 20
712.5
 10
820.5
 20
712.5
 10
821.0
 20
712.5
 10
821.5
 20
712.5
 10
822.0
 20
712.5
 10
822.5
 20
712.5
 10
823.0
 20
712.5
 10
823.5
 20
712.5
 10
824.0
 20
712.5
 10
824.5
 20
712.5
 10
825.0
 20
712.5
 10
825.5
 20
712.5
 10
826.0
 20
712.5
 10
826.5
 20
713.0
 10
827.0
 20
713.0
 10
827.5
 20
713.0
 10
828.0
 20
713.0
 10
828.5
 20
713.0
 10
829.0
 20
713.0
 10
829.5
 20
713.0
 10
830.0
 20
713.0
 10
830.5
 20
713.0
 10
831.0
 20
713.0
 10
831.5
 20
713.0
 10
832.0
 20
712.5
 10
832.5
 20
712.0
 10
833.0
 20
712.0
 10
833.5
 20
712.0
 10
834.0
 20
712.0
 10
834.5
 20
712.0
 10
835.0
 20
712.0
 10
835.5
 20
712.0
 10
836.0
 20
712.0
 10
836.5
 20
712.0
 10
837.0
 20
712.0
 10
837.5
 20
712.0
 10
838.0
 20
712.0
 10
838.5
 20
712.0
 10
839.0
 20
712.0
 10
839.5
 20
712.0
 10
840.0
 20
712.0
 10
840.5
 20
712.0
 10
841.0
 20
712.0
 10
841.5
 20
712.0
 10
841.5
 20
712.5
 10
842.0
 20
713.0
 10
842.5
 20
713.0
 10
843.0
 20
713.0
 10
843.0
 20
713.5
 10
843.0
 20
714.0
 10
843.0
 20
714.5
 10
843.0
 20
715.0
 10
843.5
 20
715.5
 10
844.0
 20
715.5
 10
844.5
 20
716.0
 10
845.0
 20
716.0
 10
845.5
 20
716.0
 10
846.0
 20
716.0
 10
846.0
 20
716.5
 10
846.5
 20
717.0
 10
847.0
 20
717.0
 10
847.5
 20
717.0
 10
848.0
 20
717.0
 10
848.5
 20
717.5
 10
849.0
 20
717.5
 10
849.5
 20
717.5
 10
850.0
 20
717.5
 10
850.5
 20
717.5
 10
851.0
 20
717.5
 10
851.5
 20
717.5
 10
852.0
 20
717.5
 10
852.5
 20
717.5
 10
853.0
 20
717.5
 10
853.5
 20
717.5
 10
854.0
 20
717.0
 10
854.5
 20
717.0
 10
855.0
 20
717.0
 10
855.5
 20
716.5
 10
856.0
 20
716.0
 10
856.5
 20
716.0
 10
857.0
 20
715.5
 10
857.5
 20
715.5
 10
858.0
 20
715.5
 10
858.5
 20
715.0
 10
858.5
 20
714.5
 10
858.5
 20
714.0
 10
858.5
 20
713.5
 10
858.5
 20
713.0
 10
859.0
 20
713.0
 10
859.5
 20
713.0
 10
860.0
 20
713.0
 10
860.5
 20
713.0
 10
861.0
 20
713.0
 10
861.5
 20
713.0
 10
862.0
 20
713.0
 10
862.5
 20
713.0
 10
863.0
 20
713.0
 10
863.5
 20
713.0
 10
864.0
 20
713.0
 10
864.5
 20
713.0
 10
865.0
 20
713.0
 10
865.5
 20
713.0
 10
866.0
 20
713.0
 10
866.5
 20
713.0
 10
867.0
 20
713.0
 10
867.5
 20
713.0
 10
868.0
 20
713.0
 10
868.5
 20
713.0
 10
869.0
 20
713.0
 10
869.5
 20
713.0
 10
870.0
 20
713.0
 10
870.5
 20
713.0
 10
871.0
 20
713.0
 10
871.5
 20
713.0
 10
872.0
 20
713.0
 10
872.5
 20
713.0
 10
873.0
 20
713.0
 10
873.5
 20
713.0
 10
874.0
 20
713.0
 10
874.0
 20
713.5
 10
874.0
 20
714.0
 10
874.0
 20
714.5
 10
874.0
 20
715.0
 10
874.0
 20
715.5
 10
874.0
 20
716.0
 10
874.0
 20
716.5
 10
874.0
 20
717.0
 10
874.0
 20
717.5
 10
874.0
 20
718.0
 10
874.0
 20
718.5
 10
874.0
 20
719.0
 10
874.0
 20
719.5
 10
874.0
 20
720.0
 10
874.5
 20
720.5
 10
875.0
 20
721.0
 10
875.5
 20
721.5
 10
875.5
 20
722.0
 10
876.0
 20
722.5
 10
876.5
 20
722.5
 10
877.0
 20
722.5
 10
877.5
 20
722.5
 10
878.0
 20
722.5
 10
878.5
 20
722.5
 10
879.0
 20
722.0
 10
879.0
 20
721.5
 10
879.5
 20
721.0
 10
880.0
 20
720.5
 10
880.5
 20
720.5
 10
881.0
 20
720.5
 10
881.5
 20
720.5
 10
882.0
 20
720.5
 10
882.5
 20
720.5
 10
883.0
 20
720.0
 10
883.5
 20
720.0
 10
884.0
 20
720.0
 10
884.5
 20
720.0
 10
885.0
 20
720.0
 10
885.5
 20
720.0
 10
886.0
 20
720.0
 10
886.5
 20
720.0
 10
887.0
 20
720.0
 10
887.5
 20
720.0
 10
888.0
 20
720.0
 10
888.5
 20
720.0
 10
889.0
 20
720.0
 10
889.5
 20
720.0
 10
890.0
 20
720.0
 10
890.0
 20
720.5
 10
890.0
 20
721.0
 10
890.5
 20
721.5
 10
890.5
 20
722.0
 10
890.5
 20
722.5
 10
890.5
 20
723.0
 10
890.5
 20
723.5
 10
890.5
 20
724.0
 10
890.5
 20
724.5
 10
890.5
 20
725.0
 10
890.5
 20
725.5
 10
890.5
 20
726.0
 10
890.5
 20
726.5
 10
890.5
 20
727.0
 10
890.5
 20
727.5
 10
890.5
 20
728.0
 10
890.5
 20
728.5
 10
890.5
 20
729.0
 10
890.5
 20
729.5
 10
890.5
 20
730.0
 10
890.5
 20
730.5
 10
890.5
 20
731.0
 10
890.0
 20
731.0
 10
889.5
 20
731.0
 10
889.0
 20
731.0
 10
888.5
 20
731.0
 10
888.0
 20
731.0
 10
887.5
 20
731.5
 10
887.5
 20
732.0
 10
887.0
 20
732.0
 10
886.5
 20
732.0
 10
886.0
 20
732.0
 10
885.5
 20
732.0
 10
885.0
 20
732.0
 10
884.5
 20
732.0
  0
LWPOLYLINE
  5
E1
330
17
100
AcDbEntity
  8
CURB
370
25
100
AcDbPolyline
 90
147
 70
0
 10
1011.5
 20
736.5
 10
1011.0
 20
736.0
 10
1010.5
 20
736.0
 10
1010.0
 20
736.0
 10
1009.5
 20
736.0
 10
1009.0
 20
736.0
 10
1008.5
 20
736.0
 10
1008.0
 20
736.0
 10
1007.5
 20
736.0
 10
1007.0
 20
736.0
 10
1006.5
 20
736.0
 10
1006.0
 20
736.0
 10
1005.5
 20
735.5
 10
1005.0
 20
735.5
 10
1004.5
 20
735.5
 10
1004.0
 20
735.5
 10
1003.5
 20
735.5
 10
1003.0
 20
735.5
 10
1002.5
 20
735.5
 10
1002.0
 20
735.5
 10
1001.5
 20
735.5
 10
1001.0
 20
735.5
 10
1000.5
 20
735.5
 10
1000.0
 20
735.5
 10
999.5
 20
735.5
 10
999.0
 20
735.5
 10
998.5
 20
735.5
 10
998.5
 20
735.0
 10
998.5
 20
734.5
 10
998.5
 20
734.0
 10
998.5
 20
733.5
 10
998.5
 20
733.0
 10
998.0
 20
732.5
 10
997.5
 20
732.5
 10
997.0
 20
732.5
 10
996.5
 20
732.5
 10
996.0
 20
732.5
 10
995.5
 20
732.5
 10
995.5
 20
732.0
 10
995.0
 20
731.5
 10
994.5
 20
731.5
 10
994.5
 20
731.0
 10
994.5
 20
730.5
 10
994.5
 20
730.0
 10
994.5
 20
729.5
 10
994.5
 20
729.0
 10
995.0
 20
728.5
 10
995.0
 20
728.0
 10
995.0
 20
727.5
 10
995.5
 20
727.0
 10
995.5
 20
726.5
 10
995.5
 20
726.0
 10
995.5
 20
725.5
 10
995.5
 20
725.0
 10
995.0
 20
724.5
 10
995.0
 20
724.0
 10
994.5
 20
723.5
 10
994.5
 20
723.0
 10
994.5
 20
722.5
 10
994.0
 20
722.0
 10
994.0
 20
721.5
 10
993.5
 20
721.0
 10
993.5
 20
720.5
 10
993.5
 20
720.0
 10
993.5
 20
719.5
 10
993.5
 20
719.0
 10
993.5
 20
718.5
 10
993.5
 20
718.0
 10
994.0
 20
718.0
 10
994.5
 20
718.0
 10
995.0
 20
718.0
 10
995.5
 20
718.0
 10
996.0
 20
718.0
 10
996.5
 20
718.0
 10
997.0
 20
718.0
 10
997.5
 20
718.0
 10
998.0
 20
718.0
 10
998.5
 20
718.0
 10
999.0
 20
718.0
 10
999.5
 20
718.0
 10
1000.0
 20
718.0
 10
1000.5
 20
718.0
 10
1001.0
 20
718.0
 10
1001.5
 20
718.0
 10
1002.0
 20
718.0
 10
1002.5
 20
718.0
 10
1003.0
 20
718.0
 10
1003.5
 20
718.0
 10
1004.0
 20
718.0
 10
1004.5
 20
718.0
 10
1005.0
 20
718.0
 10
1005.5
 20
718.0
 10
1006.0
 20
718.0
 10
1006.5
 20
718.0
 10
1007.0
 20
718.0
 10
1007.5
 20
718.0
 10
1008.0
 20
718.0
 10
1008.5
 20
718.0
 10
1009.0
 20
718.0
 10
1009.5
 20
718.0
 10
1010.0
 20
718.0
 10
1010.5
 20
718.0
 10
1011.0
 20
718.0
 10
1011.5
 20
718.0
 10
1011.5
 20
718.5
 10
1012.0
 20
719.0
 10
1012.0
 20
719.5
 10
1012.5
 20
720.0
 10
1013.0
 20
720.5
 10
1013.0
 20
721.0
 10
1013.0
 20
721.5
 10
1013.0
 20
722.0
 10
1013.5
 20
722.5
 10
1013.5
 20
723.0
 10
1013.5
 20
723.5
 10
1013.5
 20
724.0
 10
1014.0
 20
724.5
 10
1014.0
 20
725.0
 10
1014.0
 20
725.5
 10
1014.5
 20
726.0
 10
1014.5
 20
726.5
 10
1015.0
 20
727.0
 10
1015.0
 20
727.5
 10
1015.5
 20
728.0
 10
1015.5
 20
728.5
 10
1015.5
 20
729.0
 10
1015.5
 20
729.5
 10
1016.0
 20
730.0
 10
1016.0
 20
730.5
 10
1016.0
 20
731.0
 10
1016.0
 20
731.5
 10
1016.0
 20
732.0
 10
1016.0
 20
732.5
 10
1016.0
 20
733.0
 10
1016.0
 20
733.5
 10
1016.0
 20
734.0
 10
1016.0
 20
734.5
 10
1016.0
 20
735.0
 10
1015.5
 20
735.0
 10
1015.0
 20
735.5
 10
1015.0
 20
736.0
 10
1014.5
 20
736.5
 10
1014.0
 20
736.5
 10
1013.5
 20
736.5
 10
1013.0
 20
736.5
 10
1012.5
 20
736.5
 10
1012.0
 20
736.5
  0
LWPOLYLINE
  5
E2
330
17
100
AcDbEntity
  8
CURB
370
25
100
AcDbPolyline
 90
2751
 70
0
 10
909.5
 20
741.5
 10
909.5
 20
741.0
 10
909.5
 20
740.5
 10
909.0
 20
740.0
 10
909.0
 20
739.5
 10
909.0
 20
739.0
 10
908.5
 20
738.5
 10
908.0
 20
738.5
 10
907.5
 20
738.5
 10
907.0
 20
738.5
 10
906.5
 20
738.5
 10
906.0
 20
738.5
 10
905.5
 20
738.5
 10
905.0
 20
739.0
 10
904.5
 20
739.0
 10
904.0
 20
739.0
 10
903.5
 20
739.0
 10
903.0
 20
739.0
 10
902.5
 20
739.0
 10
902.0
 20
739.0
 10
901.5
 20
739.0
 10
901.0
 20
739.0
 10
900.5
 20
739.0
 10
900.0
 20
739.0
 10
899.5
 20
738.5
 10
899.0
 20
738.0
 10
898.5
 20
737.5
 10
898.5
 20
737.0
 10
898.5
 20
736.5
 10
898.5
 20
736.0
 10
898.0
 20
735.5
 10
897.5
 20
735.5
 10
897.0
 20
735.5
 10
896.5
 20
735.5
 10
896.0
 20
735.5
 10
895.5
 20
735.5
 10
895.5
 20
735.0
 10
895.5
 20
734.5
 10
895.5
 20
734.0
 10
895.5
 20
733.5
 10
895.5
 20
733.0
 10
895.5
 20
732.5
 10
895.5
 20
732.0
 10
895.5
 20
731.5
 10
895.5
 20
731.0
 10
895.5
 20
730.5
 10
895.5
 20
730.0
 10
895.5
 20
729.5
 10
895.5
 20
729.0
 10
895.0
 20
728.5
 10
895.0
 20
728.0
 10
895.0
 20
727.5
 10
895.0
 20
727.0
 10
895.0
 20
726.5
 10
895.0
 20
726.0
 10
895.0
 20
725.5
 10
895.0
 20
725.0
 10
895.0
 20
724.5
 10
895.0
 20
724.0
 10
895.0
 20
723.5
 10
895.0
 20
723.0
 10
895.0
 20
722.5
 10
895.0
 20
722.0
 10
895.0
 20
721.5
 10
895.0
 20
721.0
 10
895.0
 20
720.5
 10
895.0
 20
720.0
 10
895.0
 20
719.5
 10
895.0
 20
719.0
 10
895.0
 20
718.5
 10
895.0
 20
718.0
 10
895.0
 20
717.5
 10
895.0
 20
717.0
 10
895.0
 20
716.5
 10
895.0
 20
716.0
 10
895.0
 20
715.5
 10
895.0
 20
715.0
 10
895.0
 20
714.5
 10
895.0
 20
714.0
 10
895.0
 20
713.5
 10
895.0
 20
713.0
 10
895.0
 20
712.5
 10
895.0
 20
712.0
 10
895.0
 20
711.5
 10
895.0
 20
711.0
 10
895.0
 20
710.5
 10
895.0
 20
710.0
 10
895.5
 20
709.5
 10
896.0
 20
709.5
 10
896.5
 20
709.0
 10
897.0
 20
708.5
 10
897.5
 20
708.0
 10
897.5
 20
707.5
 10
897.5
 20
707.0
 10
897.5
 20
706.5
 10
897.5
 20
706.0
 10
897.5
 20
705.5
 10
897.5
 20
705.0
 10
897.5
 20
704.5
 10
897.5
 20
704.0
 10
897.5
 20
703.5
 10
898.0
 20
703.5
 10
898.5
 20
703.0
 10
898.5
 20
702.5
 10
898.5
 20
702.0
 10
898.5
 20
701.5
 10
898.5
 20
701.0
 10
898.5
 20
700.5
 10
898.0
 20
700.0
 10
897.5
 20
700.0
 10
897.5
 20
699.5
 10
897.5
 20
699.0
 10
897.5
 20
698.5
 10
897.5
 20
698.0
 10
897.5
 20
697.5
 10
897.5
 20
697.0
 10
897.5
 20
696.5
 10
897.5
 20
696.0
 10
897.0
 20
695.5
 10
896.5
 20
695.5
 10
896.5
 20
695.0
 10
896.5
 20
694.5
 10
896.5
 20
694.0
 10
896.5
 20
693.5
 10
896.5
 20
693.0
 10
896.5
 20
692.5
 10
897.0
 20
692.0
 10
897.0
 20
691.5
 10
897.0
 20
691.0
 10
897.0
 20
690.5
 10
897.0
 20
690.0
 10
897.0
 20
689.5
 10
897.0
 20
689.0
 10
897.5
 20
688.5
 10
897.5
 20
688.0
 10
897.5
 20
687.5
 10
897.5
 20
687.0
 10
897.5
 20
686.5
 10
897.5
 20
686.0
 10
897.5
 20
685.5
 10
897.5
 20
685.0
 10
897.5
 20
684.5
 10
898.0
 20
684.5
 10
898.5
 20
684.0
 10
898.5
 20
683.5
 10
898.5
 20
683.0
 10
898.5
 20
682.5
 10
898.5
 20
682.0
 10
898.0
 20
681.5
 10
898.0
 20
681.0
 10
898.0
 20
680.5
 10
898.0
 20
680.0
 10
898.0
 20
679.5
 10
897.5
 20
679.0
 10
897.5
 20
678.5
 10
897.5
 20
678.0
 10
897.5
 20
677.5
 10
897.5
 20
677.0
 10
897.0
 20
676.5
 10
896.5
 20
676.5
 10
896.5
 20
676.0
 10
896.5
 20
675.5
 10
896.5
 20
675.0
 10
896.0
 20
674.5
 10
895.5
 20
674.5
 10
895.0
 20
674.0
 10
894.5
 20
673.5
 10
894.0
 20
673.0
 10
893.5
 20
672.5
 10
893.5
 20
672.0
 10
893.0
 20
671.5
 10
893.0
 20
671.0
 10
893.0
 20
670.5
 10
893.0
 20
670.0
 10
893.0
 20
669.5
 10
893.0
 20
669.0
 10
893.5
 20
669.0
 10
894.0
 20
668.5
 10
894.5
 20
668.0
 10
894.5
 20
667.5
 10
895.0
 20
667.0
 10
895.0
 20
666.5
 10
895.0
 20
666.0
 10
895.0
 20
665.5
 10
895.5
 20
665.0
 10
895.5
 20
664.5
 10
895.5
 20
664.0
 10
895.5
 20
663.5
 10
895.5
 20
663.0
 10
895.0
 20
662.5
 10
895.0
 20
662.0
 10
895.0
 20
661.5
 10
894.5
 20
661.0
 10
894.5
 20
660.5
 10
894.0
 20
660.0
 10
893.5
 20
659.5
 10
893.0
 20
659.0
 10
893.0
 20
658.5
 10
893.0
 20
658.0
 10
893.0
 20
657.5
 10
893.0
 20
657.0
 10
893.0
 20
656.5
 10
893.5
 20
656.0
 10
894.0
 20
656.0
 10
894.5
 20
656.0
 10
895.0
 20
655.5
 10
895.0
 20
655.0
 10
895.5
 20
655.0
 10
896.0
 20
655.0
 10
896.5
 20
654.5
 10
896.5
 20
654.0
 10
896.5
 20
653.5
 10
896.5
 20
653.0
 10
897.0
 20
652.5
 10
897.5
 20
652.0
 10
897.5
 20
651.5
 10
898.0
 20
651.0
 10
898.0
 20
650.5
 10
898.5
 20
650.0
 10
899.0
 20
649.5
 10
899.0
 20
649.0
 10
899.0
 20
648.5
 10
899.0
 20
648.0
 10
899.0
 20
647.5
 10
898.5
 20
647.0
 10
898.5
 20
646.5
 10
898.5
 20
646.0
 10
898.0
 20
645.5
 10
898.0
 20
645.0
 10
898.0
 20
644.5
 10
897.5
 20
644.0
 10
897.5
 20
643.5
 10
897.5
 20
643.0
 10
897.5
 20
642.5
 10
897.5
 20
642.0
 10
897.5
 20
641.5
 10
897.0
 20
641.0
 10
897.0
 20
640.5
 10
897.0
 20
640.0
 10
897.0
 20
639.5
 10
897.0
 20
639.0
 10
897.0
 20
638.5
 10
897.5
 20
638.0
 10
897.5
 20
637.5
 10
898.0
 20
637.0
 10
898.0
 20
636.5
 10
898.5
 20
636.0
 10
898.5
 20
635.5
 10
898.5
 20
635.0
 10
898.5
 20
634.5
 10
898.5
 20
634.0
 10
898.5
 20
633.5
 10
898.5
 20
633.0
 10
898.5
 20
632.5
 10
898.5
 20
632.0
 10
898.5
 20
631.5
 10
898.0
 20
631.0
 10
897.5
 20
630.5
 10
897.5
 20
630.0
 10
897.5
 20
629.5
 10
897.5
 20
629.0
 10
897.5
 20
628.5
 10
897.5
 20
628.0
 10
897.0
 20
627.5
 10
896.5
 20
627.5
 10
896.5
 20
627.0
 10
896.5
 20
626.5
 10
896.0
 20
626.0
 10
896.0
 20
625.5
 10
895.5
 20
625.0
 10
895.0
 20
625.0
 10
894.5
 20
625.0
 10
894.5
 20
624.5
 10
894.5
 20
624.0
 10
894.0
 20
623.5
 10
894.0
 20
623.0
 10
894.0
 20
622.5
 10
894.0
 20
622.0
 10
894.0
 20
621.5
 10
894.0
 20
621.0
 10
894.0
 20
620.5
 10
894.0
 20
620.0
 10
894.0
 20
619.5
 10
894.0
 20
619.0
 10
894.0
 20
618.5
 10
894.0
 20
618.0
 10
894.0
 20
617.5
 10
894.0
 20
617.0
 10
894.0
 20
616.5
 10
894.0
 20
616.0
 10
894.5
 20
615.5
 10
894.5
 20
615.0
 10
895.0
 20
615.0
 10
895.5
 20
615.0
 10
896.0
 20
614.5
 10
896.0
 20
614.0
 10
896.0
 20
613.5
 10
896.0
 20
613.0
 10
896.0
 20
612.5
 10
896.0
 20
612.0
 10
896.0
 20
611.5
 10
896.0
 20
611.0
 10
896.0
 20
610.5
 10
896.0
 20
610.0
 10
896.0
 20
609.5
 10
896.0
 20
609.0
 10
896.0
 20
608.5
 10
896.0
 20
608.0
 10
896.0
 20
607.5
 10
896.0
 20
607.0
 10
896.5
 20
607.0
 10
897.0
 20
606.5
 10
897.0
 20
606.0
 10
897.0
 20
605.5
 10
897.0
 20
605.0
 10
897.0
 20
604.5
 10
897.0
 20
604.0
 10
897.0
 20
603.5
 10
897.0
 20
603.0
 10
896.5
 20
602.5
 10
896.0
 20
602.5
 10
896.0
 20
602.0
 10
896.0
 20
601.5
 10
896.0
 20
601.0
 10
896.0
 20
600.5
 10
896.0
 20
600.0
 10
895.5
 20
599.5
 10
895.0
 20
599.5
 10
894.5
 20
599.5
 10
894.0
 20
599.5
 10
894.0
 20
599.0
 10
894.0
 20
598.5
 10
893.5
 20
598.0
 10
893.5
 20
597.5
 10
893.5
 20
597.0
 10
893.5
 20
596.5
 10
893.5
 20
596.0
 10
893.5
 20
595.5
 10
893.5
 20
595.0
 10
893.5
 20
594.5
 10
893.5
 20
594.0
 10
893.5
 20
593.5
 10
893.0
 20
593.0
 10
893.0
 20
592.5
 10
893.0
 20
592.0
 10
893.0
 20
591.5
 10
893.0
 20
591.0
 10
893.0
 20
590.5
 10
893.0
 20
590.0
 10
893.0
 20
589.5
 10
893.0
 20
589.0
 10
893.0
 20
588.5
 10
893.0
 20
588.0
 10
893.0
 20
587.5
 10
893.0
 20
587.0
 10
893.0
 20
586.5
 10
893.0
 20
586.0
 10
893.0
 20
585.5
 10
893.0
 20
585.0
 10
893.0
 20
584.5
 10
893.0
 20
584.0
 10
893.0
 20
583.5
 10
893.0
 20
583.0
 10
893.0
 20
582.5
 10
892.5
 20
582.0
 10
892.0
 20
582.0
 10
892.0
 20
581.5
 10
892.0
 20
581.0
 10
892.0
 20
580.5
 10
892.0
 20
580.0
 10
892.0
 20
579.5
 10
892.0
 20
579.0
 10
892.0
 20
578.5
 10
892.0
 20
578.0
 10
892.0
 20
577.5
 10
892.0
 20
577.0
 10
892.5
 20
577.0
 10
893.0
 20
576.5
 10
893.5
 20
576.0
 10
893.5
 20
575.5
 10
893.5
 20
575.0
 10
893.5
 20
574.5
 10
893.5
 20
574.0
 10
893.5
 20
573.5
 10
894.0
 20
573.0
 10
894.5
 20
573.0
 10
895.0
 20
573.0
 10
895.5
 20
572.5
 10
895.5
 20
572.0
 10
895.5
 20
571.5
 10
895.5
 20
571.0
 10
895.5
 20
570.5
 10
895.5
 20
570.0
 10
895.5
 20
569.5
 10
895.5
 20
569.0
 10
895.5
 20
568.5
 10
895.5
 20
568.0
 10
895.5
 20
567.5
 10
895.5
 20
567.0
 10
895.5
 20
566.5
 10
895.5
 20
566.0
 10
895.5
 20
565.5
 10
895.5
 20
565.0
 10
895.5
 20
564.5
 10
895.5
 20
564.0
 10
895.5
 20
563.5
 10
895.5
 20
563.0
 10
895.5
 20
562.5
 10
895.5
 20
562.0
 10
895.5
 20
561.5
 10
895.5
 20
561.0
 10
895.5
 20
560.5
 10
895.5
 20
560.0
 10
895.5
 20
559.5
 10
895.5
 20
559.0
 10
895.5
 20
558.5
 10
895.5
 20
558.0
 10
895.5
 20
557.5
 10
895.5
 20
557.0
 10
895.5
 20
556.5
 10
895.5
 20
556.0
 10
895.5
 20
555.5
 10
895.5
 20
555.0
 10
895.5
 20
554.5
 10
895.0
 20
554.0
 10
894.5
 20
553.5
 10
894.0
 20
553.5
 10
893.5
 20
553.5
 10
893.5
 20
553.0
 10
893.5
 20
552.5
 10
893.0
 20
552.0
 10
893.0
 20
551.5
 10
893.0
 20
551.0
 10
893.0
 20
550.5
 10
893.0
 20
550.0
 10
893.0
 20
549.5
 10
893.0
 20
549.0
 10
893.0
 20
548.5
 10
893.0
 20
548.0
 10
893.0
 20
547.5
 10
893.0
 20
547.0
 10
893.5
 20
546.5
 10
894.0
 20
546.5
 10
894.5
 20
546.5
 10
895.0
 20
546.0
 10
895.0
 20
545.5
 10
895.0
 20
545.0
 10
895.0
 20
544.5
 10
895.5
 20
544.0
 10
896.0
 20
543.5
 10
896.5
 20
543.0
 10
896.5
 20
542.5
 10
897.0
 20
542.0
 10
897.0
 20
541.5
 10
897.5
 20
541.0
 10
897.5
 20
540.5
 10
897.5
 20
540.0
 10
897.5
 20
539.5
 10
897.5
 20
539.0
 10
897.5
 20
538.5
 10
897.5
 20
538.0
 10
897.5
 20
537.5
 10
897.5
 20
537.0
 10
897.5
 20
536.5
 10
897.5
 20
536.0
 10
897.5
 20
535.5
 10
897.5
 20
535.0
 10
897.5
 20
534.5
 10
897.0
 20
534.0
 10
897.0
 20
533.5
 10
897.0
 20
533.0
 10
897.0
 20
532.5
 10
896.5
 20
532.0
 10
896.0
 20
532.0
 10
896.0
 20
531.5
 10
896.0
 20
531.0
 10
896.0
 20
530.5
 10
896.0
 20
530.0
 10
896.0
 20
529.5
 10
896.0
 20
529.0
 10
896.0
 20
528.5
 10
895.5
 20
528.0
 10
895.0
 20
528.0
 10
895.0
 20
527.5
 10
895.0
 20
527.0
 10
895.0
 20
526.5
 10
895.0
 20
526.0
 10
895.0
 20
525.5
 10
895.0
 20
525.0
 10
895.0
 20
524.5
 10
895.0
 20
524.0
 10
895.0
 20
523.5
 10
894.5
 20
523.0
 10
894.5
 20
522.5
 10
894.0
 20
522.0
 10
893.5
 20
522.0
 10
893.0
 20
522.0
 10
892.5
 20
521.5
 10
892.5
 20
521.0
 10
892.5
 20
520.5
 10
892.0
 20
520.0
 10
891.5
 20
520.0
 10
891.0
 20
519.5
 10
891.0
 20
519.0
 10
891.0
 20
518.5
 10
891.0
 20
518.0
 10
891.0
 20
517.5
 10
891.0
 20
517.0
 10
891.0
 20
516.5
 10
891.0
 20
516.0
 10
891.0
 20
515.5
 10
891.0
 20
515.0
 10
891.0
 20
514.5
 10
891.0
 20
514.0
 10
891.0
 20
513.5
 10
891.0
 20
513.0
 10
891.0
 20
512.5
 10
891.0
 20
512.0
 10
891.0
 20
511.5
 10
891.0
 20
511.0
 10
891.5
 20
510.5
 10
891.5
 20
510.0
 10
891.5
 20
509.5
 10
891.5
 20
509.0
 10
891.5
 20
508.5
 10
891.5
 20
508.0
 10
891.5
 20
507.5
 10
891.5
 20
507.0
 10
891.5
 20
506.5
 10
891.5
 20
506.0
 10
891.5
 20
505.5
 10
891.5
 20
505.0
 10
891.0
 20
504.5
 10
891.0
 20
504.0
 10
891.0
 20
503.5
 10
891.0
 20
503.0
 10
891.0
 20
502.5
 10
891.0
 20
502.0
 10
891.0
 20
501.5
 10
891.0
 20
501.0
 10
891.0
 20
500.5
 10
891.0
 20
500.0
 10
891.0
 20
499.5
 10
891.0
 20
499.0
 10
891.0
 20
498.5
 10
891.0
 20
498.0
 10
891.0
 20
497.5
 10
891.0
 20
497.0
 10
891.5
 20
497.0
 10
892.0
 20
496.5
 10
892.0
 20
496.0
 10
892.5
 20
496.0
 10
893.0
 20
496.0
 10
893.5
 20
496.0
 10
894.0
 20
496.0
 10
894.5
 20
495.5
 10
894.5
 20
495.0
 10
895.0
 20
495.0
 10
895.5
 20
494.5
 10
895.5
 20
494.0
 10
896.0
 20
493.5
 10
896.5
 20
493.0
 10
896.5
 20
492.5
 10
897.0
 20
492.0
 10
897.5
 20
491.5
 10
898.0
 20
491.0
 10
898.0
 20
490.5
 10
898.0
 20
490.0
 10
898.0
 20
489.5
 10
898.0
 20
489.0
 10
898.0
 20
488.5
 10
898.0
 20
488.0
 10
898.0
 20
487.5
 10
898.0
 20
487.0
 10
898.0
 20
486.5
 10
898.0
 20
486.0
 10
898.0
 20
485.5
 10
897.5
 20
485.0
 10
897.5
 20
484.5
 10
897.0
 20
484.0
 10
896.5
 20
483.5
 10
896.5
 20
483.0
 10
896.5
 20
482.5
 10
896.5
 20
482.0
 10
896.5
 20
481.5
 10
896.5
 20
481.0
 10
897.0
 20
480.5
 10
897.0
 20
480.0
 10
897.0
 20
479.5
 10
897.0
 20
479.0
 10
897.0
 20
478.5
 10
897.0
 20
478.0
 10
897.5
 20
478.0
 10
898.0
 20
477.5
 10
898.5
 20
477.0
 10
899.0
 20
476.5
 10
899.0
 20
476.0
 10
899.0
 20
475.5
 10
899.0
 20
475.0
 10
899.0
 20
474.5
 10
898.5
 20
474.0
 10
898.5
 20
473.5
 10
898.5
 20
473.0
 10
898.5
 20
472.5
 10
898.5
 20
472.0
 10
898.5
 20
471.5
 10
898.5
 20
471.0
 10
898.0
 20
470.5
 10
898.0
 20
470.0
 10
897.5
 20
469.5
 10
897.5
 20
469.0
 10
897.0
 20
468.5
 10
896.5
 20
468.0
 10
896.5
 20
467.5
 10
896.0
 20
467.0
 10
895.5
 20
467.0
 10
895.5
 20
466.5
 10
895.0
 20
466.0
 10
895.0
 20
465.5
 10
894.5
 20
465.0
 10
894.5
 20
464.5
 10
894.0
 20
464.0
 10
894.0
 20
463.5
 10
894.0
 20
463.0
 10
894.0
 20
462.5
 10
894.0
 20
462.0
 10
894.0
 20
461.5
 10
894.5
 20
461.5
 10
895.0
 20
461.0
 10
895.0
 20
460.5
 10
895.5
 20
460.5
 10
896.0
 20
460.0
 10
896.0
 20
459.5
 10
896.5
 20
459.5
 10
897.0
 20
459.0
 10
897.5
 20
459.0
 10
898.0
 20
458.5
 10
898.0
 20
458.0
 10
898.5
 20
457.5
 10
898.5
 20
457.0
 10
898.5
 20
456.5
 10
899.0
 20
456.0
 10
899.5
 20
455.5
 10
899.5
 20
455.0
 10
899.5
 20
454.5
 10
900.0
 20
454.5
 10
900.5
 20
454.0
 10
901.0
 20
453.5
 10
901.0
 20
453.0
 10
901.0
 20
452.5
 10
901.0
 20
452.0
 10
901.0
 20
451.5
 10
901.0
 20
451.0
 10
901.0
 20
450.5
 10
901.0
 20
450.0
 10
900.5
 20
449.5
 10
900.5
 20
449.0
 10
900.0
 20
448.5
 10
899.5
 20
448.0
 10
899.5
 20
447.5
 10
899.5
 20
447.0
 10
899.0
 20
446.5
 10
898.5
 20
446.5
 10
898.5
 20
446.0
 10
898.0
 20
445.5
 10
898.0
 20
445.0
 10
897.5
 20
444.5
 10
897.0
 20
444.0
 10
897.0
 20
443.5
 10
897.0
 20
443.0
 10
897.0
 20
442.5
 10
896.5
 20
442.0
 10
896.5
 20
441.5
 10
896.5
 20
441.0
 10
896.5
 20
440.5
 10
896.5
 20
440.0
 10
897.0
 20
439.5
 10
897.0
 20
439.0
 10
897.0
 20
438.5
 10
897.0
 20
438.0
 10
897.0
 20
437.5
 10
897.0
 20
437.0
 10
897.0
 20
436.5
 10
896.5
 20
436.0
 10
896.5
 20
435.5
 10
896.0
 20
435.0
 10
895.5
 20
434.5
 10
895.5
 20
434.0
 10
895.0
 20
433.5
 10
894.5
 20
433.0
 10
894.0
 20
433.0
 10
894.0
 20
432.5
 10
894.0
 20
432.0
 10
894.0
 20
431.5
 10
893.5
 20
431.0
 10
893.0
 20
431.0
 10
892.5
 20
431.0
 10
892.0
 20
431.0
 10
891.5
 20
430.5
 10
891.5
 20
430.0
 10
891.5
 20
429.5
 10
891.5
 20
429.0
 10
891.5
 20
428.5
 10
891.5
 20
428.0
 10
891.5
 20
427.5
 10
891.5
 20
427.0
 10
891.5
 20
426.5
 10
891.5
 20
426.0
 10
891.5
 20
425.5
 10
891.5
 20
425.0
 10
891.5
 20
424.5
 10
891.5
 20
424.0
 10
891.5
 20
423.5
 10
891.5
 20
423.0
 10
891.5
 20
422.5
 10
891.5
 20
422.0
 10
891.5
 20
421.5
 10
891.5
 20
421.0
 10
891.5
 20
420.5
 10
891.5
 20
420.0
 10
891.5
 20
419.5
 10
891.5
 20
419.0
 10
892.0
 20
419.0
 10
892.5
 20
419.0
 10
893.0
 20
419.0
 10
893.5
 20
419.0
 10
894.0
 20
418.5
 10
894.0
 20
418.0
 10
894.0
 20
417.5
 10
894.0
 20
417.0
 10
894.0
 20
416.5
 10
894.0
 20
416.0
 10
894.0
 20
415.5
 10
894.0
 20
415.0
 10
894.0
 20
414.5
 10
894.0
 20
414.0
 10
894.0
 20
413.5
 10
894.5
 20
413.5
 10
895.0
 20
413.0
 10
895.0
 20
412.5
 10
895.0
 20
412.0
 10
895.0
 20
411.5
 10
895.0
 20
411.0
 10
895.0
 20
410.5
 10
895.0
 20
410.0
 10
895.0
 20
409.5
 10
894.5
 20
409.0
 10
894.0
 20
409.0
 10
894.0
 20
408.5
 10
894.0
 20
408.0
 10
894.0
 20
407.5
 10
894.0
 20
407.0
 10
894.0
 20
406.5
 10
894.0
 20
406.0
 10
894.0
 20
405.5
 10
893.5
 20
405.0
 10
893.0
 20
405.0
 10
892.5
 20
404.5
 10
892.5
 20
404.0
 10
892.5
 20
403.5
 10
892.5
 20
403.0
 10
892.5
 20
402.5
 10
893.0
 20
402.0
 10
893.0
 20
401.5
 10
893.5
 20
401.0
 10
893.5
 20
400.5
 10
893.5
 20
400.0
 10
893.5
 20
399.5
 10
893.5
 20
399.0
 10
893.5
 20
398.5
 10
893.5
 20
398.0
 10
893.5
 20
397.5
 10
893.5
 20
397.0
 10
893.5
 20
396.5
 10
893.5
 20
396.0
 10
893.5
 20
395.5
 10
893.5
 20
395.0
 10
893.5
 20
394.5
 10
893.5
 20
394.0
 10
893.5
 20
393.5
 10
893.0
 20
393.0
 10
892.5
 20
393.0
 10
892.0
 20
393.0
 10
891.5
 20
392.5
 10
891.5
 20
392.0
 10
891.5
 20
391.5
 10
891.0
 20
391.0
 10
891.0
 20
390.5
 10
891.0
 20
390.0
 10
890.5
 20
389.5
 10
890.5
 20
389.0
 10
890.0
 20
388.5
 10
890.0
 20
388.0
 10
890.0
 20
387.5
 10
890.0
 20
387.0
 10
890.0
 20
386.5
 10
890.0
 20
386.0
 10
890.0
 20
385.5
 10
890.0
 20
385.0
 10
890.0
 20
384.5
 10
890.0
 20
384.0
 10
890.0
 20
383.5
 10
890.0
 20
383.0
 10
890.0
 20
382.5
 10
890.0
 20
382.0
 10
890.0
 20
381.5
 10
890.0
 20
381.0
 10
890.0
 20
380.5
 10
890.0
 20
380.0
 10
890.5
 20
379.5
 10
890.5
 20
379.0
 10
890.5
 20
378.5
 10
891.0
 20
378.5
 10
891.5
 20
378.0
 10
891.5
 20
377.5
 10
891.5
 20
377.0
 10
892.0
 20
377.0
 10
892.5
 20
377.0
 10
893.0
 20
377.0
 10
893.5
 20
376.5
 10
893.5
 20
376.0
 10
893.5
 20
375.5
 10
893.5
 20
375.0
 10
893.5
 20
374.5
 10
894.0
 20
374.0
 10
894.5
 20
373.5
 10
894.5
 20
373.0
 10
894.5
 20
372.5
 10
895.0
 20
372.5
 10
895.5
 20
372.5
 10
896.0
 20
372.0
 10
896.5
 20
371.5
 10
896.5
 20
371.0
 10
896.5
 20
370.5
 10
896.5
 20
370.0
 10
896.5
 20
369.5
 10
896.5
 20
369.0
 10
896.5
 20
368.5
 10
896.5
 20
368.0
 10
896.5
 20
367.5
 10
896.5
 20
367.0
 10
896.5
 20
366.5
 10
896.5
 20
366.0
 10
897.0
 20
365.5
 10
897.0
 20
365.0
 10
897.0
 20
364.5
 10
897.0
 20
364.0
 10
897.0
 20
363.5
 10
897.0
 20
363.0
 10
897.0
 20
362.5
 10
897.0
 20
362.0
 10
897.0
 20
361.5
 10
897.0
 20
361.0
 10
897.0
 20
360.5
 10
897.0
 20
360.0
 10
897.0
 20
359.5
 10
897.0
 20
359.0
 10
897.0
 20
358.5
 10
897.0
 20
358.0
 10
897.0
 20
357.5
 10
897.0
 20
357.0
 10
897.0
 20
356.5
 10
896.5
 20
356.0
 10
896.5
 20
355.5
 10
896.0
 20
355.0
 10
896.0
 20
354.5
 10
895.5
 20
354.0
 10
895.5
 20
353.5
 10
895.0
 20
353.0
 10
894.5
 20
352.5
 10
894.0
 20
352.5
 10
893.5
 20
352.0
 10
893.5
 20
351.5
 10
893.5
 20
351.0
 10
893.0
 20
350.5
 10
892.5
 20
350.0
 10
892.0
 20
350.0
 10
891.5
 20
350.0
 10
891.0
 20
350.0
 10
890.5
 20
350.0
 10
890.0
 20
350.0
 10
889.5
 20
350.0
 10
889.5
 20
349.5
 10
889.5
 20
349.0
 10
889.5
 20
348.5
 10
889.5
 20
348.0
 10
889.5
 20
347.5
 10
889.5
 20
347.0
 10
889.5
 20
346.5
 10
889.5
 20
346.0
 10
889.5
 20
345.5
 10
890.0
 20
345.0
 10
890.5
 20
344.5
 10
890.5
 20
344.0
 10
890.5
 20
343.5
 10
890.5
 20
343.0
 10
890.5
 20
342.5
 10
890.5
 20
342.0
 10
890.5
 20
341.5
 10
890.5
 20
341.0
 10
890.5
 20
340.5
 10
890.5
 20
340.0
 10
890.5
 20
339.5
 10
891.0
 20
339.5
 10
891.5
 20
339.5
 10
892.0
 20
339.5
 10
892.5
 20
339.5
 10
893.0
 20
339.0
 10
893.0
 20
338.5
 10
893.0
 20
338.0
 10
893.0
 20
337.5
 10
893.0
 20
337.0
 10
893.0
 20
336.5
 10
893.0
 20
336.0
 10
893.0
 20
335.5
 10
893.0
 20
335.0
 10
893.0
 20
334.5
 10
893.0
 20
334.0
 10
893.0
 20
333.5
 10
893.0
 20
333.0
 10
893.0
 20
332.5
 10
892.5
 20
332.0
 10
892.0
 20
331.5
 10
891.5
 20
331.5
 10
891.0
 20
331.5
 10
890.5
 20
331.5
 10
890.5
 20
331.0
 10
890.5
 20
330.5
 10
890.5
 20
330.0
 10
890.5
 20
329.5
 10
890.5
 20
329.0
 10
890.5
 20
328.5
 10
890.5
 20
328.0
 10
890.5
 20
327.5
 10
890.5
 20
327.0
 10
890.5
 20
326.5
 10
890.5
 20
326.0
 10
890.5
 20
325.5
 10
890.5
 20
325.0
 10
890.5
 20
324.5
 10
890.0
 20
324.0
 10
890.0
 20
323.5
 10
890.0
 20
323.0
 10
890.0
 20
322.5
 10
890.0
 20
322.0
 10
890.0
 20
321.5
 10
890.0
 20
321.0
 10
890.0
 20
320.5
 10
890.5
 20
320.0
 10
890.5
 20
319.5
 10
890.5
 20
319.0
 10
890.5
 20
318.5
 10
890.5
 20
318.0
 10
890.0
 20
317.5
 10
890.0
 20
317.0
 10
890.0
 20
316.5
 10
890.0
 20
316.0
 10
890.0
 20
315.5
 10
890.0
 20
315.0
 10
890.0
 20
314.5
 10
889.5
 20
314.0
 10
889.0
 20
314.0
 10
889.0
 20
313.5
 10
889.0
 20
313.0
 10
889.0
 20
312.5
 10
889.0
 20
312.0
 10
889.0
 20
311.5
 10
889.0
 20
311.0
 10
889.0
 20
310.5
 10
889.0
 20
310.0
 10
889.0
 20
309.5
 10
889.0
 20
309.0
 10
889.0
 20
308.5
 10
889.0
 20
308.0
 10
889.5
 20
307.5
 10
890.0
 20
307.0
 10
890.0
 20
306.5
 10
890.5
 20
306.0
 10
890.5
 20
305.5
 10
890.5
 20
305.0
 10
890.5
 20
304.5
 10
890.5
 20
304.0
 10
890.5
 20
303.5
 10
890.5
 20
303.0
 10
890.5
 20
302.5
 10
890.5
 20
302.0
 10
890.0
 20
301.5
 10
890.0
 20
301.0
 10
890.0
 20
300.5
 10
890.0
 20
300.0
 10
890.0
 20
299.5
 10
890.0
 20
299.0
 10
890.0
 20
298.5
 10
890.5
 20
298.5
 10
891.0
 20
298.5
 10
891.5
 20
298.0
 10
891.5
 20
297.5
 10
891.5
 20
297.0
 10
891.5
 20
296.5
 10
891.5
 20
296.0
 10
891.5
 20
295.5
 10
891.5
 20
295.0
 10
891.5
 20
294.5
 10
891.5
 20
294.0
 10
891.5
 20
293.5
 10
891.5
 20
293.0
 10
891.5
 20
292.5
 10
891.5
 20
292.0
 10
891.5
 20
291.5
 10
891.5
 20
291.0
 10
891.5
 20
290.5
 10
891.5
 20
290.0
 10
891.0
 20
289.5
 10
891.0
 20
289.0
 10
891.0
 20
288.5
 10
891.0
 20
288.0
 10
891.0
 20
287.5
 10
891.0
 20
287.0
 10
891.0
 20
286.5
 10
891.0
 20
286.0
 10
891.0
 20
285.5
 10
891.5
 20
285.5
 10
892.0
 20
285.0
 10
892.0
 20
284.5
 10
892.0
 20
284.0
 10
892.0
 20
283.5
 10
892.0
 20
283.0
 10
892.0
 20
282.5
 10
892.0
 20
282.0
 10
892.0
 20
281.5
 10
892.0
 20
281.0
 10
892.0
 20
280.5
 10
892.0
 20
280.0
 10
892.0
 20
279.5
 10
891.5
 20
279.0
 10
891.5
 20
278.5
 10
891.0
 20
278.0
 10
891.0
 20
277.5
 10
891.0
 20
277.0
 10
891.0
 20
276.5
 10
890.5
 20
276.0
 10
890.0
 20
275.5
 10
889.5
 20
275.0
 10
889.5
 20
274.5
 10
889.0
 20
274.0
 10
889.0
 20
273.5
 10
889.0
 20
273.0
 10
889.0
 20
272.5
 10
889.0
 20
272.0
 10
889.0
 20
271.5
 10
889.0
 20
271.0
 10
889.0
 20
270.5
 10
889.0
 20
270.0
 10
889.0
 20
269.5
 10
889.0
 20
269.0
 10
889.0
 20
268.5
 10
889.0
 20
268.0
 10
889.0
 20
267.5
 10
889.0
 20
267.0
 10
889.0
 20
266.5
 10
889.0
 20
266.0
 10
889.0
 20
265.5
 10
889.5
 20
265.0
 10
889.5
 20
264.5
 10
889.5
 20
264.0
 10
889.5
 20
263.5
 10
889.5
 20
263.0
 10
889.5
 20
262.5
 10
890.0
 20
262.0
 10
890.5
 20
261.5
 10
891.0
 20
261.0
 10
891.0
 20
260.5
 10
891.0
 20
260.0
 10
891.0
 20
259.5
 10
891.0
 20
259.0
 10
891.5
 20
258.5
 10
891.5
 20
258.0
 10
891.5
 20
257.5
 10
891.5
 20
257.0
 10
891.5
 20
256.5
 10
891.5
 20
256.0
 10
891.5
 20
255.5
 10
891.5
 20
255.0
 10
891.5
 20
254.5
 10
891.5
 20
254.0
 10
891.0
 20
253.5
 10
890.5
 20
253.0
 10
890.5
 20
252.5
 10
890.5
 20
252.0
 10
890.5
 20
251.5
 10
890.0
 20
251.0
 10
890.0
 20
250.5
 10
890.0
 20
250.0
 10
890.0
 20
249.5
 10
890.0
 20
249.0
 10
890.0
 20
248.5
 10
890.0
 20
248.0
 10
890.0
 20
247.5
 10
890.0
 20
247.0
 10
890.0
 20
246.5
 10
889.5
 20
246.0
 10
889.5
 20
245.5
 10
889.5
 20
245.0
 10
889.5
 20
244.5
 10
889.5
 20
244.0
 10
889.5
 20
243.5
 10
890.0
 20
243.0
 10
890.5
 20
242.5
 10
891.0
 20
242.5
 10
891.5
 20
242.0
 10
892.0
 20
241.5
 10
892.0
 20
241.0
 10
892.5
 20
240.5
 10
893.0
 20
240.0
 10
893.5
 20
239.5
 10
893.5
 20
239.0
 10
894.0
 20
238.5
 10
894.0
 20
238.0
 10
894.5
 20
237.5
 10
894.5
 20
237.0
 10
894.5
 20
236.5
 10
894.5
 20
236.0
 10
894.5
 20
235.5
 10
894.5
 20
235.0
 10
894.5
 20
234.5
 10
894.5
 20
234.0
 10
895.0
 20
234.0
 10
895.5
 20
234.0
 10
896.0
 20
234.0
 10
896.5
 20
233.5
 10
896.5
 20
233.0
 10
896.5
 20
232.5
 10
896.5
 20
232.0
 10
896.5
 20
231.5
 10
896.5
 20
231.0
 10
896.5
 20
230.5
 10
896.0
 20
230.0
 10
895.5
 20
230.0
 10
895.0
 20
230.0
 10
894.5
 20
230.0
 10
894.0
 20
230.0
 10
893.5
 20
229.5
 10
893.0
 20
229.0
 10
892.5
 20
228.5
 10
892.0
 20
228.5
 10
892.0
 20
228.0
 10
892.0
 20
227.5
 10
892.0
 20
227.0
 10
892.0
 20
226.5
 10
892.0
 20
226.0
 10
892.0
 20
225.5
 10
892.0
 20
225.0
 10
891.5
 20
224.5
 10
891.0
 20
224.5
 10
890.5
 20
224.0
 10
890.0
 20
224.0
 10
889.5
 20
224.0
 10
889.0
 20
223.5
 10
889.0
 20
223.0
 10
889.0
 20
222.5
 10
889.0
 20
222.0
 10
889.0
 20
221.5
 10
889.0
 20
221.0
 10
889.0
 20
220.5
 10
889.0
 20
220.0
 10
889.0
 20
219.5
 10
889.0
 20
219.0
 10
889.0
 20
218.5
 10
889.0
 20
218.0
 10
889.0
 20
217.5
 10
889.0
 20
217.0
 10
889.0
 20
216.5
 10
889.0
 20
216.0
 10
889.0
 20
215.5
 10
889.0
 20
215.0
 10
889.0
 20
214.5
 10
889.0
 20
214.0
 10
889.0
 20
213.5
 10
889.0
 20
213.0
 10
889.0
 20
212.5
 10
889.0
 20
212.0
 10
889.0
 20
211.5
 10
889.0
 20
211.0
 10
889.0
 20
210.5
 10
889.5
 20
210.5
 10
890.0
 20
210.5
 10
890.5
 20
210.5
 10
891.0
 20
210.5
 10
891.5
 20
210.5
 10
892.0
 20
210.5
 10
892.5
 20
211.0
 10
893.0
 20
211.5
 10
893.0
 20
212.0
 10
893.5
 20
212.5
 10
894.0
 20
212.5
 10
894.0
 20
213.0
 10
894.0
 20
213.5
 10
894.0
 20
214.0
 10
894.5
 20
214.5
 10
894.5
 20
215.0
 10
894.5
 20
215.5
 10
894.5
 20
216.0
 10
895.0
 20
216.5
 10
895.5
 20
216.5
 10
895.5
 20
217.0
 10
895.5
 20
217.5
 10
895.5
 20
218.0
 10
895.5
 20
218.5
 10
895.5
 20
219.0
 10
895.5
 20
219.5
 10
895.5
 20
220.0
 10
895.5
 20
220.5
 10
895.5
 20
221.0
 10
895.5
 20
221.5
 10
895.5
 20
222.0
 10
895.5
 20
222.5
 10
895.5
 20
223.0
 10
896.0
 20
223.5
 10
896.5
 20
223.5
 10
897.0
 20
223.5
 10
897.5
 20
223.5
 10
898.0
 20
223.5
 10
898.5
 20
223.5
 10
899.0
 20
223.5
 10
899.5
 20
223.5
 10
900.0
 20
223.5
 10
900.5
 20
223.5
 10
901.0
 20
223.5
 10
901.5
 20
223.0
 10
901.5
 20
222.5
 10
901.5
 20
222.0
 10
901.5
 20
221.5
 10
901.5
 20
221.0
 10
901.5
 20
220.5
 10
901.5
 20
220.0
 10
901.5
 20
219.5
 10
901.5
 20
219.0
 10
902.0
 20
218.5
 10
902.0
 20
218.0
 10
902.0
 20
217.5
 10
902.0
 20
217.0
 10
902.0
 20
216.5
 10
902.0
 20
216.0
 10
902.0
 20
215.5
 10
902.0
 20
215.0
 10
902.0
 20
214.5
 10
902.0
 20
214.0
 10
901.5
 20
213.5
 10
901.0
 20
213.0
 10
900.5
 20
212.5
 10
900.5
 20
212.0
 10
900.5
 20
211.5
 10
900.5
 20
211.0
 10
900.5
 20
210.5
 10
900.5
 20
210.0
 10
900.5
 20
209.5
 10
900.5
 20
209.0
 10
900.0
 20
208.5
 10
900.0
 20
208.0
 10
900.0
 20
207.5
 10
899.5
 20
207.0
 10
899.5
 20
206.5
 10
899.5
 20
206.0
 10
899.5
 20
205.5
 10
899.5
 20
205.0
 10
899.5
 20
204.5
 10
899.5
 20
204.0
 10
900.0
 20
203.5
 10
900.0
 20
203.0
 10
900.0
 20
202.5
 10
900.0
 20
202.0
 10
900.5
 20
202.0
 10
901.0
 20
202.0
 10
901.5
 20
202.0
 10
902.0
 20
202.0
 10
902.5
 20
202.0
 10
903.0
 20
202.0
 10
903.5
 20
202.0
 10
904.0
 20
201.5
 10
904.0
 20
201.0
 10
904.0
 20
200.5
 10
904.0
 20
200.0
 10
904.0
 20
199.5
 10
904.0
 20
199.0
 10
904.5
 20
199.0
 10
905.0
 20
199.0
 10
905.5
 20
199.0
 10
906.0
 20
199.0
 10
906.5
 20
199.0
 10
906.5
 20
199.5
 10
906.5
 20
200.0
 10
906.5
 20
200.5
 10
906.5
 20
201.0
 10
906.5
 20
201.5
 10
906.5
 20
202.0
 10
906.5
 20
202.5
 10
906.5
 20
203.0
 10
906.5
 20
203.5
 10
906.5
 20
204.0
 10
906.5
 20
204.5
 10
906.5
 20
205.0
 10
906.5
 20
205.5
 10
906.5
 20
206.0
 10
906.5
 20
206.5
 10
907.0
 20
207.0
 10
907.0
 20
207.5
 10
907.0
 20
208.0
 10
907.5
 20
208.5
 10
907.5
 20
209.0
 10
907.5
 20
209.5
 10
907.5
 20
210.0
 10
907.5
 20
210.5
 10
907.5
 20
211.0
 10
907.5
 20
211.5
 10
907.5
 20
212.0
 10
907.5
 20
212.5
 10
907.5
 20
213.0
 10
907.5
 20
213.5
 10
907.5
 20
214.0
 10
907.5
 20
214.5
 10
907.5
 20
215.0
 10
907.5
 20
215.5
 10
907.5
 20
216.0
 10
907.5
 20
216.5
 10
907.0
 20
217.0
 10
907.0
 20
217.5
 10
907.0
 20
218.0
 10
907.0
 20
218.5
 10
906.5
 20
218.5
 10
906.0
 20
219.0
 10
906.0
 20
219.5
 10
906.0
 20
220.0
 10
906.0
 20
220.5
 10
906.0
 20
221.0
 10
906.0
 20
221.5
 10
906.0
 20
222.0
 10
906.0
 20
222.5
 10
906.0
 20
223.0
 10
906.0
 20
223.5
 10
906.0
 20
224.0
 10
905.5
 20
224.5
 10
905.5
 20
225.0
 10
905.0
 20
225.5
 10
905.0
 20
226.0
 10
905.0
 20
226.5
 10
905.0
 20
227.0
 10
905.0
 20
227.5
 10
905.0
 20
228.0
 10
905.0
 20
228.5
 10
905.0
 20
229.0
 10
905.0
 20
229.5
 10
905.0
 20
230.0
 10
905.0
 20
230.5
 10
905.0
 20
231.0
 10
905.0
 20
231.5
 10
905.0
 20
232.0
 10
905.0
 20
232.5
 10
905.0
 20
233.0
 10
905.0
 20
233.5
 10
905.5
 20
234.0
 10
905.5
 20
234.5
 10
905.5
 20
235.0
 10
905.5
 20
235.5
 10
906.0
 20
236.0
 10
906.0
 20
236.5
 10
906.0
 20
237.0
 10
906.0
 20
237.5
 10
906.0
 20
238.0
 10
906.0
 20
238.5
 10
906.0
 20
239.0
 10
906.0
 20
239.5
 10
906.5
 20
240.0
 10
906.5
 20
240.5
 10
906.5
 20
241.0
 10
907.0
 20
241.5
 10
907.0
 20
242.0
 10
907.0
 20
242.5
 10
907.0
 20
243.0
 10
907.0
 20
243.5
 10
907.5
 20
244.0
 10
908.0
 20
244.0
 10
908.5
 20
244.0
 10
909.0
 20
244.0
 10
909.5
 20
244.0
 10
910.0
 20
244.0
 10
910.5
 20
244.0
 10
911.0
 20
244.0
 10
911.0
 20
244.5
 10
911.0
 20
245.0
 10
911.0
 20
245.5
 10
911.0
 20
246.0
 10
911.0
 20
246.5
 10
911.0
 20
247.0
 10
911.0
 20
247.5
 10
911.0
 20
248.0
 10
911.0
 20
248.5
 10
911.0
 20
249.0
 10
911.0
 20
249.5
 10
910.5
 20
249.5
 10
910.0
 20
249.5
 10
909.5
 20
249.5
 10
909.0
 20
249.5
 10
908.5
 20
249.5
 10
908.0
 20
249.5
 10
907.5
 20
249.5
 10
907.0
 20
249.5
 10
906.5
 20
250.0
 10
906.5
 20
250.5
 10
906.5
 20
251.0
 10
906.5
 20
251.5
 10
906.5
 20
252.0
 10
906.5
 20
252.5
 10
906.5
 20
253.0
 10
906.5
 20
253.5
 10
906.5
 20
254.0
 10
906.5
 20
254.5
 10
906.5
 20
255.0
 10
906.0
 20
255.0
 10
905.5
 20
255.5
 10
905.0
 20
256.0
 10
904.5
 20
256.5
 10
904.5
 20
257.0
 10
904.5
 20
257.5
 10
904.0
 20
258.0
 10
904.0
 20
258.5
 10
903.5
 20
258.5
 10
903.0
 20
258.5
 10
902.5
 20
258.5
 10
902.0
 20
259.0
 10
902.0
 20
259.5
 10
902.0
 20
260.0
 10
902.0
 20
260.5
 10
902.0
 20
261.0
 10
902.0
 20
261.5
 10
902.0
 20
262.0
 10
902.0
 20
262.5
 10
902.0
 20
263.0
 10
902.0
 20
263.5
 10
902.0
 20
264.0
 10
902.0
 20
264.5
 10
902.0
 20
265.0
 10
902.0
 20
265.5
 10
902.0
 20
266.0
 10
902.0
 20
266.5
 10
902.0
 20
267.0
 10
902.0
 20
267.5
 10
902.0
 20
268.0
 10
902.5
 20
268.5
 10
903.0
 20
268.5
 10
903.5
 20
268.5
 10
904.0
 20
268.5
 10
904.5
 20
268.5
 10
904.5
 20
269.0
 10
904.5
 20
269.5
 10
904.5
 20
270.0
 10
904.5
 20
270.5
 10
904.5
 20
271.0
 10
904.5
 20
271.5
 10
904.0
 20
271.5
 10
903.5
 20
271.5
 10
903.0
 20
271.5
 10
902.5
 20
271.5
 10
902.0
 20
271.5
 10
901.5
 20
272.0
 10
901.0
 20
272.0
 10
900.5
 20
272.0
 10
900.0
 20
272.5
 10
899.5
 20
273.0
 10
899.0
 20
273.5
 10
899.0
 20
274.0
 10
898.5
 20
274.5
 10
898.5
 20
275.0
 10
898.0
 20
275.5
 10
898.0
 20
276.0
 10
898.0
 20
276.5
 10
898.0
 20
277.0
 10
898.0
 20
277.5
 10
898.0
 20
278.0
 10
898.0
 20
278.5
 10
898.0
 20
279.0
 10
898.0
 20
279.5
 10
898.0
 20
280.0
 10
898.0
 20
280.5
 10
898.5
 20
281.0
 10
899.0
 20
281.5
 10
899.5
 20
281.5
 10
900.0
 20
282.0
 10
900.0
 20
282.5
 10
900.5
 20
283.0
 10
901.0
 20
283.0
 10
901.5
 20
283.0
 10
902.0
 20
283.0
 10
902.0
 20
283.5
 10
902.0
 20
284.0
 10
902.0
 20
284.5
 10
902.0
 20
285.0
 10
902.0
 20
285.5
 10
902.0
 20
286.0
 10
902.0
 20
286.5
 10
902.0
 20
287.0
 10
902.0
 20
287.5
 10
902.0
 20
288.0
 10
902.0
 20
288.5
 10
902.0
 20
289.0
 10
902.0
 20
289.5
 10
902.0
 20
290.0
 10
902.0
 20
290.5
 10
902.0
 20
291.0
 10
902.0
 20
291.5
 10
902.0
 20
292.0
 10
902.0
 20
292.5
 10
902.0
 20
293.0
 10
902.0
 20
293.5
 10
902.0
 20
294.0
 10
902.0
 20
294.5
 10
902.0
 20
295.0
 10
902.0
 20
295.5
 10
902.0
 20
296.0
 10
902.0
 20
296.5
 10
902.0
 20
297.0
 10
902.5
 20
297.5
 10
903.0
 20
297.5
 10
903.5
 20
297.5
 10
904.0
 20
297.5
 10
904.5
 20
297.5
 10
905.0
 20
297.0
 10
905.0
 20
296.5
 10
905.0
 20
296.0
 10
905.0
 20
295.5
 10
905.0
 20
295.0
 10
905.0
 20
294.5
 10
905.0
 20
294.0
 10
905.0
 20
293.5
 10
905.0
 20
293.0
 10
905.0
 20
292.5
 10
905.0
 20
292.0
 10
905.0
 20
291.5
 10
905.0
 20
291.0
 10
905.0
 20
290.5
 10
905.0
 20
290.0
 10
905.0
 20
289.5
 10
905.0
 20
289.0
 10
905.0
 20
288.5
 10
905.0
 20
288.0
 10
905.0
 20
287.5
 10
905.0
 20
287.0
 10
905.0
 20
286.5
 10
905.0
 20
286.0
 10
905.0
 20
285.5
 10
905.0
 20
285.0
 10
905.0
 20
284.5
 10
905.0
 20
284.0
 10
905.0
 20
283.5
 10
905.0
 20
283.0
 10
905.0
 20
282.5
 10
905.5
 20
282.5
 10
906.0
 20
282.5
 10
906.5
 20
282.5
 10
907.0
 20
282.5
 10
907.5
 20
282.5
 10
908.0
 20
282.5
 10
908.5
 20
282.5
 10
909.0
 20
282.5
 10
909.5
 20
282.5
 10
910.0
 20
282.5
 10
910.5
 20
282.5
 10
911.0
 20
282.5
 10
911.5
 20
282.5
 10
911.5
 20
283.0
 10
911.5
 20
283.5
 10
911.5
 20
284.0
 10
911.5
 20
284.5
 10
911.5
 20
285.0
 10
911.5
 20
285.5
 10
911.5
 20
286.0
 10
911.5
 20
286.5
 10
911.5
 20
287.0
 10
911.5
 20
287.5
 10
911.5
 20
288.0
 10
911.5
 20
288.5
 10
911.5
 20
289.0
 10
911.5
 20
289.5
 10
911.5
 20
290.0
 10
911.5
 20
290.5
 10
911.5
 20
291.0
 10
911.5
 20
291.5
 10
911.5
 20
292.0
 10
911.5
 20
292.5
 10
911.0
 20
293.0
 10
911.0
 20
293.5
 10
911.0
 20
294.0
 10
911.0
 20
294.5
 10
911.0
 20
295.0
 10
911.0
 20
295.5
 10
911.0
 20
296.0
 10
911.0
 20
296.5
 10
910.5
 20
297.0
 10
910.0
 20
297.0
 10
909.5
 20
297.0
 10
909.0
 20
297.0
 10
908.5
 20
297.0
 10
908.0
 20
297.5
 10
908.0
 20
298.0
 10
908.0
 20
298.5
 10
908.0
 20
299.0
 10
908.0
 20
299.5
 10
908.0
 20
300.0
 10
908.0
 20
300.5
 10
908.0
 20
301.0
 10
908.0
 20
301.5
 10
908.0
 20
302.0
 10
908.0
 20
302.5
 10
907.5
 20
303.0
 10
907.5
 20
303.5
 10
907.5
 20
304.0
 10
907.5
 20
304.5
 10
907.5
 20
305.0
 10
907.5
 20
305.5
 10
907.5
 20
306.0
 10
907.5
 20
306.5
 10
907.0
 20
307.0
 10
907.0
 20
307.5
 10
907.0
 20
308.0
 10
907.0
 20
308.5
 10
907.0
 20
309.0
 10
907.0
 20
309.5
 10
907.0
 20
310.0
 10
907.0
 20
310.5
 10
907.0
 20
311.0
 10
907.0
 20
311.5
 10
907.0
 20
312.0
 10
907.0
 20
312.5
 10
907.0
 20
313.0
 10
907.0
 20
313.5
 10
907.0
 20
314.0
 10
907.0
 20
314.5
 10
907.0
 20
315.0
 10
907.0
 20
315.5
 10
907.5
 20
316.0
 10
908.0
 20
316.0
 10
908.5
 20
316.0
 10
909.0
 20
316.0
 10
909.5
 20
316.0
 10
910.0
 20
316.0
 10
910.5
 20
316.0
 10
911.0
 20
316.0
 10
911.5
 20
316.0
 10
912.0
 20
316.0
 10
912.0
 20
316.5
 10
912.0
 20
317.0
 10
912.0
 20
317.5
 10
912.0
 20
318.0
 10
912.0
 20
318.5
 10
912.0
 20
319.0
 10
912.0
 20
319.5
 10
912.0
 20
320.0
 10
911.5
 20
320.5
 10
911.5
 20
321.0
 10
911.5
 20
321.5
 10
911.5
 20
322.0
 10
911.5
 20
322.5
 10
911.5
 20
323.0
 10
911.5
 20
323.5
 10
911.5
 20
324.0
 10
911.5
 20
324.5
 10
911.5
 20
325.0
 10
911.5
 20
325.5
 10
911.5
 20
326.0
 10
911.5
 20
326.5
 10
911.5
 20
327.0
 10
911.5
 20
327.5
 10
911.5
 20
328.0
 10
911.0
 20
328.5
 10
911.0
 20
329.0
 10
911.0
 20
329.5
 10
911.0
 20
330.0
 10
911.0
 20
330.5
 10
911.0
 20
331.0
 10
911.0
 20
331.5
 10
911.0
 20
332.0
 10
911.0
 20
332.5
 10
911.0
 20
333.0
 10
911.0
 20
333.5
 10
911.0
 20
334.0
 10
911.0
 20
334.5
 10
911.5
 20
335.0
 10
911.5
 20
335.5
 10
911.5
 20
336.0
 10
911.5
 20
336.5
 10
912.0
 20
337.0
 10
912.0
 20
337.5
 10
912.0
 20
338.0
 10
912.0
 20
338.5
 10
912.0
 20
339.0
 10
912.0
 20
339.5
 10
912.0
 20
340.0
 10
912.0
 20
340.5
 10
912.0
 20
341.0
 10
911.5
 20
341.0
 10
911.0
 20
341.5
 10
910.5
 20
341.5
 10
910.0
 20
341.5
 10
909.5
 20
341.5
 10
909.0
 20
341.5
 10
908.5
 20
342.0
 10
908.5
 20
342.5
 10
908.0
 20
343.0
 10
907.5
 20
343.0
 10
907.0
 20
343.0
 10
906.5
 20
343.0
 10
906.0
 20
343.0
 10
906.0
 20
342.5
 10
906.0
 20
342.0
 10
906.0
 20
341.5
 10
906.0
 20
341.0
 10
905.5
 20
340.5
 10
905.5
 20
340.0
 10
905.5
 20
339.5
 10
905.5
 20
339.0
 10
905.5
 20
338.5
 10
905.5
 20
338.0
 10
905.5
 20
337.5
 10
905.5
 20
337.0
 10
905.5
 20
336.5
 10
905.5
 20
336.0
 10
905.5
 20
335.5
 10
905.5
 20
335.0
 10
905.5
 20
334.5
 10
905.5
 20
334.0
 10
905.5
 20
333.5
 10
905.5
 20
333.0
 10
905.5
 20
332.5
 10
905.5
 20
332.0
 10
905.5
 20
331.5
 10
905.5
 20
331.0
 10
905.5
 20
330.5
 10
905.5
 20
330.0
 10
905.5
 20
329.5
 10
905.5
 20
329.0
 10
905.5
 20
328.5
 10
905.5
 20
328.0
 10
905.5
 20
327.5
 10
905.5
 20
327.0
 10
905.5
 20
326.5
 10
905.5
 20
326.0
 10
905.0
 20
325.5
 10
905.0
 20
325.0
 10
905.0
 20
324.5
 10
905.0
 20
324.0
 10
905.0
 20
323.5
 10
905.0
 20
323.0
 10
905.0
 20
322.5
 10
905.0
 20
322.0
 10
905.0
 20
321.5
 10
905.0
 20
321.0
 10
905.0
 20
320.5
 10
905.0
 20
320.0
 10
905.0
 20
319.5
 10
905.0
 20
319.0
 10
905.0
 20
318.5
 10
905.0
 20
318.0
 10
905.0
 20
317.5
 10
905.0
 20
317.0
 10
905.0
 20
316.5
 10
905.0
 20
316.0
 10
905.0
 20
315.5
 10
905.0
 20
315.0
 10
905.0
 20
314.5
 10
905.0
 20
314.0
 10
905.0
 20
313.5
 10
905.0
 20
313.0
 10
905.0
 20
312.5
 10
905.0
 20
312.0
 10
905.0
 20
311.5
 10
905.0
 20
311.0
 10
905.0
 20
310.5
 10
904.5
 20
310.0
 10
904.0
 20
310.0
 10
903.5
 20
310.0
 10
903.0
 20
310.0
 10
902.5
 20
310.0
 10
902.0
 20
310.5
 10
902.0
 20
311.0
 10
902.0
 20
311.5
 10
902.0
 20
312.0
 10
902.0
 20
312.5
 10
902.0
 20
313.0
 10
902.0
 20
313.5
 10
902.0
 20
314.0
 10
902.0
 20
314.5
 10
902.0
 20
315.0
 10
902.0
 20
315.5
 10
902.0
 20
316.0
 10
902.0
 20
316.5
 10
902.0
 20
317.0
 10
902.0
 20
317.5
 10
902.0
 20
318.0
 10
902.0
 20
318.5
 10
902.0
 20
319.0
 10
902.0
 20
319.5
 10
902.0
 20
320.0
 10
902.0
 20
320.5
 10
902.0
 20
321.0
 10
902.0
 20
321.5
 10
902.0
 20
322.0
 10
902.0
 20
322.5
 10
902.0
 20
323.0
 10
902.0
 20
323.5
 10
902.0
 20
324.0
 10
902.0
 20
324.5
 10
902.0
 20
325.0
 10
902.0
 20
325.5
 10
902.0
 20
326.0
 10
902.0
 20
326.5
 10
902.0
 20
327.0
 10
902.0
 20
327.5
 10
902.0
 20
328.0
 10
902.0
 20
328.5
 10
902.0
 20
329.0
 10
902.0
 20
329.5
 10
902.5
 20
330.0
 10
902.5
 20
330.5
 10
902.5
 20
331.0
 10
902.5
 20
331.5
 10
902.5
 20
332.0
 10
902.5
 20
332.5
 10
902.5
 20
333.0
 10
902.5
 20
333.5
 10
902.5
 20
334.0
 10
902.5
 20
334.5
 10
902.5
 20
335.0
 10
902.5
 20
335.5
 10
902.5
 20
336.0
 10
902.5
 20
336.5
 10
902.5
 20
337.0
 10
902.5
 20
337.5
 10
902.5
 20
338.0
 10
902.5
 20
338.5
 10
902.5
 20
339.0
 10
902.5
 20
339.5
 10
902.5
 20
340.0
 10
902.5
 20
340.5
 10
902.5
 20
341.0
 10
902.5
 20
341.5
 10
902.5
 20
342.0
 10
902.5
 20
342.5
 10
902.0
 20
342.5
 10
901.5
 20
342.5
 10
901.0
 20
342.5
 10
900.5
 20
342.5
 10
900.0
 20
342.5
 10
899.5
 20
342.5
 10
899.0
 20
342.5
 10
898.5
 20
342.5
 10
898.0
 20
343.0
 10
898.0
 20
343.5
 10
898.0
 20
344.0
 10
898.0
 20
344.5
 10
898.0
 20
345.0
 10
898.0
 20
345.5
 10
898.0
 20
346.0
 10
898.0
 20
346.5
 10
898.0
 20
347.0
 10
898.0
 20
347.5
 10
898.0
 20
348.0
 10
898.5
 20
348.5
 10
899.0
 20
348.5
 10
899.5
 20
348.5
 10
900.0
 20
348.5
 10
900.5
 20
348.5
 10
901.0
 20
348.0
 10
901.5
 20
348.0
 10
902.0
 20
348.0
 10
902.5
 20
348.0
 10
903.0
 20
348.0
 10
903.0
 20
348.5
 10
903.0
 20
349.0
 10
903.0
 20
349.5
 10
903.0
 20
350.0
 10
903.0
 20
350.5
 10
903.0
 20
351.0
 10
903.0
 20
351.5
 10
903.0
 20
352.0
 10
903.0
 20
352.5
 10
903.5
 20
353.0
 10
904.0
 20
353.0
 10
904.5
 20
353.0
 10
905.0
 20
353.0
 10
905.5
 20
353.0
 10
906.0
 20
352.5
 10
906.0
 20
352.0
 10
906.0
 20
351.5
 10
906.5
 20
351.5
 10
907.0
 20
351.5
 10
907.5
 20
351.5
 10
908.0
 20
351.5
 10
908.0
 20
352.0
 10
908.0
 20
352.5
 10
908.0
 20
353.0
 10
908.0
 20
353.5
 10
908.5
 20
354.0
 10
908.5
 20
354.5
 10
909.0
 20
355.0
 10
909.0
 20
355.5
 10
909.0
 20
356.0
 10
909.0
 20
356.5
 10
909.5
 20
357.0
 10
910.0
 20
357.5
 10
910.5
 20
357.5
 10
910.5
 20
358.0
 10
911.0
 20
358.5
 10
911.5
 20
359.0
 10
912.0
 20
359.5
 10
912.5
 20
360.0
 10
912.5
 20
360.5
 10
912.5
 20
361.0
 10
912.5
 20
361.5
 10
912.5
 20
362.0
 10
912.5
 20
362.5
 10
912.5
 20
363.0
 10
912.5
 20
363.5
 10
912.5
 20
364.0
 10
912.5
 20
364.5
 10
912.0
 20
365.0
 10
912.0
 20
365.5
 10
912.0
 20
366.0
 10
912.0
 20
366.5
 10
912.0
 20
367.0
 10
912.0
 20
367.5
 10
912.0
 20
368.0
 10
912.0
 20
368.5
 10
912.0
 20
369.0
 10
912.0
 20
369.5
 10
912.0
 20
370.0
 10
912.0
 20
370.5
 10
912.0
 20
371.0
 10
912.0
 20
371.5
 10
912.0
 20
372.0
 10
912.0
 20
372.5
 10
912.0
 20
373.0
 10
912.0
 20
373.5
 10
912.0
 20
374.0
 10
912.0
 20
374.5
 10
912.0
 20
375.0
 10
912.0
 20
375.5
 10
912.0
 20
376.0
 10
912.0
 20
376.5
 10
912.0
 20
377.0
 10
912.0
 20
377.5
 10
912.0
 20
378.0
 10
911.5
 20
378.0
 10
911.0
 20
378.0
 10
910.5
 20
378.0
 10
910.0
 20
378.0
 10
909.5
 20
378.0
 10
909.0
 20
378.5
 10
908.5
 20
379.0
 10
908.5
 20
379.5
 10
908.0
 20
380.0
 10
908.0
 20
380.5
 10
908.0
 20
381.0
 10
908.0
 20
381.5
 10
908.0
 20
382.0
 10
908.0
 20
382.5
 10
908.0
 20
383.0
 10
908.0
 20
383.5
 10
908.0
 20
384.0
 10
908.5
 20
384.5
 10
908.5
 20
385.0
 10
908.5
 20
385.5
 10
908.5
 20
386.0
 10
908.5
 20
386.5
 10
908.5
 20
387.0
 10
909.0
 20
387.5
 10
909.5
 20
387.5
 10
910.0
 20
388.0
 10
910.0
 20
388.5
 10
910.5
 20
389.0
 10
910.5
 20
389.5
 10
910.5
 20
390.0
 10
911.0
 20
390.5
 10
911.0
 20
391.0
 10
911.0
 20
391.5
 10
911.0
 20
392.0
 10
911.0
 20
392.5
 10
911.0
 20
393.0
 10
911.0
 20
393.5
 10
911.5
 20
394.0
 10
912.0
 20
394.5
 10
912.0
 20
395.0
 10
912.5
 20
395.5
 10
912.5
 20
396.0
 10
912.5
 20
396.5
 10
912.5
 20
397.0
 10
912.5
 20
397.5
 10
912.5
 20
398.0
 10
912.5
 20
398.5
 10
912.5
 20
399.0
 10
912.5
 20
399.5
 10
912.0
 20
399.5
 10
911.5
 20
400.0
 10
911.5
 20
400.5
 10
911.5
 20
401.0
 10
911.5
 20
401.5
 10
911.0
 20
401.5
 10
910.5
 20
401.5
 10
910.0
 20
401.5
 10
909.5
 20
402.0
 10
909.5
 20
402.5
 10
909.5
 20
403.0
 10
909.5
 20
403.5
 10
909.5
 20
404.0
 10
909.5
 20
404.5
 10
909.5
 20
405.0
 10
909.5
 20
405.5
 10
909.5
 20
406.0
 10
909.5
 20
406.5
 10
909.5
 20
407.0
 10
909.5
 20
407.5
 10
909.5
 20
408.0
 10
909.5
 20
408.5
 10
909.5
 20
409.0
 10
909.5
 20
409.5
 10
909.5
 20
410.0
 10
909.5
 20
410.5
 10
909.5
 20
411.0
 10
909.5
 20
411.5
 10
909.5
 20
412.0
 10
909.5
 20
412.5
 10
909.5
 20
413.0
 10
910.0
 20
413.5
 10
910.0
 20
414.0
 10
910.0
 20
414.5
 10
910.0
 20
415.0
 10
910.0
 20
415.5
 10
910.0
 20
416.0
 10
910.0
 20
416.5
 10
910.0
 20
417.0
 10
910.0
 20
417.5
 10
910.0
 20
418.0
 10
910.5
 20
418.5
 10
910.5
 20
419.0
 10
910.5
 20
419.5
 10
910.5
 20
420.0
 10
910.5
 20
420.5
 10
910.5
 20
421.0
 10
910.5
 20
421.5
 10
911.0
 20
422.0
 10
911.0
 20
422.5
 10
911.5
 20
423.0
 10
911.5
 20
423.5
 10
912.0
 20
424.0
 10
912.0
 20
424.5
 10
912.0
 20
425.0
 10
912.0
 20
425.5
 10
912.0
 20
426.0
 10
912.0
 20
426.5
 10
912.0
 20
427.0
 10
912.0
 20
427.5
 10
912.0
 20
428.0
 10
912.0
 20
428.5
 10
912.0
 20
429.0
 10
912.0
 20
429.5
 10
912.5
 20
430.0
 10
913.0
 20
430.5
 10
913.0
 20
431.0
 10
913.0
 20
431.5
 10
913.0
 20
432.0
 10
913.0
 20
432.5
 10
913.0
 20
433.0
 10
913.0
 20
433.5
 10
913.0
 20
434.0
 10
913.0
 20
434.5
 10
913.0
 20
435.0
 10
912.5
 20
435.5
 10
912.5
 20
436.0
 10
912.5
 20
436.5
 10
912.5
 20
437.0
 10
912.5
 20
437.5
 10
912.5
 20
438.0
 10
912.5
 20
438.5
 10
912.5
 20
439.0
 10
912.5
 20
439.5
 10
912.5
 20
440.0
 10
912.5
 20
440.5
 10
912.5
 20
441.0
 10
912.5
 20
441.5
 10
912.5
 20
442.0
 10
912.5
 20
442.5
 10
912.5
 20
443.0
 10
912.5
 20
443.5
 10
912.5
 20
444.0
 10
912.5
 20
444.5
 10
912.5
 20
445.0
 10
912.5
 20
445.5
 10
912.5
 20
446.0
 10
912.5
 20
446.5
 10
913.0
 20
447.0
 10
913.0
 20
447.5
 10
913.0
 20
448.0
 10
913.0
 20
448.5
 10
913.0
 20
449.0
 10
913.0
 20
449.5
 10
913.0
 20
450.0
 10
913.0
 20
450.5
 10
913.0
 20
451.0
 10
913.0
 20
451.5
 10
913.0
 20
452.0
 10
913.0
 20
452.5
 10
913.0
 20
453.0
 10
913.0
 20
453.5
 10
912.5
 20
453.5
 10
912.0
 20
453.5
 10
911.5
 20
454.0
 10
911.5
 20
454.5
 10
911.0
 20
454.5
 10
910.5
 20
455.0
 10
910.5
 20
455.5
 10
910.5
 20
456.0
 10
910.0
 20
456.5
 10
909.5
 20
457.0
 10
909.5
 20
457.5
 10
909.0
 20
458.0
 10
909.0
 20
458.5
 10
909.0
 20
459.0
 10
909.0
 20
459.5
 10
909.0
 20
460.0
 10
908.5
 20
460.5
 10
908.5
 20
461.0
 10
908.5
 20
461.5
 10
908.5
 20
462.0
 10
908.5
 20
462.5
 10
908.5
 20
463.0
 10
909.0
 20
463.5
 10
909.5
 20
464.0
 10
910.0
 20
464.5
 10
910.0
 20
465.0
 10
910.0
 20
465.5
 10
910.0
 20
466.0
 10
910.0
 20
466.5
 10
910.0
 20
467.0
 10
910.0
 20
467.5
 10
910.0
 20
468.0
 10
910.0
 20
468.5
 10
910.0
 20
469.0
 10
910.0
 20
469.5
 10
910.0
 20
470.0
 10
910.0
 20
470.5
 10
910.0
 20
471.0
 10
910.0
 20
471.5
 10
910.0
 20
472.0
 10
910.5
 20
472.5
 10
911.0
 20
472.5
 10
911.5
 20
472.5
 10
912.0
 20
472.5
 10
912.5
 20
472.5
 10
912.5
 20
473.0
 10
912.5
 20
473.5
 10
912.5
 20
474.0
 10
912.5
 20
474.5
 10
912.5
 20
475.0
 10
912.0
 20
475.0
 10
911.5
 20
475.0
 10
911.0
 20
475.0
 10
910.5
 20
475.0
 10
910.0
 20
475.5
 10
910.0
 20
476.0
 10
910.0
 20
476.5
 10
910.0
 20
477.0
 10
910.0
 20
477.5
 10
910.0
 20
478.0
 10
909.5
 20
478.5
 10
909.0
 20
479.0
 10
908.5
 20
479.5
 10
908.5
 20
480.0
 10
908.5
 20
480.5
 10
908.5
 20
481.0
 10
908.5
 20
481.5
 10
908.5
 20
482.0
 10
908.5
 20
482.5
 10
908.5
 20
483.0
 10
908.0
 20
483.5
 10
908.0
 20
484.0
 10
908.0
 20
484.5
 10
908.0
 20
485.0
 10
908.0
 20
485.5
 10
908.5
 20
486.0
 10
909.0
 20
486.5
 10
909.5
 20
487.0
 10
909.5
 20
487.5
 10
909.5
 20
488.0
 10
909.5
 20
488.5
 10
909.5
 20
489.0
 10
910.0
 20
489.5
 10
910.5
 20
489.5
 10
911.0
 20
489.5
 10
911.5
 20
489.5
 10
912.0
 20
489.5
 10
912.5
 20
489.5
 10
912.5
 20
490.0
 10
912.5
 20
490.5
 10
912.5
 20
491.0
 10
912.5
 20
491.5
 10
912.5
 20
492.0
 10
912.5
 20
492.5
 10
912.5
 20
493.0
 10
912.5
 20
493.5
 10
912.5
 20
494.0
 10
912.5
 20
494.5
 10
912.5
 20
495.0
 10
912.5
 20
495.5
 10
912.0
 20
496.0
 10
912.0
 20
496.5
 10
912.0
 20
497.0
 10
911.5
 20
497.0
 10
911.0
 20
497.5
 10
910.5
 20
497.5
 10
910.0
 20
497.5
 10
909.5
 20
498.0
 10
909.0
 20
498.5
 10
908.5
 20
499.0
 10
908.5
 20
499.5
 10
908.5
 20
500.0
 10
908.0
 20
500.5
 10
907.5
 20
501.0
 10
907.5
 20
501.5
 10
907.5
 20
502.0
 10
907.0
 20
502.5
 10
907.0
 20
503.0
 10
907.0
 20
503.5
 10
907.0
 20
504.0
 10
907.0
 20
504.5
 10
907.0
 20
505.0
 10
907.5
 20
505.5
 10
907.5
 20
506.0
 10
908.0
 20
506.5
 10
908.5
 20
507.0
 10
908.5
 20
507.5
 10
909.0
 20
508.0
 10
909.0
 20
508.5
 10
909.5
 20
509.0
 10
909.5
 20
509.5
 10
910.0
 20
510.0
 10
910.5
 20
510.0
 10
911.0
 20
510.0
 10
911.5
 20
510.0
 10
912.0
 20
510.0
 10
912.5
 20
510.0
 10
913.0
 20
510.0
 10
913.0
 20
510.5
 10
913.0
 20
511.0
 10
913.0
 20
511.5
 10
913.0
 20
512.0
 10
913.0
 20
512.5
 10
913.0
 20
513.0
 10
913.0
 20
513.5
 10
913.0
 20
514.0
 10
913.0
 20
514.5
 10
913.0
 20
515.0
 10
913.0
 20
515.5
 10
913.0
 20
516.0
 10
913.0
 20
516.5
 10
912.5
 20
516.5
 10
912.0
 20
516.5
 10
911.5
 20
516.5
 10
911.0
 20
516.5
 10
910.5
 20
516.5
 10
910.0
 20
516.5
 10
909.5
 20
517.0
 10
909.5
 20
517.5
 10
909.5
 20
518.0
 10
909.5
 20
518.5
 10
909.0
 20
519.0
 10
909.0
 20
519.5
 10
909.0
 20
520.0
 10
909.0
 20
520.5
 10
909.0
 20
521.0
 10
909.0
 20
521.5
 10
909.0
 20
522.0
 10
909.0
 20
522.5
 10
909.0
 20
523.0
 10
909.0
 20
523.5
 10
909.0
 20
524.0
 10
909.0
 20
524.5
 10
909.0
 20
525.0
 10
909.0
 20
525.5
 10
909.0
 20
526.0
 10
909.0
 20
526.5
 10
909.5
 20
527.0
 10
909.5
 20
527.5
 10
909.5
 20
528.0
 10
909.5
 20
528.5
 10
910.0
 20
529.0
 10
910.0
 20
529.5
 10
910.0
 20
530.0
 10
910.5
 20
530.5
 10
911.0
 20
530.5
 10
911.5
 20
530.5
 10
912.0
 20
530.5
 10
912.5
 20
530.5
 10
913.0
 20
530.5
 10
913.5
 20
530.5
 10
913.5
 20
531.0
 10
913.5
 20
531.5
 10
913.5
 20
532.0
 10
914.0
 20
532.5
 10
914.0
 20
533.0
 10
914.0
 20
533.5
 10
914.0
 20
534.0
 10
914.0
 20
534.5
 10
914.0
 20
535.0
 10
914.0
 20
535.5
 10
914.0
 20
536.0
 10
914.0
 20
536.5
 10
914.0
 20
537.0
 10
914.0
 20
537.5
 10
914.0
 20
538.0
 10
914.0
 20
538.5
 10
914.0
 20
539.0
 10
913.5
 20
539.5
 10
913.0
 20
540.0
 10
912.5
 20
540.5
 10
912.5
 20
541.0
 10
912.5
 20
541.5
 10
912.5
 20
542.0
 10
912.5
 20
542.5
 10
912.5
 20
543.0
 10
912.5
 20
543.5
 10
912.5
 20
544.0
 10
912.5
 20
544.5
 10
912.5
 20
545.0
 10
912.5
 20
545.5
 10
912.5
 20
546.0
 10
912.5
 20
546.5
 10
912.5
 20
547.0
 10
912.5
 20
547.5
 10
913.0
 20
548.0
 10
913.0
 20
548.5
 10
913.0
 20
549.0
 10
913.0
 20
549.5
 10
913.0
 20
550.0
 10
913.0
 20
550.5
 10
913.0
 20
551.0
 10
913.0
 20
551.5
 10
913.0
 20
552.0
 10
913.0
 20
552.5
 10
912.5
 20
552.5
 10
912.0
 20
552.5
 10
911.5
 20
552.5
 10
911.0
 20
552.5
 10
910.5
 20
553.0
 10
910.5
 20
553.5
 10
910.5
 20
554.0
 10
910.5
 20
554.5
 10
910.5
 20
555.0
 10
910.5
 20
555.5
 10
910.5
 20
556.0
 10
910.5
 20
556.5
 10
910.5
 20
557.0
 10
910.5
 20
557.5
 10
910.5
 20
558.0
 10
910.5
 20
558.5
 10
910.5
 20
559.0
 10
910.5
 20
559.5
 10
911.0
 20
560.0
 10
911.0
 20
560.5
 10
911.0
 20
561.0
 10
911.5
 20
561.5
 10
911.5
 20
562.0
 10
911.5
 20
562.5
 10
911.5
 20
563.0
 10
911.5
 20
563.5
 10
911.5
 20
564.0
 10
911.5
 20
564.5
 10
911.5
 20
565.0
 10
911.5
 20
565.5
 10
911.5
 20
566.0
 10
911.5
 20
566.5
 10
911.5
 20
567.0
 10
911.5
 20
567.5
 10
911.5
 20
568.0
 10
911.5
 20
568.5
 10
911.5
 20
569.0
 10
911.5
 20
569.5
 10
911.5
 20
570.0
 10
911.5
 20
570.5
 10
911.5
 20
571.0
 10
911.5
 20
571.5
 10
911.5
 20
572.0
 10
911.5
 20
572.5
 10
912.0
 20
573.0
 10
912.5
 20
573.0
 10
913.0
 20
573.0
 10
913.0
 20
573.5
 10
913.0
 20
574.0
 10
913.0
 20
574.5
 10
913.0
 20
575.0
 10
913.5
 20
575.5
 10
913.5
 20
576.0
 10
913.5
 20
576.5
 10
913.5
 20
577.0
 10
913.5
 20
577.5
 10
913.5
 20
578.0
 10
913.5
 20
578.5
 10
913.5
 20
579.0
 10
913.5
 20
579.5
 10
913.5
 20
580.0
 10
913.5
 20
580.5
 10
913.5
 20
581.0
 10
913.5
 20
581.5
 10
913.0
 20
582.0
 10
913.0
 20
582.5
 10
913.0
 20
583.0
 10
912.5
 20
583.5
 10
912.5
 20
584.0
 10
912.5
 20
584.5
 10
912.0
 20
585.0
 10
912.0
 20
585.5
 10
912.0
 20
586.0
 10
911.5
 20
586.5
 10
911.5
 20
587.0
 10
911.5
 20
587.5
 10
911.5
 20
588.0
 10
911.5
 20
588.5
 10
911.5
 20
589.0
 10
911.0
 20
589.5
 10
911.0
 20
590.0
 10
911.0
 20
590.5
 10
911.0
 20
591.0
 10
911.0
 20
591.5
 10
911.0
 20
592.0
 10
911.0
 20
592.5
 10
911.0
 20
593.0
 10
911.0
 20
593.5
 10
911.0
 20
594.0
 10
911.0
 20
594.5
 10
911.5
 20
595.0
 10
912.0
 20
595.5
 10
912.0
 20
596.0
 10
912.0
 20
596.5
 10
912.0
 20
597.0
 10
912.0
 20
597.5
 10
911.5
 20
598.0
 10
911.0
 20
598.0
 10
910.5
 20
598.0
 10
910.0
 20
598.0
 10
909.5
 20
598.0
 10
909.0
 20
598.0
 10
908.5
 20
598.5
 10
908.0
 20
599.0
 10
907.5
 20
599.5
 10
907.0
 20
600.0
 10
906.5
 20
600.5
 10
906.0
 20
601.0
 10
905.5
 20
601.5
 10
905.0
 20
602.0
 10
904.5
 20
602.5
 10
904.5
 20
603.0
 10
904.5
 20
603.5
 10
904.5
 20
604.0
 10
904.5
 20
604.5
 10
905.0
 20
605.0
 10
905.5
 20
605.5
 10
906.0
 20
605.5
 10
906.5
 20
605.5
 10
907.0
 20
605.5
 10
907.5
 20
606.0
 10
908.0
 20
606.0
 10
908.5
 20
606.5
 10
909.0
 20
606.5
 10
909.5
 20
607.0
 10
910.0
 20
607.0
 10
910.0
 20
607.5
 10
910.0
 20
608.0
 10
910.5
 20
608.5
 10
911.0
 20
608.5
 10
911.5
 20
609.0
 10
911.5
 20
609.5
 10
911.5
 20
610.0
 10
911.5
 20
610.5
 10
911.5
 20
611.0
 10
912.0
 20
611.5
 10
912.5
 20
611.5
 10
912.5
 20
612.0
 10
912.5
 20
612.5
 10
912.5
 20
613.0
 10
913.0
 20
613.5
 10
913.0
 20
614.0
 10
913.0
 20
614.5
 10
913.0
 20
615.0
 10
913.0
 20
615.5
 10
913.0
 20
616.0
 10
912.5
 20
616.5
 10
912.5
 20
617.0
 10
912.5
 20
617.5
 10
912.5
 20
618.0
 10
912.5
 20
618.5
 10
912.5
 20
619.0
 10
912.5
 20
619.5
 10
912.5
 20
620.0
 10
912.5
 20
620.5
 10
912.5
 20
621.0
 10
912.5
 20
621.5
 10
912.5
 20
622.0
 10
912.5
 20
622.5
 10
912.0
 20
623.0
 10
912.0
 20
623.5
 10
912.0
 20
624.0
 10
912.0
 20
624.5
 10
912.0
 20
625.0
 10
912.0
 20
625.5
 10
912.0
 20
626.0
 10
912.0
 20
626.5
 10
912.0
 20
627.0
 10
912.0
 20
627.5
 10
912.0
 20
628.0
 10
912.0
 20
628.5
 10
912.0
 20
629.0
 10
912.0
 20
629.5
 10
912.0
 20
630.0
 10
912.0
 20
630.5
 10
912.0
 20
631.0
 10
912.0
 20
631.5
 10
912.0
 20
632.0
 10
912.0
 20
632.5
 10
912.0
 20
633.0
 10
912.0
 20
633.5
 10
912.0
 20
634.0
 10
912.0
 20
634.5
 10
912.0
 20
635.0
 10
912.0
 20
635.5
 10
912.0
 20
636.0
 10
912.0
 20
636.5
 10
912.0
 20
637.0
 10
912.0
 20
637.5
 10
912.0
 20
638.0
 10
912.0
 20
638.5
 10
912.0
 20
639.0
 10
911.5
 20
639.5
 10
911.5
 20
640.0
 10
911.0
 20
640.5
 10
911.0
 20
641.0
 10
911.0
 20
641.5
 10
910.5
 20
642.0
 10
910.0
 20
642.5
 10
910.0
 20
643.0
 10
909.5
 20
643.5
 10
909.5
 20
644.0
 10
909.0
 20
644.5
 10
909.0
 20
645.0
 10
909.0
 20
645.5
 10
909.0
 20
646.0
 10
908.5
 20
646.5
 10
908.5
 20
647.0
 10
908.5
 20
647.5
 10
908.5
 20
648.0
 10
908.0
 20
648.5
 10
907.5
 20
649.0
 10
907.0
 20
649.5
 10
907.0
 20
650.0
 10
906.5
 20
650.5
 10
906.5
 20
651.0
 10
906.5
 20
651.5
 10
906.5
 20
652.0
 10
906.5
 20
652.5
 10
906.0
 20
653.0
 10
906.0
 20
653.5
 10
906.0
 20
654.0
 10
906.0
 20
654.5
 10
906.0
 20
655.0
 10
906.5
 20
655.5
 10
906.5
 20
656.0
 10
906.5
 20
656.5
 10
907.0
 20
657.0
 10
907.0
 20
657.5
 10
907.0
 20
658.0
 10
907.0
 20
658.5
 10
907.5
 20
659.0
 10
908.0
 20
659.5
 10
908.0
 20
660.0
 10
908.0
 20
660.5
 10
908.0
 20
661.0
 10
908.0
 20
661.5
 10
908.0
 20
662.0
 10
908.5
 20
662.5
 10
909.0
 20
662.5
 10
909.0
 20
663.0
 10
909.0
 20
663.5
 10
909.5
 20
664.0
 10
910.0
 20
664.0
 10
910.0
 20
664.5
 10
910.5
 20
665.0
 10
911.0
 20
665.0
 10
911.0
 20
665.5
 10
911.0
 20
666.0
 10
911.0
 20
666.5
 10
911.5
 20
667.0
 10
912.0
 20
667.5
 10
912.0
 20
668.0
 10
912.0
 20
668.5
 10
912.0
 20
669.0
 10
912.5
 20
669.5
 10
912.5
 20
670.0
 10
912.5
 20
670.5
 10
912.5
 20
671.0
 10
912.5
 20
671.5
 10
912.5
 20
672.0
 10
912.5
 20
672.5
 10
912.5
 20
673.0
 10
912.0
 20
673.5
 10
912.0
 20
674.0
 10
912.0
 20
674.5
 10
912.0
 20
675.0
 10
912.0
 20
675.5
 10
912.0
 20
676.0
 10
912.0
 20
676.5
 10
912.0
 20
677.0
 10
912.0
 20
677.5
 10
912.0
 20
678.0
 10
912.0
 20
678.5
 10
912.0
 20
679.0
 10
912.0
 20
679.5
 10
912.0
 20
680.0
 10
912.0
 20
680.5
 10
912.0
 20
681.0
 10
912.0
 20
681.5
 10
912.0
 20
682.0
 10
912.0
 20
682.5
 10
912.0
 20
683.0
 10
912.0
 20
683.5
 10
912.0
 20
684.0
 10
912.0
 20
684.5
 10
912.0
 20
685.0
 10
912.0
 20
685.5
 10
912.0
 20
686.0
 10
912.0
 20
686.5
 10
912.0
 20
687.0
 10
912.0
 20
687.5
 10
912.0
 20
688.0
 10
912.0
 20
688.5
 10
912.0
 20
689.0
 10
912.0
 20
689.5
 10
912.0
 20
690.0
 10
912.0
 20
690.5
 10
912.0
 20
691.0
 10
912.0
 20
691.5
 10
912.0
 20
692.0
 10
912.0
 20
692.5
 10
912.0
 20
693.0
 10
912.0
 20
693.5
 10
912.0
 20
694.0
 10
912.0
 20
694.5
 10
912.0
 20
695.0
 10
912.0
 20
695.5
 10
912.0
 20
696.0
 10
912.0
 20
696.5
 10
912.0
 20
697.0
 10
912.0
 20
697.5
 10
912.0
 20
698.0
 10
912.0
 20
698.5
 10
912.0
 20
699.0
 10
912.0
 20
699.5
 10
912.0
 20
700.0
 10
912.0
 20
700.5
 10
912.0
 20
701.0
 10
912.0
 20
701.5
 10
912.0
 20
702.0
 10
912.0
 20
702.5
 10
912.0
 20
703.0
 10
912.0
 20
703.5
 10
912.0
 20
704.0
 10
912.0
 20
704.5
 10
912.0
 20
705.0
 10
912.0
 20
705.5
 10
912.5
 20
706.0
 10
912.5
 20
706.5
 10
912.5
 20
707.0
 10
912.5
 20
707.5
 10
912.5
 20
708.0
 10
912.5
 20
708.5
 10
912.5
 20
709.0
 10
912.5
 20
709.5
 10
912.5
 20
710.0
 10
912.5
 20
710.5
 10
912.5
 20
711.0
 10
912.5
 20
711.5
 10
912.5
 20
712.0
 10
912.5
 20
712.5
 10
912.5
 20
713.0
 10
912.5
 20
713.5
 10
912.5
 20
714.0
 10
912.5
 20
714.5
 10
912.5
 20
715.0
 10
912.5
 20
715.5
 10
912.5
 20
716.0
 10
912.5
 20
716.5
 10
912.5
 20
717.0
 10
912.0
 20
717.5
 10
911.5
 20
717.5
 10
911.0
 20
718.0
 10
911.0
 20
718.5
 10
911.0
 20
719.0
 10
911.0
 20
719.5
 10
911.0
 20
720.0
 10
911.0
 20
720.5
 10
911.0
 20
721.0
 10
911.0
 20
721.5
 10
911.0
 20
722.0
 10
911.0
 20
722.5
 10
911.0
 20
723.0
 10
911.0
 20
723.5
 10
911.0
 20
724.0
 10
910.5
 20
724.0
 10
910.0
 20
724.5
 10
910.0
 20
725.0
 10
909.5
 20
725.5
 10
909.5
 20
726.0
 10
909.5
 20
726.5
 10
909.5
 20
727.0
 10
909.5
 20
727.5
 10
909.5
 20
728.0
 10
909.5
 20
728.5
 10
909.5
 20
729.0
 10
909.5
 20
729.5
 10
909.5
 20
730.0
 10
909.5
 20
730.5
 10
910.0
 20
731.0
 10
910.0
 20
731.5
 10
910.0
 20
732.0
 10
910.0
 20
732.5
 10
910.5
 20
733.0
 10
910.5
 20
733.5
 10
910.5
 20
734.0
 10
910.5
 20
734.5
 10
910.5
 20
735.0
 10
910.5
 20
735.5
 10
910.5
 20
736.0
 10
910.5
 20
736.5
 10
911.0
 20
737.0
 10
911.0
 20
737.5
 10
911.5
 20
738.0
 10
911.5
 20
738.5
 10
911.5
 20
739.0
 10
911.5
 20
739.5
 10
911.5
 20
740.0
 10
911.5
 20
740.5
 10
911.5
 20
741.0
 10
911.5
 20
741.5
 10
911.0
 20
741.5
 10
910.5
 20
741.5
 10
910.0
 20
741.5
  0
LWPOLYLINE
  5
E3
330
17
100
AcDbEntity
  8
CURB
370
25
100
AcDbPolyline
 90
148
 70
0
 10
467.5
 20
767.0
 10
467.0
 20
766.5
 10
466.5
 20
766.5
 10
466.0
 20
766.0
 10
466.0
 20
765.5
 10
466.0
 20
765.0
 10
466.0
 20
764.5
 10
466.0
 20
764.0
 10
466.0
 20
763.5
 10
466.0
 20
763.0
 10
466.0
 20
762.5
 10
466.0
 20
762.0
 10
466.0
 20
761.5
 10
466.0
 20
761.0
 10
466.0
 20
760.5
 10
466.0
 20
760.0
 10
466.0
 20
759.5
 10
466.0
 20
759.0
 10
466.0
 20
758.5
 10
466.0
 20
758.0
 10
466.0
 20
757.5
 10
466.0
 20
757.0
 10
466.5
 20
757.0
 10
467.0
 20
757.0
 10
467.5
 20
756.5
 10
468.0
 20
756.0
 10
468.5
 20
756.0
 10
469.0
 20
756.0
 10
469.5
 20
756.0
 10
470.0
 20
756.0
 10
470.5
 20
756.0
 10
471.0
 20
756.0
 10
471.5
 20
756.0
 10
472.0
 20
756.0
 10
472.5
 20
756.0
 10
473.0
 20
756.0
 10
473.5
 20
755.5
 10
474.0
 20
755.5
 10
474.5
 20
755.5
 10
475.0
 20
755.5
 10
475.5
 20
755.5
 10
476.0
 20
755.5
 10
476.5
 20
755.5
 10
477.0
 20
755.5
 10
477.5
 20
755.5
 10
478.0
 20
755.5
 10
478.5
 20
755.5
 10
479.0
 20
755.5
 10
479.5
 20
755.5
 10
480.0
 20
755.5
 10
480.5
 20
755.5
 10
481.0
 20
755.5
 10
481.5
 20
755.5
 10
482.0
 20
755.5
 10
482.5
 20
755.5
 10
483.0
 20
755.5
 10
483.5
 20
755.5
 10
484.0
 20
755.0
 10
484.5
 20
755.0
 10
485.0
 20
755.0
 10
485.5
 20
755.0
 10
486.0
 20
755.0
 10
486.5
 20
755.0
 10
487.0
 20
755.0
 10
487.5
 20
755.0
 10
488.0
 20
755.0
 10
488.0
 20
755.5
 10
488.5
 20
756.0
 10
488.5
 20
756.5
 10
488.5
 20
757.0
 10
488.5
 20
757.5
 10
488.5
 20
758.0
 10
488.5
 20
758.5
 10
488.5
 20
759.0
 10
488.5
 20
759.5
 10
488.5
 20
760.0
 10
488.5
 20
760.5
 10
488.5
 20
761.0
 10
488.5
 20
761.5
 10
488.5
 20
762.0
 10
488.5
 20
762.5
 10
488.5
 20
763.0
 10
488.5
 20
763.5
 10
488.5
 20
764.0
 10
488.5
 20
764.5
 10
488.0
 20
765.0
 10
487.5
 20
765.5
 10
487.5
 20
766.0
 10
487.5
 20
766.5
 10
487.0
 20
766.5
 10
486.5
 20
766.5
 10
486.0
 20
766.5
 10
485.5
 20
766.5
 10
485.0
 20
766.5
 10
484.5
 20
766.5
 10
484.0
 20
766.5
 10
483.5
 20
766.5
 10
483.0
 20
766.5
 10
482.5
 20
766.5
 10
482.5
 20
766.0
 10
482.5
 20
765.5
 10
482.5
 20
765.0
 10
482.5
 20
764.5
 10
482.5
 20
764.0
 10
482.5
 20
763.5
 10
482.0
 20
763.0
 10
481.5
 20
763.0
 10
481.5
 20
762.5
 10
481.0
 20
762.0
 10
480.5
 20
762.0
 10
480.0
 20
762.0
 10
479.5
 20
761.5
 10
479.0
 20
761.0
 10
478.5
 20
761.0
 10
478.0
 20
760.5
 10
477.5
 20
760.5
 10
477.0
 20
760.0
 10
476.5
 20
760.0
 10
476.0
 20
760.0
 10
475.5
 20
760.0
 10
475.0
 20
760.0
 10
474.5
 20
760.0
 10
474.0
 20
760.0
 10
473.5
 20
760.0
 10
473.0
 20
760.0
 10
472.5
 20
760.0
 10
472.0
 20
760.5
 10
472.0
 20
761.0
 10
472.0
 20
761.5
 10
472.0
 20
762.0
 10
472.0
 20
762.5
 10
472.0
 20
763.0
 10
472.0
 20
763.5
 10
472.0
 20
764.0
 10
472.0
 20
764.5
 10
472.0
 20
765.0
 10
472.0
 20
765.5
 10
472.0
 20
766.0
 10
472.0
 20
766.5
 10
472.0
 20
767.0
 10
471.5
 20
767.0
 10
471.0
 20
767.0
 10
470.5
 20
767.0
 10
470.0
 20
767.0
 10
469.5
 20
767.0
 10
469.0
 20
767.0
 10
468.5
 20
767.0
 10
468.0
 20
767.0
  0
LWPOLYLINE
  5
E4
330
17
100
AcDbEntity
  8
CURB
370
25
100
AcDbPolyline
 90
120
 70
0
 10
800.5
 20
770.5
 10
800.0
 20
770.0
 10
799.5
 20
770.0
 10
799.0
 20
769.5
 10
798.5
 20
769.5
 10
798.0
 20
769.5
 10
797.5
 20
769.5
 10
797.0
 20
769.5
 10
796.5
 20
769.5
 10
796.0
 20
769.0
 10
795.5
 20
769.0
 10
795.0
 20
769.0
 10
794.5
 20
769.0
 10
794.0
 20
769.0
 10
793.5
 20
769.0
 10
793.5
 20
768.5
 10
793.0
 20
768.0
 10
792.5
 20
768.0
 10
792.5
 20
767.5
 10
792.5
 20
767.0
 10
792.5
 20
766.5
 10
792.5
 20
766.0
 10
792.5
 20
765.5
 10
792.5
 20
765.0
 10
792.5
 20
764.5
 10
792.5
 20
764.0
 10
792.5
 20
763.5
 10
792.5
 20
763.0
 10
792.5
 20
762.5
 10
792.5
 20
762.0
 10
792.5
 20
761.5
 10
792.5
 20
761.0
 10
792.5
 20
760.5
 10
792.5
 20
760.0
 10
793.0
 20
760.0
 10
793.5
 20
760.0
 10
794.0
 20
760.0
 10
794.5
 20
760.0
 10
795.0
 20
760.0
 10
795.5
 20
760.0
 10
796.0
 20
760.0
 10
796.5
 20
760.0
 10
797.0
 20
760.5
 10
797.5
 20
760.5
 10
798.0
 20
760.5
 10
798.5
 20
760.5
 10
799.0
 20
760.5
 10
799.5
 20
760.5
 10
800.0
 20
760.5
 10
800.5
 20
760.5
 10
801.0
 20
760.5
 10
801.5
 20
760.5
 10
802.0
 20
760.5
 10
802.5
 20
760.5
 10
803.0
 20
760.5
 10
803.5
 20
760.5
 10
804.0
 20
760.5
 10
804.5
 20
760.5
 10
805.0
 20
760.5
 10
805.5
 20
760.5
 10
806.0
 20
760.5
 10
806.5
 20
760.5
 10
807.0
 20
760.5
 10
807.5
 20
760.5
 10
808.0
 20
760.5
 10
808.5
 20
760.5
 10
809.0
 20
760.0
 10
809.5
 20
760.0
 10
810.0
 20
760.0
 10
810.5
 20
760.0
 10
811.0
 20
760.0
 10
811.5
 20
760.0
 10
812.0
 20
760.0
 10
812.5
 20
760.0
 10
813.0
 20
760.5
 10
813.5
 20
760.5
 10
814.0
 20
760.5
 10
814.5
 20
761.0
 10
814.5
 20
761.5
 10
814.5
 20
762.0
 10
814.5
 20
762.5
 10
814.5
 20
763.0
 10
814.5
 20
763.5
 10
814.5
 20
764.0
 10
814.5
 20
764.5
 10
814.5
 20
765.0
 10
814.5
 20
765.5
 10
814.5
 20
766.0
 10
814.5
 20
766.5
 10
814.5
 20
767.0
 10
814.5
 20
767.5
 10
814.5
 20
768.0
 10
814.5
 20
768.5
 10
814.0
 20
768.5
 10
813.5
 20
768.5
 10
813.0
 20
768.5
 10
812.5
 20
769.0
 10
812.0
 20
769.5
 10
811.5
 20
769.5
 10
811.0
 20
769.5
 10
810.5
 20
769.5
 10
810.0
 20
770.0
 10
809.5
 20
770.0
 10
809.0
 20
770.0
 10
808.5
 20
770.0
 10
808.0
 20
770.0
 10
807.5
 20
770.5
 10
807.0
 20
770.5
 10
806.5
 20
770.5
 10
806.0
 20
770.5
 10
805.5
 20
770.5
 10
805.0
 20
770.5
 10
804.5
 20
770.5
 10
804.0
 20
770.5
 10
803.5
 20
770.5
 10
803.0
 20
770.5
 10
802.5
 20
770.5
 10
802.0
 20
770.5
 10
801.5
 20
770.5
 10
801.0
 20
770.5
  0
LWPOLYLINE
  5
E5
330
17
100
AcDbEntity
  8
CURB
370
25
100
AcDbPolyline
 90
132
 70
0
 10
697.0
 20
771.0
 10
697.0
 20
770.5
 10
697.0
 20
770.0
 10
697.0
 20
769.5
 10
697.0
 20
769.0
 10
697.0
 20
768.5
 10
696.5
 20
768.0
 10
696.0
 20
768.0
 10
695.5
 20
768.0
 10
695.5
 20
767.5
 10
695.0
 20
767.0
 10
694.5
 20
767.0
 10
694.5
 20
766.5
 10
694.5
 20
766.0
 10
694.5
 20
765.5
 10
694.5
 20
765.0
 10
694.5
 20
764.5
 10
694.5
 20
764.0
 10
694.5
 20
763.5
 10
694.5
 20
763.0
 10
694.5
 20
762.5
 10
694.5
 20
762.0
 10
694.5
 20
761.5
 10
694.5
 20
761.0
 10
694.5
 20
760.5
 10
694.5
 20
760.0
 10
694.5
 20
759.5
 10
694.5
 20
759.0
 10
694.5
 20
758.5
 10
694.5
 20
758.0
 10
695.0
 20
758.0
 10
695.5
 20
757.5
 10
695.5
 20
757.0
 10
696.0
 20
756.5
 10
696.5
 20
756.5
 10
697.0
 20
756.0
 10
697.5
 20
756.0
 10
698.0
 20
756.0
 10
698.5
 20
756.0
 10
699.0
 20
756.0
 10
699.5
 20
756.0
 10
700.0
 20
756.0
 10
700.5
 20
756.0
 10
701.0
 20
755.5
 10
701.5
 20
755.5
 10
702.0
 20
755.5
 10
702.5
 20
755.5
 10
703.0
 20
755.5
 10
703.5
 20
755.5
 10
704.0
 20
756.0
 10
704.5
 20
756.0
 10
705.0
 20
756.0
 10
705.5
 20
756.0
 10
706.0
 20
756.0
 10
706.5
 20
756.5
 10
707.0
 20
756.5
 10
707.5
 20
756.5
 10
708.0
 20
756.5
 10
708.5
 20
756.5
 10
709.0
 20
757.0
 10
709.5
 20
757.0
 10
710.0
 20
757.5
 10
710.5
 20
757.5
 10
711.0
 20
757.5
 10
711.5
 20
758.0
 10
712.0
 20
758.0
 10
712.5
 20
758.0
 10
713.0
 20
758.0
 10
713.5
 20
758.0
 10
714.0
 20
758.0
 10
714.5
 20
758.0
 10
714.5
 20
758.5
 10
714.5
 20
759.0
 10
714.5
 20
759.5
 10
714.5
 20
760.0
 10
714.5
 20
760.5
 10
714.5
 20
761.0
 10
714.5
 20
761.5
 10
714.5
 20
762.0
 10
714.5
 20
762.5
 10
715.0
 20
763.0
 10
715.5
 20
763.0
 10
716.0
 20
763.0
 10
716.5
 20
763.0
 10
716.5
 20
763.5
 10
716.5
 20
764.0
 10
716.5
 20
764.5
 10
716.5
 20
765.0
 10
716.5
 20
765.5
 10
716.5
 20
766.0
 10
716.5
 20
766.5
 10
716.0
 20
766.5
 10
715.5
 20
766.5
 10
715.0
 20
766.5
 10
714.5
 20
767.0
 10
714.5
 20
767.5
 10
714.5
 20
768.0
 10
714.0
 20
768.5
 10
713.5
 20
768.5
 10
713.0
 20
768.5
 10
712.5
 20
768.5
 10
712.0
 20
768.5
 10
711.5
 20
768.5
 10
711.0
 20
768.5
 10
710.5
 20
768.5
 10
710.0
 20
768.5
 10
709.5
 20
768.5
 10
709.0
 20
769.0
 10
708.5
 20
769.0
 10
708.0
 20
769.0
 10
707.5
 20
769.0
 10
707.0
 20
769.0
 10
706.5
 20
769.0
 10
706.0
 20
769.0
 10
705.5
 20
769.0
 10
705.0
 20
769.0
 10
704.5
 20
769.0
 10
704.0
 20
769.5
 10
704.0
 20
770.0
 10
703.5
 20
770.5
 10
703.0
 20
771.0
 10
702.5
 20
771.0
 10
702.0
 20
771.0
 10
701.5
 20
771.0
 10
701.0
 20
771.0
 10
700.5
 20
771.0
 10
700.0
 20
771.0
 10
699.5
 20
771.0
 10
699.0
 20
771.0
 10
698.5
 20
771.0
 10
698.0
 20
771.0
 10
697.5
 20
771.0
  0
LWPOLYLINE
  5
E6
330
17
100
AcDbEntity
  8
CURB
370
25
100
AcDbPolyline
 90
126
 70
0
 10
437.0
 20
775.0
 10
437.0
 20
774.5
 10
436.5
 20
774.0
 10
436.0
 20
774.0
 10
436.0
 20
773.5
 10
436.0
 20
773.0
 10
436.0
 20
772.5
 10
436.0
 20
772.0
 10
436.0
 20
771.5
 10
436.5
 20
771.0
 10
436.5
 20
770.5
 10
437.0
 20
770.5
 10
437.5
 20
770.5
 10
438.0
 20
770.0
 10
438.0
 20
769.5
 10
438.0
 20
769.0
 10
438.5
 20
768.5
 10
439.0
 20
768.0
 10
439.0
 20
767.5
 10
439.0
 20
767.0
 10
439.0
 20
766.5
 10
439.0
 20
766.0
 10
439.0
 20
765.5
 10
438.5
 20
765.0
 10
438.5
 20
764.5
 10
438.5
 20
764.0
 10
438.5
 20
763.5
 10
438.5
 20
763.0
 10
438.5
 20
762.5
 10
438.5
 20
762.0
 10
438.5
 20
761.5
 10
438.0
 20
761.0
 10
437.5
 20
761.0
 10
437.0
 20
761.0
 10
436.5
 20
761.0
 10
436.0
 20
761.0
 10
436.0
 20
760.5
 10
436.0
 20
760.0
 10
436.0
 20
759.5
 10
436.0
 20
759.0
 10
436.0
 20
758.5
 10
436.0
 20
758.0
 10
436.0
 20
757.5
 10
436.0
 20
757.0
 10
436.5
 20
756.5
 10
437.0
 20
756.5
 10
437.5
 20
756.0
 10
438.0
 20
755.5
 10
438.5
 20
755.0
 10
439.0
 20
754.5
 10
439.5
 20
754.5
 10
440.0
 20
754.5
 10
440.5
 20
754.5
 10
441.0
 20
754.5
 10
441.5
 20
754.5
 10
442.0
 20
754.5
 10
442.5
 20
754.5
 10
443.0
 20
754.5
 10
443.5
 20
754.5
 10
444.0
 20
754.5
 10
444.5
 20
754.5
 10
445.0
 20
754.5
 10
445.5
 20
755.0
 10
446.0
 20
755.0
 10
446.5
 20
755.5
 10
447.0
 20
755.5
 10
447.5
 20
756.0
 10
447.5
 20
756.5
 10
447.5
 20
757.0
 10
447.5
 20
757.5
 10
447.5
 20
758.0
 10
447.5
 20
758.5
 10
447.0
 20
758.5
 10
446.5
 20
758.5
 10
446.0
 20
759.0
 10
446.0
 20
759.5
 10
445.5
 20
760.0
 10
445.0
 20
760.5
 10
445.0
 20
761.0
 10
445.0
 20
761.5
 10
445.0
 20
762.0
 10
445.0
 20
762.5
 10
445.0
 20
763.0
 10
445.5
 20
763.5
 10
445.5
 20
764.0
 10
445.5
 20
764.5
 10
446.0
 20
765.0
 10
446.5
 20
765.0
 10
447.0
 20
765.0
 10
447.5
 20
765.0
 10
447.5
 20
765.5
 10
447.5
 20
766.0
 10
447.5
 20
766.5
 10
447.5
 20
767.0
 10
447.0
 20
767.0
 10
446.5
 20
767.0
 10
446.0
 20
767.0
 10
445.5
 20
767.0
 10
445.0
 20
767.0
 10
444.5
 20
767.0
 10
444.0
 20
767.5
 10
444.0
 20
768.0
 10
444.0
 20
768.5
 10
443.5
 20
768.5
 10
443.0
 20
769.0
 10
442.5
 20
769.0
 10
442.0
 20
769.0
 10
441.5
 20
769.0
 10
441.0
 20
769.5
 10
441.0
 20
770.0
 10
441.0
 20
770.5
 10
441.0
 20
771.0
 10
441.0
 20
771.5
 10
441.0
 20
772.0
 10
441.0
 20
772.5
 10
441.0
 20
773.0
 10
440.5
 20
773.5
 10
440.5
 20
774.0
 10
440.5
 20
774.5
 10
440.5
 20
775.0
 10
440.0
 20
775.0
 10
439.5
 20
775.0
 10
439.0
 20
775.0
 10
438.5
 20
775.0
 10
438.0
 20
775.0
 10
437.5
 20
775.0
  0
LWPOLYLINE
  5
E7
330
17
100
AcDbEntity
  8
CURB
370
25
100
AcDbPolyline
 90
123
 70
0
 10
190.5
 20
782.0
 10
190.0
 20
781.5
 10
189.5
 20
781.0
 10
189.0
 20
781.0
 10
188.5
 20
780.5
 10
188.5
 20
780.0
 10
188.5
 20
779.5
 10
188.5
 20
779.0
 10
188.0
 20
778.5
 10
187.5
 20
778.0
 10
187.0
 20
777.5
 10
186.5
 20
777.0
 10
186.0
 20
776.5
 10
185.5
 20
776.0
 10
185.5
 20
775.5
 10
185.5
 20
775.0
 10
185.5
 20
774.5
 10
185.5
 20
774.0
 10
185.5
 20
773.5
 10
185.5
 20
773.0
 10
185.5
 20
772.5
 10
185.5
 20
772.0
 10
185.5
 20
771.5
 10
185.5
 20
771.0
 10
185.5
 20
770.5
 10
185.5
 20
770.0
 10
185.5
 20
769.5
 10
185.5
 20
769.0
 10
185.5
 20
768.5
 10
185.5
 20
768.0
 10
185.5
 20
767.5
 10
185.5
 20
767.0
 10
185.5
 20
766.5
 10
186.0
 20
766.0
 10
186.0
 20
765.5
 10
186.0
 20
765.0
 10
186.0
 20
764.5
 10
186.0
 20
764.0
 10
186.5
 20
763.5
 10
186.5
 20
763.0
 10
187.0
 20
762.5
 10
187.0
 20
762.0
 10
187.0
 20
761.5
 10
187.5
 20
761.0
 10
187.5
 20
760.5
 10
188.0
 20
760.5
 10
188.5
 20
760.0
 10
189.0
 20
760.0
 10
189.5
 20
759.5
 10
189.5
 20
759.0
 10
190.0
 20
758.5
 10
190.0
 20
758.0
 10
190.5
 20
757.5
 10
190.5
 20
757.0
 10
191.0
 20
756.5
 10
191.5
 20
756.0
 10
191.5
 20
755.5
 10
191.5
 20
755.0
 10
191.5
 20
754.5
 10
192.0
 20
754.5
 10
192.5
 20
754.5
 10
193.0
 20
754.5
 10
193.5
 20
754.5
 10
193.5
 20
755.0
 10
193.5
 20
755.5
 10
193.5
 20
756.0
 10
193.5
 20
756.5
 10
193.5
 20
757.0
 10
194.0
 20
757.5
 10
194.5
 20
758.0
 10
194.5
 20
758.5
 10
195.0
 20
759.0
 10
195.0
 20
759.5
 10
195.0
 20
760.0
 10
195.0
 20
760.5
 10
195.0
 20
761.0
 10
195.0
 20
761.5
 10
195.0
 20
762.0
 10
195.0
 20
762.5
 10
195.0
 20
763.0
 10
195.0
 20
763.5
 10
194.5
 20
764.0
 10
194.5
 20
764.5
 10
194.0
 20
764.5
 10
193.5
 20
765.0
 10
193.5
 20
765.5
 10
193.5
 20
766.0
 10
193.5
 20
766.5
 10
193.5
 20
767.0
 10
193.5
 20
767.5
 10
193.5
 20
768.0
 10
193.5
 20
768.5
 10
193.5
 20
769.0
 10
193.5
 20
769.5
 10
193.5
 20
770.0
 10
193.5
 20
770.5
 10
193.5
 20
771.0
 10
193.5
 20
771.5
 10
193.5
 20
772.0
 10
193.5
 20
772.5
 10
194.0
 20
773.0
 10
194.0
 20
773.5
 10
194.0
 20
774.0
 10
194.0
 20
774.5
 10
194.0
 20
775.0
 10
194.0
 20
775.5
 10
194.0
 20
776.0
 10
194.0
 20
776.5
 10
194.0
 20
777.0
 10
194.0
 20
777.5
 10
194.0
 20
778.0
 10
194.0
 20
778.5
 10
194.0
 20
779.0
 10
194.0
 20
779.5
 10
193.5
 20
780.0
 10
193.0
 20
780.5
 10
193.0
 20
781.0
 10
193.0
 20
781.5
 10
193.0
 20
782.0
 10
192.5
 20
782.0
 10
192.0
 20
782.0
 10
191.5
 20
782.0
 10
191.0
 20
782.0
  0
LWPOLYLINE
  5
E8
330
17
100
AcDbEntity
  8
CURB
370
25
100
AcDbPolyline
 90
912
 70
0
 10
955.0
 20
795.5
 10
955.0
 20
795.0
 10
954.5
 20
794.5
 10
954.0
 20
794.5
 10
953.5
 20
794.5
 10
953.0
 20
794.5
 10
952.5
 20
794.0
 10
952.0
 20
794.0
 10
952.0
 20
793.5
 10
952.0
 20
793.0
 10
952.0
 20
792.5
 10
952.0
 20
792.0
 10
952.5
 20
791.5
 10
952.5
 20
791.0
 10
952.5
 20
790.5
 10
953.0
 20
790.0
 10
953.0
 20
789.5
 10
953.0
 20
789.0
 10
953.0
 20
788.5
 10
953.0
 20
788.0
 10
953.0
 20
787.5
 10
953.0
 20
787.0
 10
953.5
 20
787.0
 10
954.0
 20
787.0
 10
954.5
 20
786.5
 10
954.5
 20
786.0
 10
954.5
 20
785.5
 10
954.5
 20
785.0
 10
954.5
 20
784.5
 10
954.5
 20
784.0
 10
954.5
 20
783.5
 10
954.5
 20
783.0
 10
954.5
 20
782.5
 10
954.0
 20
782.0
 10
954.0
 20
781.5
 10
954.0
 20
781.0
 10
954.0
 20
780.5
 10
953.5
 20
780.0
 10
953.5
 20
779.5
 10
953.5
 20
779.0
 10
953.5
 20
778.5
 10
953.0
 20
778.0
 10
953.0
 20
777.5
 10
953.0
 20
777.0
 10
953.0
 20
776.5
 10
953.0
 20
776.0
 10
953.0
 20
775.5
 10
953.0
 20
775.0
 10
952.5
 20
774.5
 10
952.5
 20
774.0
 10
952.5
 20
773.5
 10
952.5
 20
773.0
 10
952.5
 20
772.5
 10
952.5
 20
772.0
 10
953.0
 20
771.5
 10
953.5
 20
771.0
 10
953.5
 20
770.5
 10
953.5
 20
770.0
 10
953.5
 20
769.5
 10
953.5
 20
769.0
 10
953.5
 20
768.5
 10
953.5
 20
768.0
 10
954.0
 20
767.5
 10
954.5
 20
767.0
 10
955.0
 20
767.0
 10
955.5
 20
766.5
 10
956.0
 20
766.5
 10
956.5
 20
766.5
 10
957.0
 20
766.5
 10
957.5
 20
766.5
 10
958.0
 20
766.5
 10
958.5
 20
766.5
 10
959.0
 20
766.5
 10
959.5
 20
766.5
 10
960.0
 20
766.5
 10
960.0
 20
767.0
 10
960.0
 20
767.5
 10
960.0
 20
768.0
 10
960.0
 20
768.5
 10
960.0
 20
769.0
 10
960.0
 20
769.5
 10
960.5
 20
770.0
 10
961.0
 20
770.5
 10
961.5
 20
770.5
 10
961.5
 20
771.0
 10
961.5
 20
771.5
 10
961.5
 20
772.0
 10
961.5
 20
772.5
 10
962.0
 20
773.0
 10
962.5
 20
773.0
 10
963.0
 20
773.0
 10
963.5
 20
773.0
 10
964.0
 20
773.0
 10
964.5
 20
773.0
 10
964.5
 20
773.5
 10
964.5
 20
774.0
 10
965.0
 20
774.5
 10
965.5
 20
774.5
 10
966.0
 20
774.5
 10
966.5
 20
774.5
 10
966.5
 20
775.0
 10
967.0
 20
775.5
 10
967.5
 20
775.5
 10
968.0
 20
776.0
 10
968.5
 20
776.0
 10
969.0
 20
776.5
 10
969.5
 20
776.5
 10
970.0
 20
776.5
 10
970.5
 20
776.5
 10
971.0
 20
776.5
 10
971.5
 20
776.5
 10
972.0
 20
776.5
 10
972.5
 20
776.5
 10
973.0
 20
776.5
 10
973.5
 20
776.5
 10
974.0
 20
776.5
 10
974.0
 20
777.0
 10
974.5
 20
777.5
 10
975.0
 20
777.5
 10
975.5
 20
777.5
 10
976.0
 20
777.5
 10
976.5
 20
777.5
 10
977.0
 20
777.5
 10
977.5
 20
777.5
 10
978.0
 20
777.5
 10
978.5
 20
777.5
 10
979.0
 20
777.5
 10
979.5
 20
777.5
 10
979.5
 20
778.0
 10
979.5
 20
778.5
 10
980.0
 20
779.0
 10
980.5
 20
779.0
 10
981.0
 20
779.5
 10
981.5
 20
779.5
 10
982.0
 20
780.0
 10
982.5
 20
780.0
 10
983.0
 20
780.0
 10
983.0
 20
780.5
 10
983.0
 20
781.0
 10
983.0
 20
781.5
 10
983.5
 20
782.0
 10
984.0
 20
782.0
 10
984.5
 20
782.5
 10
985.0
 20
782.5
 10
985.5
 20
783.0
 10
986.0
 20
783.5
 10
986.5
 20
783.5
 10
987.0
 20
783.5
 10
987.5
 20
783.5
 10
988.0
 20
783.5
 10
988.5
 20
783.5
 10
989.0
 20
783.5
 10
989.5
 20
783.5
 10
990.0
 20
783.5
 10
990.5
 20
783.5
 10
991.0
 20
783.5
 10
991.5
 20
783.5
 10
992.0
 20
783.0
 10
992.5
 20
783.0
 10
993.0
 20
782.5
 10
993.5
 20
782.5
 10
994.0
 20
782.5
 10
994.5
 20
782.5
 10
995.0
 20
782.5
 10
995.5
 20
782.5
 10
996.0
 20
782.5
 10
996.5
 20
782.5
 10
997.0
 20
782.0
 10
997.0
 20
781.5
 10
997.5
 20
781.5
 10
998.0
 20
781.5
 10
998.5
 20
781.5
 10
999.0
 20
781.5
 10
999.5
 20
781.5
 10
1000.0
 20
781.5
 10
1000.5
 20
781.5
 10
1001.0
 20
781.5
 10
1001.5
 20
781.5
 10
1002.0
 20
781.5
 10
1002.5
 20
781.5
 10
1003.0
 20
781.5
 10
1003.5
 20
781.5
 10
1004.0
 20
781.5
 10
1004.5
 20
781.5
 10
1005.0
 20
781.5
 10
1005.5
 20
781.5
 10
1006.0
 20
781.5
 10
1006.5
 20
781.5
 10
1007.0
 20
781.0
 10
1007.0
 20
780.5
 10
1007.0
 20
780.0
 10
1007.0
 20
779.5
 10
1007.0
 20
779.0
 10
1007.0
 20
778.5
 10
1007.0
 20
778.0
 10
1007.0
 20
777.5
 10
1007.0
 20
777.0
 10
1007.0
 20
776.5
 10
1007.0
 20
776.0
 10
1006.5
 20
775.5
 10
1006.0
 20
775.5
 10
1005.5
 20
775.5
 10
1005.0
 20
775.5
 10
1004.5
 20
775.5
 10
1004.0
 20
775.5
 10
1003.5
 20
775.5
 10
1003.0
 20
775.5
 10
1002.5
 20
775.5
 10
1002.0
 20
775.5
 10
1001.5
 20
775.5
 10
1001.0
 20
775.5
 10
1000.5
 20
775.5
 10
1000.0
 20
775.5
 10
999.5
 20
775.5
 10
999.0
 20
775.5
 10
998.5
 20
775.5
 10
998.0
 20
775.5
 10
997.5
 20
775.5
 10
997.0
 20
775.5
 10
996.5
 20
775.5
 10
996.0
 20
776.0
 10
995.5
 20
776.5
 10
995.0
 20
776.5
 10
994.5
 20
776.5
 10
994.0
 20
776.5
 10
993.5
 20
776.5
 10
993.0
 20
776.0
 10
992.5
 20
776.0
 10
992.0
 20
775.5
 10
992.0
 20
775.0
 10
992.0
 20
774.5
 10
992.0
 20
774.0
 10
992.0
 20
773.5
 10
992.0
 20
773.0
 10
992.0
 20
772.5
 10
992.0
 20
772.0
 10
992.0
 20
771.5
 10
992.0
 20
771.0
 10
992.5
 20
771.0
 10
993.0
 20
771.0
 10
993.5
 20
770.5
 10
993.5
 20
770.0
 10
994.0
 20
769.5
 10
994.0
 20
769.0
 10
994.0
 20
768.5
 10
994.0
 20
768.0
 10
994.0
 20
767.5
 10
994.0
 20
767.0
 10
994.5
 20
767.0
 10
995.0
 20
767.0
 10
995.5
 20
767.0
 10
996.0
 20
767.0
 10
996.5
 20
767.0
 10
997.0
 20
766.5
 10
997.5
 20
766.5
 10
998.0
 20
766.5
 10
998.5
 20
766.5
 10
999.0
 20
766.5
 10
999.5
 20
766.5
 10
1000.0
 20
766.5
 10
1000.5
 20
766.5
 10
1001.0
 20
766.5
 10
1001.5
 20
766.5
 10
1002.0
 20
766.5
 10
1002.5
 20
766.5
 10
1003.0
 20
766.5
 10
1003.5
 20
767.0
 10
1004.0
 20
767.0
 10
1004.5
 20
767.0
 10
1005.0
 20
767.0
 10
1005.5
 20
767.0
 10
1006.0
 20
767.0
 10
1006.5
 20
767.0
 10
1007.0
 20
766.5
 10
1007.5
 20
766.5
 10
1008.0
 20
766.5
 10
1008.5
 20
766.5
 10
1009.0
 20
766.5
 10
1009.5
 20
766.5
 10
1010.0
 20
766.5
 10
1010.5
 20
766.5
 10
1011.0
 20
766.5
 10
1011.5
 20
766.5
 10
1012.0
 20
766.5
 10
1012.5
 20
766.5
 10
1013.0
 20
766.5
 10
1013.5
 20
766.5
 10
1014.0
 20
767.0
 10
1014.5
 20
767.0
 10
1015.0
 20
767.0
 10
1015.5
 20
767.0
 10
1016.0
 20
767.0
 10
1016.5
 20
766.5
 10
1017.0
 20
766.5
 10
1017.5
 20
766.5
 10
1018.0
 20
766.5
 10
1018.5
 20
766.0
 10
1019.0
 20
766.0
 10
1019.5
 20
766.0
 10
1020.0
 20
766.0
 10
1020.5
 20
766.0
 10
1021.0
 20
766.5
 10
1021.5
 20
766.5
 10
1022.0
 20
766.5
 10
1022.5
 20
766.5
 10
1023.0
 20
766.5
 10
1023.5
 20
766.5
 10
1023.5
 20
767.0
 10
1023.0
 20
767.0
 10
1022.5
 20
767.0
 10
1022.0
 20
767.0
 10
1021.5
 20
767.0
 10
1021.0
 20
767.0
 10
1020.5
 20
767.0
 10
1020.0
 20
767.0
 10
1019.5
 20
766.5
 10
1019.0
 20
767.0
 10
1018.5
 20
767.0
 10
1018.0
 20
767.0
 10
1017.5
 20
767.0
 10
1017.0
 20
767.5
 10
1016.5
 20
767.5
 10
1016.0
 20
767.5
 10
1015.5
 20
767.5
 10
1015.0
 20
767.5
 10
1014.5
 20
767.5
 10
1014.0
 20
767.5
 10
1013.5
 20
767.5
 10
1013.0
 20
767.5
 10
1012.5
 20
767.0
 10
1012.0
 20
767.0
 10
1011.5
 20
767.0
 10
1011.0
 20
767.0
 10
1010.5
 20
767.0
 10
1010.0
 20
767.0
 10
1009.5
 20
767.0
 10
1009.0
 20
767.0
 10
1008.5
 20
767.0
 10
1008.0
 20
767.0
 10
1007.5
 20
767.5
 10
1007.0
 20
767.5
 10
1006.5
 20
767.5
 10
1006.0
 20
767.5
 10
1005.5
 20
767.5
 10
1005.0
 20
767.5
 10
1004.5
 20
767.5
 10
1004.0
 20
767.5
 10
1003.5
 20
767.5
 10
1003.0
 20
767.5
 10
1002.5
 20
767.5
 10
1002.0
 20
767.0
 10
1001.5
 20
767.0
 10
1001.0
 20
767.0
 10
1000.5
 20
767.0
 10
1000.0
 20
767.0
 10
999.5
 20
767.0
 10
999.0
 20
767.0
 10
998.5
 20
767.0
 10
998.0
 20
767.0
 10
997.5
 20
767.5
 10
997.0
 20
767.5
 10
996.5
 20
767.5
 10
996.0
 20
767.5
 10
995.5
 20
767.5
 10
995.0
 20
767.5
 10
994.5
 20
768.0
 10
994.5
 20
768.5
 10
994.5
 20
769.0
 10
994.5
 20
769.5
 10
994.5
 20
770.0
 10
994.5
 20
770.5
 10
994.0
 20
771.0
 10
994.0
 20
771.5
 10
993.5
 20
771.5
 10
993.0
 20
771.5
 10
992.5
 20
772.0
 10
992.5
 20
772.5
 10
992.5
 20
773.0
 10
992.5
 20
773.5
 10
992.5
 20
774.0
 10
992.5
 20
774.5
 10
993.0
 20
775.0
 10
993.5
 20
775.5
 10
994.0
 20
775.5
 10
994.5
 20
776.0
 10
995.0
 20
775.5
 10
995.5
 20
775.0
 10
996.0
 20
775.0
 10
996.5
 20
775.0
 10
997.0
 20
775.0
 10
997.5
 20
775.0
 10
998.0
 20
775.0
 10
998.5
 20
775.0
 10
999.0
 20
775.0
 10
999.5
 20
775.0
 10
1000.0
 20
775.0
 10
1000.5
 20
775.0
 10
1001.0
 20
775.0
 10
1001.5
 20
775.0
 10
1002.0
 20
775.0
 10
1002.5
 20
775.0
 10
1003.0
 20
775.0
 10
1003.5
 20
775.0
 10
1004.0
 20
775.0
 10
1004.5
 20
775.0
 10
1005.0
 20
775.0
 10
1005.5
 20
775.0
 10
1006.0
 20
775.0
 10
1006.5
 20
775.0
 10
1007.0
 20
775.0
 10
1007.5
 20
775.0
 10
1007.5
 20
775.5
 10
1007.5
 20
776.0
 10
1007.5
 20
776.5
 10
1007.5
 20
777.0
 10
1007.5
 20
777.5
 10
1007.5
 20
778.0
 10
1007.5
 20
778.5
 10
1007.5
 20
779.0
 10
1007.5
 20
779.5
 10
1007.5
 20
780.0
 10
1007.5
 20
780.5
 10
1007.5
 20
781.0
 10
1007.5
 20
781.5
 10
1007.5
 20
782.0
 10
1007.0
 20
782.0
 10
1006.5
 20
782.0
 10
1006.0
 20
782.0
 10
1005.5
 20
782.0
 10
1005.0
 20
782.0
 10
1004.5
 20
782.0
 10
1004.0
 20
782.0
 10
1003.5
 20
782.0
 10
1003.0
 20
782.0
 10
1002.5
 20
782.0
 10
1002.0
 20
782.0
 10
1001.5
 20
782.0
 10
1001.0
 20
782.0
 10
1000.5
 20
782.0
 10
1000.0
 20
782.0
 10
999.5
 20
782.0
 10
999.0
 20
782.0
 10
998.5
 20
782.0
 10
998.0
 20
782.0
 10
997.5
 20
782.5
 10
997.5
 20
783.0
 10
997.0
 20
783.0
 10
996.5
 20
783.0
 10
996.0
 20
783.0
 10
995.5
 20
783.0
 10
995.0
 20
783.0
 10
994.5
 20
783.0
 10
994.0
 20
783.0
 10
993.5
 20
783.5
 10
993.0
 20
783.5
 10
992.5
 20
784.0
 10
992.0
 20
784.0
 10
991.5
 20
784.0
 10
991.0
 20
784.0
 10
990.5
 20
784.0
 10
990.0
 20
784.0
 10
989.5
 20
784.0
 10
989.0
 20
784.0
 10
988.5
 20
784.0
 10
988.0
 20
784.0
 10
987.5
 20
784.0
 10
987.0
 20
784.0
 10
986.5
 20
784.0
 10
986.0
 20
784.0
 10
985.5
 20
784.0
 10
985.0
 20
784.0
 10
984.5
 20
783.5
 10
984.0
 20
783.0
 10
983.5
 20
783.0
 10
983.0
 20
782.5
 10
982.5
 20
782.5
 10
982.5
 20
782.0
 10
982.5
 20
781.5
 10
982.5
 20
781.0
 10
982.0
 20
780.5
 10
981.5
 20
780.5
 10
981.0
 20
780.5
 10
980.5
 20
780.0
 10
980.0
 20
780.0
 10
979.5
 20
779.5
 10
979.0
 20
779.5
 10
979.0
 20
779.0
 10
979.0
 20
778.5
 10
978.5
 20
778.0
 10
978.0
 20
778.0
 10
977.5
 20
778.0
 10
977.0
 20
778.0
 10
976.5
 20
778.0
 10
976.0
 20
778.0
 10
975.5
 20
778.0
 10
975.0
 20
778.0
 10
974.5
 20
778.0
 10
974.0
 20
778.0
 10
973.5
 20
778.0
 10
973.5
 20
777.5
 10
973.0
 20
777.0
 10
972.5
 20
777.0
 10
972.0
 20
777.0
 10
971.5
 20
777.0
 10
971.0
 20
777.0
 10
970.5
 20
777.0
 10
970.0
 20
777.0
 10
969.5
 20
777.0
 10
969.0
 20
777.0
 10
968.5
 20
777.0
 10
968.0
 20
777.0
 10
967.5
 20
776.5
 10
967.0
 20
776.5
 10
966.5
 20
776.0
 10
966.0
 20
776.0
 10
966.0
 20
775.5
 10
965.5
 20
775.0
 10
965.0
 20
775.0
 10
964.5
 20
775.0
 10
964.0
 20
775.0
 10
964.0
 20
774.5
 10
964.0
 20
774.0
 10
963.5
 20
773.5
 10
963.0
 20
773.5
 10
962.5
 20
773.5
 10
962.0
 20
773.5
 10
961.5
 20
773.5
 10
961.0
 20
773.5
 10
961.0
 20
773.0
 10
961.0
 20
772.5
 10
961.0
 20
772.0
 10
961.0
 20
771.5
 10
960.5
 20
771.0
 10
960.0
 20
771.0
 10
959.5
 20
770.5
 10
959.5
 20
770.0
 10
959.5
 20
769.5
 10
959.5
 20
769.0
 10
959.5
 20
768.5
 10
959.5
 20
768.0
 10
959.5
 20
767.5
 10
959.0
 20
767.0
 10
958.5
 20
767.0
 10
958.0
 20
767.0
 10
957.5
 20
767.0
 10
957.0
 20
767.0
 10
956.5
 20
767.0
 10
956.0
 20
767.5
 10
955.5
 20
767.5
 10
955.0
 20
768.0
 10
954.5
 20
768.5
 10
954.0
 20
769.0
 10
954.0
 20
769.5
 10
954.0
 20
770.0
 10
954.0
 20
770.5
 10
954.0
 20
771.0
 10
954.0
 20
771.5
 10
954.0
 20
772.0
 10
953.5
 20
772.5
 10
953.0
 20
773.0
 10
953.0
 20
773.5
 10
953.5
 20
774.0
 10
953.5
 20
774.5
 10
953.5
 20
775.0
 10
953.5
 20
775.5
 10
953.5
 20
776.0
 10
953.5
 20
776.5
 10
953.5
 20
777.0
 10
954.0
 20
777.5
 10
954.0
 20
778.0
 10
954.0
 20
778.5
 10
954.0
 20
779.0
 10
954.5
 20
779.5
 10
954.5
 20
780.0
 10
954.5
 20
780.5
 10
954.5
 20
781.0
 10
955.0
 20
781.5
 10
955.0
 20
782.0
 10
955.0
 20
782.5
 10
955.0
 20
783.0
 10
955.0
 20
783.5
 10
955.0
 20
784.0
 10
955.0
 20
784.5
 10
955.0
 20
785.0
 10
955.0
 20
785.5
 10
955.0
 20
786.0
 10
955.0
 20
786.5
 10
955.0
 20
787.0
 10
955.0
 20
787.5
 10
954.5
 20
787.5
 10
954.0
 20
787.5
 10
953.5
 20
788.0
 10
953.5
 20
788.5
 10
953.5
 20
789.0
 10
953.5
 20
789.5
 10
953.5
 20
790.0
 10
953.5
 20
790.5
 10
953.5
 20
791.0
 10
953.0
 20
791.5
 10
953.0
 20
792.0
 10
953.0
 20
792.5
 10
952.5
 20
793.0
 10
953.0
 20
793.5
 10
953.5
 20
793.5
 10
954.0
 20
794.0
 10
954.5
 20
794.0
 10
955.0
 20
794.0
 10
955.5
 20
794.0
 10
955.5
 20
794.5
 10
956.0
 20
795.0
 10
956.5
 20
795.0
 10
957.0
 20
795.0
 10
957.5
 20
795.0
 10
958.0
 20
795.0
 10
958.5
 20
795.0
 10
959.0
 20
795.0
 10
959.5
 20
795.0
 10
960.0
 20
795.0
 10
960.5
 20
794.5
 10
960.5
 20
794.0
 10
960.5
 20
793.5
 10
960.5
 20
793.0
 10
960.5
 20
792.5
 10
960.5
 20
792.0
 10
960.5
 20
791.5
 10
960.5
 20
791.0
 10
960.5
 20
790.5
 10
960.5
 20
790.0
 10
960.5
 20
789.5
 10
960.5
 20
789.0
 10
961.0
 20
789.0
 10
961.5
 20
789.0
 10
962.0
 20
789.0
 10
962.5
 20
789.0
 10
963.0
 20
789.0
 10
963.5
 20
789.0
 10
964.0
 20
789.0
 10
964.5
 20
789.0
 10
965.0
 20
789.0
 10
965.5
 20
789.0
 10
966.0
 20
789.0
 10
966.5
 20
789.0
 10
967.0
 20
789.0
 10
967.5
 20
789.0
 10
968.0
 20
789.0
 10
968.5
 20
789.0
 10
969.0
 20
789.0
 10
969.5
 20
789.0
 10
970.0
 20
789.0
 10
970.5
 20
789.0
 10
971.0
 20
789.0
 10
971.5
 20
789.5
 10
972.0
 20
790.0
 10
972.5
 20
790.0
 10
973.0
 20
789.5
 10
973.5
 20
789.5
 10
974.0
 20
789.5
 10
974.5
 20
789.5
 10
975.0
 20
789.5
 10
975.5
 20
789.5
 10
976.0
 20
789.5
 10
976.5
 20
789.5
 10
977.0
 20
789.5
 10
977.5
 20
789.5
 10
978.0
 20
789.5
 10
978.5
 20
789.5
 10
979.0
 20
790.0
 10
979.5
 20
790.0
 10
980.0
 20
790.0
 10
980.5
 20
789.5
 10
980.5
 20
789.0
 10
981.0
 20
788.5
 10
981.0
 20
788.0
 10
981.5
 20
787.5
 10
982.0
 20
787.5
 10
982.5
 20
787.5
 10
983.0
 20
787.5
 10
983.5
 20
787.5
 10
984.0
 20
787.5
 10
984.5
 20
787.0
 10
985.0
 20
786.5
 10
985.0
 20
786.0
 10
985.5
 20
786.0
 10
986.0
 20
786.0
 10
986.5
 20
786.0
 10
987.0
 20
786.0
 10
987.5
 20
786.0
 10
988.0
 20
786.0
 10
988.5
 20
786.0
 10
989.0
 20
786.0
 10
989.5
 20
786.0
 10
990.0
 20
786.0
 10
990.5
 20
786.0
 10
991.0
 20
786.0
 10
991.5
 20
786.0
 10
992.0
 20
786.0
 10
992.5
 20
786.0
 10
993.0
 20
786.0
 10
993.5
 20
786.0
 10
994.0
 20
786.0
 10
994.5
 20
786.0
 10
995.0
 20
786.0
 10
995.5
 20
786.0
 10
996.0
 20
786.0
 10
996.5
 20
786.0
 10
997.0
 20
786.0
 10
997.5
 20
786.0
 10
998.0
 20
786.0
 10
998.5
 20
786.0
 10
999.0
 20
786.0
 10
999.5
 20
786.0
 10
1000.0
 20
786.0
 10
1000.5
 20
786.0
 10
1001.0
 20
786.0
 10
1001.5
 20
786.0
 10
1002.0
 20
786.0
 10
1002.5
 20
786.5
 10
1003.0
 20
786.5
 10
1003.5
 20
786.5
 10
1004.0
 20
786.5
 10
1004.5
 20
786.5
 10
1005.0
 20
786.5
 10
1005.5
 20
786.5
 10
1006.0
 20
786.5
 10
1006.5
 20
786.0
 10
1007.0
 20
786.0
 10
1007.5
 20
786.0
 10
1008.0
 20
786.0
 10
1008.5
 20
786.0
 10
1009.0
 20
786.0
 10
1009.5
 20
786.0
 10
1010.0
 20
786.0
 10
1010.5
 20
786.0
 10
1011.0
 20
786.0
 10
1011.5
 20
786.0
 10
1012.0
 20
786.0
 10
1012.5
 20
786.0
 10
1013.0
 20
786.0
 10
1013.5
 20
786.0
 10
1014.0
 20
786.0
 10
1014.5
 20
786.0
 10
1015.0
 20
786.0
 10
1015.5
 20
786.0
 10
1016.0
 20
786.0
 10
1016.0
 20
786.5
 10
1016.5
 20
787.0
 10
1017.0
 20
787.0
 10
1017.5
 20
787.0
 10
1018.0
 20
787.0
 10
1018.5
 20
787.0
 10
1019.0
 20
787.0
 10
1019.5
 20
787.5
 10
1020.0
 20
787.5
 10
1020.5
 20
787.5
 10
1021.0
 20
787.5
 10
1021.5
 20
787.5
 10
1022.0
 20
787.5
 10
1022.5
 20
787.5
 10
1023.0
 20
787.5
 10
1023.5
 20
787.5
 10
1023.5
 20
788.0
 10
1023.0
 20
788.0
 10
1022.5
 20
788.0
 10
1022.0
 20
788.0
 10
1021.5
 20
788.0
 10
1021.0
 20
788.0
 10
1020.5
 20
788.0
 10
1020.0
 20
788.0
 10
1019.5
 20
788.0
 10
1019.0
 20
788.0
 10
1018.5
 20
788.0
 10
1018.0
 20
787.5
 10
1017.5
 20
787.5
 10
1017.0
 20
787.5
 10
1016.5
 20
787.5
 10
1016.0
 20
787.5
 10
1015.5
 20
787.5
 10
1015.5
 20
787.0
 10
1015.0
 20
786.5
 10
1014.5
 20
786.5
 10
1014.0
 20
786.5
 10
1013.5
 20
786.5
 10
1013.0
 20
786.5
 10
1012.5
 20
786.5
 10
1012.0
 20
786.5
 10
1011.5
 20
786.5
 10
1011.0
 20
786.5
 10
1010.5
 20
786.5
 10
1010.0
 20
786.5
 10
1009.5
 20
786.5
 10
1009.0
 20
786.5
 10
1008.5
 20
786.5
 10
1008.0
 20
786.5
 10
1007.5
 20
786.5
 10
1007.0
 20
787.0
 10
1006.5
 20
787.0
 10
1006.0
 20
787.0
 10
1005.5
 20
787.0
 10
1005.0
 20
787.0
 10
1004.5
 20
787.0
 10
1004.0
 20
787.0
 10
1003.5
 20
787.0
 10
1003.0
 20
787.0
 10
1002.5
 20
787.0
 10
1002.0
 20
787.0
 10
1001.5
 20
787.0
 10
1001.0
 20
786.5
 10
1000.5
 20
786.5
 10
1000.0
 20
786.5
 10
999.5
 20
786.5
 10
999.0
 20
786.5
 10
998.5
 20
786.5
 10
998.0
 20
786.5
 10
997.5
 20
786.5
 10
997.0
 20
786.5
 10
996.5
 20
786.5
 10
996.0
 20
786.5
 10
995.5
 20
786.5
 10
995.0
 20
786.5
 10
994.5
 20
786.5
 10
994.0
 20
786.5
 10
993.5
 20
786.5
 10
993.0
 20
786.5
 10
992.5
 20
786.5
 10
992.0
 20
786.5
 10
991.5
 20
786.5
 10
991.0
 20
786.5
 10
990.5
 20
786.5
 10
990.0
 20
786.5
 10
989.5
 20
786.5
 10
989.0
 20
786.5
 10
988.5
 20
786.5
 10
988.0
 20
786.5
 10
987.5
 20
786.5
 10
987.0
 20
786.5
 10
986.5
 20
786.5
 10
986.0
 20
786.5
 10
985.5
 20
787.0
 10
985.5
 20
787.5
 10
985.0
 20
788.0
 10
984.5
 20
788.0
 10
984.0
 20
788.0
 10
983.5
 20
788.0
 10
983.0
 20
788.0
 10
982.5
 20
788.0
 10
982.0
 20
788.5
 10
981.5
 20
789.0
 10
981.5
 20
789.5
 10
981.0
 20
790.0
 10
981.0
 20
790.5
 10
980.5
 20
790.5
 10
980.0
 20
790.5
 10
979.5
 20
790.5
 10
979.0
 20
790.5
 10
978.5
 20
790.5
 10
978.0
 20
790.5
 10
977.5
 20
790.0
 10
977.0
 20
790.0
 10
976.5
 20
790.0
 10
976.0
 20
790.0
 10
975.5
 20
790.0
 10
975.0
 20
790.0
 10
974.5
 20
790.0
 10
974.0
 20
790.0
 10
973.5
 20
790.5
 10
973.0
 20
790.5
 10
972.5
 20
790.5
 10
972.0
 20
790.5
 10
971.5
 20
790.5
 10
971.0
 20
790.5
 10
970.5
 20
790.0
 10
970.0
 20
789.5
 10
969.5
 20
789.5
 10
969.0
 20
789.5
 10
968.5
 20
789.5
 10
968.0
 20
789.5
 10
967.5
 20
789.5
 10
967.0
 20
789.5
 10
966.5
 20
789.5
 10
966.0
 20
789.5
 10
965.5
 20
789.5
 10
965.0
 20
789.5
 10
964.5
 20
789.5
 10
964.0
 20
789.5
 10
963.5
 20
789.5
 10
963.0
 20
789.5
 10
962.5
 20
789.5
 10
962.0
 20
789.5
 10
961.5
 20
789.5
 10
961.0
 20
790.0
 10
961.0
 20
790.5
 10
961.0
 20
791.0
 10
961.0
 20
791.5
 10
961.0
 20
792.0
 10
961.0
 20
792.5
 10
961.0
 20
793.0
 10
961.0
 20
793.5
 10
961.0
 20
794.0
 10
961.0
 20
794.5
 10
961.0
 20
795.0
 10
961.0
 20
795.5
 10
960.5
 20
795.5
 10
960.0
 20
795.5
 10
959.5
 20
795.5
 10
959.0
 20
795.5
 10
958.5
 20
795.5
 10
958.0
 20
795.5
 10
957.5
 20
795.5
 10
957.0
 20
795.5
 10
956.5
 20
795.5
 10
956.0
 20
795.5
 10
955.5
 20
795.5
  0
LWPOLYLINE
  5
E9
330
17
100
AcDbEntity
  8
CURB
370
25
100
AcDbPolyline
 90
361
 70
0
 10
345.0
 20
802.0
 10
345.0
 20
801.5
 10
344.5
 20
801.0
 10
344.0
 20
801.0
 10
344.0
 20
800.5
 10
344.0
 20
800.0
 10
344.0
 20
799.5
 10
344.0
 20
799.0
 10
344.0
 20
798.5
 10
344.0
 20
798.0
 10
344.0
 20
797.5
 10
344.0
 20
797.0
 10
344.5
 20
797.0
 10
345.0
 20
797.0
 10
345.5
 20
796.5
 10
345.5
 20
796.0
 10
346.0
 20
795.5
 10
346.0
 20
795.0
 10
346.0
 20
794.5
 10
346.0
 20
794.0
 10
346.0
 20
793.5
 10
346.0
 20
793.0
 10
346.0
 20
792.5
 10
345.5
 20
792.0
 10
345.0
 20
791.5
 10
345.0
 20
791.0
 10
344.5
 20
790.5
 10
344.5
 20
790.0
 10
344.5
 20
789.5
 10
344.5
 20
789.0
 10
344.0
 20
788.5
 10
344.0
 20
788.0
 10
343.5
 20
787.5
 10
343.0
 20
787.0
 10
342.5
 20
787.0
 10
342.0
 20
786.5
 10
341.5
 20
786.5
 10
341.0
 20
786.0
 10
341.0
 20
785.5
 10
341.0
 20
785.0
 10
341.0
 20
784.5
 10
341.0
 20
784.0
 10
341.0
 20
783.5
 10
341.0
 20
783.0
 10
341.0
 20
782.5
 10
341.0
 20
782.0
 10
341.0
 20
781.5
 10
341.0
 20
781.0
 10
341.0
 20
780.5
 10
341.0
 20
780.0
 10
341.0
 20
779.5
 10
340.5
 20
779.0
 10
340.0
 20
778.5
 10
340.0
 20
778.0
 10
340.0
 20
777.5
 10
339.5
 20
777.0
 10
339.5
 20
776.5
 10
339.5
 20
776.0
 10
339.0
 20
775.5
 10
338.5
 20
775.5
 10
338.0
 20
775.5
 10
338.0
 20
775.0
 10
338.0
 20
774.5
 10
338.0
 20
774.0
 10
337.5
 20
773.5
 10
337.0
 20
773.5
 10
336.5
 20
773.5
 10
336.0
 20
773.0
 10
335.5
 20
772.5
 10
335.5
 20
772.0
 10
335.5
 20
771.5
 10
335.5
 20
771.0
 10
335.5
 20
770.5
 10
335.5
 20
770.0
 10
335.5
 20
769.5
 10
335.0
 20
769.0
 10
335.0
 20
768.5
 10
335.0
 20
768.0
 10
335.0
 20
767.5
 10
334.5
 20
767.0
 10
334.0
 20
767.0
 10
334.0
 20
766.5
 10
334.0
 20
766.0
 10
334.0
 20
765.5
 10
334.0
 20
765.0
 10
334.0
 20
764.5
 10
334.0
 20
764.0
 10
334.5
 20
763.5
 10
334.5
 20
763.0
 10
335.0
 20
762.5
 10
335.0
 20
762.0
 10
335.0
 20
761.5
 10
335.0
 20
761.0
 10
335.5
 20
760.5
 10
335.5
 20
760.0
 10
335.5
 20
759.5
 10
335.5
 20
759.0
 10
336.0
 20
758.5
 10
336.0
 20
758.0
 10
336.0
 20
757.5
 10
336.0
 20
757.0
 10
336.0
 20
756.5
 10
336.5
 20
756.0
 10
336.5
 20
755.5
 10
337.0
 20
755.5
 10
337.5
 20
755.5
 10
338.0
 20
755.0
 10
338.0
 20
754.5
 10
338.0
 20
754.0
 10
338.0
 20
753.5
 10
338.0
 20
753.0
 10
338.0
 20
752.5
 10
338.0
 20
752.0
 10
338.0
 20
751.5
 10
338.0
 20
751.0
 10
338.0
 20
750.5
 10
338.0
 20
750.0
 10
338.0
 20
749.5
 10
338.0
 20
749.0
 10
338.0
 20
748.5
 10
338.0
 20
748.0
 10
338.0
 20
747.5
 10
338.0
 20
747.0
 10
338.0
 20
746.5
 10
338.0
 20
746.0
 10
338.0
 20
745.5
 10
338.0
 20
745.0
 10
338.0
 20
744.5
 10
338.0
 20
744.0
 10
338.0
 20
743.5
 10
338.0
 20
743.0
 10
338.0
 20
742.5
 10
338.0
 20
742.0
 10
338.0
 20
741.5
 10
338.0
 20
741.0
 10
338.5
 20
741.0
 10
339.0
 20
740.5
 10
339.0
 20
740.0
 10
339.0
 20
739.5
 10
339.0
 20
739.0
 10
339.0
 20
738.5
 10
339.5
 20
738.0
 10
340.0
 20
737.5
 10
340.0
 20
737.0
 10
340.0
 20
736.5
 10
340.0
 20
736.0
 10
340.0
 20
735.5
 10
340.5
 20
735.0
 10
340.5
 20
734.5
 10
341.0
 20
734.0
 10
341.0
 20
733.5
 10
341.0
 20
733.0
 10
341.0
 20
732.5
 10
341.0
 20
732.0
 10
341.0
 20
731.5
 10
341.5
 20
731.5
 10
342.0
 20
731.5
 10
342.5
 20
731.5
 10
343.0
 20
731.5
 10
343.5
 20
731.5
 10
344.0
 20
731.5
 10
344.5
 20
731.0
 10
344.5
 20
730.5
 10
345.0
 20
730.0
 10
345.0
 20
729.5
 10
345.5
 20
729.0
 10
346.0
 20
728.5
 10
346.5
 20
728.0
 10
346.5
 20
727.5
 10
347.0
 20
727.0
 10
347.5
 20
726.5
 10
347.5
 20
726.0
 10
348.0
 20
725.5
 10
348.0
 20
725.0
 10
348.5
 20
725.0
 10
349.0
 20
725.0
 10
349.5
 20
725.0
 10
350.0
 20
725.0
 10
350.5
 20
725.0
 10
351.0
 20
725.0
 10
351.0
 20
725.5
 10
351.0
 20
726.0
 10
351.0
 20
726.5
 10
351.5
 20
727.0
 10
351.5
 20
727.5
 10
352.0
 20
728.0
 10
352.0
 20
728.5
 10
352.0
 20
729.0
 10
352.0
 20
729.5
 10
352.0
 20
730.0
 10
351.5
 20
730.5
 10
351.5
 20
731.0
 10
351.5
 20
731.5
 10
351.5
 20
732.0
 10
351.0
 20
732.0
 10
350.5
 20
732.0
 10
350.0
 20
732.0
 10
349.5
 20
732.0
 10
349.0
 20
732.0
 10
348.5
 20
732.5
 10
348.5
 20
733.0
 10
348.5
 20
733.5
 10
348.0
 20
734.0
 10
348.0
 20
734.5
 10
348.0
 20
735.0
 10
348.0
 20
735.5
 10
348.0
 20
736.0
 10
348.0
 20
736.5
 10
348.0
 20
737.0
 10
348.0
 20
737.5
 10
348.0
 20
738.0
 10
348.0
 20
738.5
 10
348.0
 20
739.0
 10
348.0
 20
739.5
 10
348.0
 20
740.0
 10
348.0
 20
740.5
 10
348.0
 20
741.0
 10
348.5
 20
741.5
 10
348.5
 20
742.0
 10
348.5
 20
742.5
 10
348.5
 20
743.0
 10
348.5
 20
743.5
 10
348.5
 20
744.0
 10
348.5
 20
744.5
 10
348.5
 20
745.0
 10
349.0
 20
745.5
 10
349.5
 20
746.0
 10
349.5
 20
746.5
 10
349.5
 20
747.0
 10
349.5
 20
747.5
 10
349.5
 20
748.0
 10
349.5
 20
748.5
 10
349.5
 20
749.0
 10
349.5
 20
749.5
 10
349.5
 20
750.0
 10
349.5
 20
750.5
 10
349.0
 20
751.0
 10
349.0
 20
751.5
 10
349.0
 20
752.0
 10
349.0
 20
752.5
 10
349.0
 20
753.0
 10
349.0
 20
753.5
 10
349.0
 20
754.0
 10
349.5
 20
754.5
 10
349.5
 20
755.0
 10
349.5
 20
755.5
 10
349.5
 20
756.0
 10
349.5
 20
756.5
 10
349.5
 20
757.0
 10
349.5
 20
757.5
 10
349.5
 20
758.0
 10
350.0
 20
758.5
 10
350.0
 20
759.0
 10
350.0
 20
759.5
 10
350.0
 20
760.0
 10
350.0
 20
760.5
 10
350.0
 20
761.0
 10
350.0
 20
761.5
 10
350.0
 20
762.0
 10
350.5
 20
762.5
 10
351.0
 20
762.5
 10
351.5
 20
762.5
 10
352.0
 20
762.5
 10
352.5
 20
762.5
 10
352.5
 20
763.0
 10
352.5
 20
763.5
 10
352.5
 20
764.0
 10
352.5
 20
764.5
 10
352.5
 20
765.0
 10
352.5
 20
765.5
 10
352.5
 20
766.0
 10
352.5
 20
766.5
 10
352.5
 20
767.0
 10
352.5
 20
767.5
 10
352.5
 20
768.0
 10
352.5
 20
768.5
 10
352.5
 20
769.0
 10
352.5
 20
769.5
 10
352.5
 20
770.0
 10
352.5
 20
770.5
 10
352.5
 20
771.0
 10
352.5
 20
771.5
 10
352.5
 20
772.0
 10
352.5
 20
772.5
 10
352.5
 20
773.0
 10
352.5
 20
773.5
 10
352.5
 20
774.0
 10
352.5
 20
774.5
 10
352.5
 20
775.0
 10
352.5
 20
775.5
 10
352.5
 20
776.0
 10
352.5
 20
776.5
 10
352.5
 20
777.0
 10
352.5
 20
777.5
 10
352.5
 20
778.0
 10
352.5
 20
778.5
 10
352.0
 20
778.5
 10
351.5
 20
778.5
 10
351.0
 20
778.5
 10
350.5
 20
778.5
 10
350.0
 20
778.5
 10
349.5
 20
779.0
 10
349.5
 20
779.5
 10
349.5
 20
780.0
 10
349.5
 20
780.5
 10
349.5
 20
781.0
 10
349.5
 20
781.5
 10
349.5
 20
782.0
 10
349.5
 20
782.5
 10
349.5
 20
783.0
 10
350.0
 20
783.5
 10
350.5
 20
783.5
 10
351.0
 20
783.5
 10
351.5
 20
783.5
 10
352.0
 20
783.5
 10
352.5
 20
783.5
 10
352.5
 20
784.0
 10
352.5
 20
784.5
 10
352.5
 20
785.0
 10
352.5
 20
785.5
 10
352.5
 20
786.0
 10
352.5
 20
786.5
 10
352.5
 20
787.0
 10
352.5
 20
787.5
 10
352.5
 20
788.0
 10
352.5
 20
788.5
 10
352.5
 20
789.0
 10
352.5
 20
789.5
 10
352.5
 20
790.0
 10
352.5
 20
790.5
 10
352.5
 20
791.0
 10
352.0
 20
791.0
 10
351.5
 20
791.0
 10
351.0
 20
791.5
 10
351.0
 20
792.0
 10
351.0
 20
792.5
 10
350.5
 20
793.0
 10
350.5
 20
793.5
 10
350.5
 20
794.0
 10
350.0
 20
794.5
 10
350.0
 20
795.0
 10
350.0
 20
795.5
 10
350.0
 20
796.0
 10
349.5
 20
796.5
 10
349.5
 20
797.0
 10
349.5
 20
797.5
 10
349.0
 20
798.0
 10
349.0
 20
798.5
 10
349.0
 20
799.0
 10
349.0
 20
799.5
 10
349.0
 20
800.0
 10
349.0
 20
800.5
 10
349.0
 20
801.0
 10
348.5
 20
801.0
 10
348.0
 20
801.0
 10
347.5
 20
801.5
 10
347.5
 20
802.0
 10
347.0
 20
802.0
 10
346.5
 20
802.0
 10
346.0
 20
802.0
 10
345.5
 20
802.0
  0
LWPOLYLINE
  5
EA
330
17
100
AcDbEntity
  8
CURB
370
25
100
AcDbPolyline
 90
50
 70
0
 10
1021.0
 20
822.5
 10
1021.0
 20
822.0
 10
1020.5
 20
821.5
 10
1020.0
 20
821.5
 10
1019.5
 20
821.5
 10
1019.5
 20
821.0
 10
1019.5
 20
820.5
 10
1019.5
 20
820.0
 10
1019.5
 20
819.5
 10
1019.5
 20
819.0
 10
1019.5
 20
818.5
 10
1019.5
 20
818.0
 10
1019.5
 20
817.5
 10
1020.0
 20
817.0
 10
1020.0
 20
816.5
 10
1020.5
 20
816.0
 10
1021.0
 20
815.5
 10
1021.0
 20
815.0
 10
1021.5
 20
815.0
 10
1022.0
 20
815.0
 10
1022.5
 20
815.0
 10
1023.0
 20
815.0
 10
1023.5
 20
815.0
 10
1023.5
 20
815.5
 10
1023.0
 20
815.5
 10
1022.5
 20
815.5
 10
1022.0
 20
815.5
 10
1021.5
 20
816.0
 10
1021.5
 20
816.5
 10
1021.0
 20
817.0
 10
1020.5
 20
817.5
 10
1020.5
 20
818.0
 10
1020.0
 20
818.5
 10
1020.0
 20
819.0
 10
1020.0
 20
819.5
 10
1020.0
 20
820.0
 10
1020.0
 20
820.5
 10
1020.5
 20
821.0
 10
1021.0
 20
821.0
 10
1021.5
 20
821.0
 10
1021.5
 20
821.5
 10
1022.0
 20
822.0
 10
1022.5
 20
822.0
 10
1023.0
 20
822.0
 10
1023.5
 20
822.0
 10
1023.5
 20
822.5
 10
1023.0
 20
822.5
 10
1022.5
 20
822.5
 10
1022.0
 20
822.5
 10
1021.5
 20
822.5
  0
LWPOLYLINE
  5
EB
330
17
100
AcDbEntity
  8
CURB
370
25
100
AcDbPolyline
 90
390
 70
0
 10
135.5
 20
824.0
 10
135.5
 20
823.5
 10
135.5
 20
823.0
 10
135.5
 20
822.5
 10
135.0
 20
822.0
 10
135.0
 20
821.5
 10
135.0
 20
821.0
 10
135.0
 20
820.5
 10
135.0
 20
820.0
 10
135.0
 20
819.5
 10
135.5
 20
819.0
 10
136.0
 20
818.5
 10
136.0
 20
818.0
 10
136.0
 20
817.5
 10
136.5
 20
817.0
 10
136.5
 20
816.5
 10
136.5
 20
816.0
 10
136.5
 20
815.5
 10
136.5
 20
815.0
 10
136.5
 20
814.5
 10
136.5
 20
814.0
 10
136.5
 20
813.5
 10
136.0
 20
813.0
 10
135.5
 20
813.0
 10
135.0
 20
813.0
 10
134.5
 20
813.0
 10
134.0
 20
813.0
 10
133.5
 20
813.0
 10
133.0
 20
813.5
 10
132.5
 20
814.0
 10
132.0
 20
814.0
 10
131.5
 20
814.0
 10
131.0
 20
814.0
 10
130.5
 20
814.0
 10
130.0
 20
814.0
 10
129.5
 20
814.0
 10
129.0
 20
814.0
 10
128.5
 20
814.0
 10
128.0
 20
814.5
 10
127.5
 20
814.5
 10
127.0
 20
815.0
 10
126.5
 20
815.0
 10
126.0
 20
815.0
 10
125.5
 20
815.0
 10
125.0
 20
815.0
 10
124.5
 20
815.0
 10
124.0
 20
815.0
 10
124.0
 20
814.5
 10
124.0
 20
814.0
 10
123.5
 20
813.5
 10
123.0
 20
813.5
 10
122.5
 20
813.5
 10
122.0
 20
813.5
 10
121.5
 20
813.5
 10
121.0
 20
813.5
 10
120.5
 20
813.5
 10
120.5
 20
813.0
 10
120.5
 20
812.5
 10
120.0
 20
812.0
 10
119.5
 20
812.0
 10
119.0
 20
811.5
 10
118.5
 20
811.5
 10
118.0
 20
811.5
 10
117.5
 20
811.5
 10
117.0
 20
811.5
 10
116.5
 20
811.5
 10
116.0
 20
811.5
 10
115.5
 20
811.5
 10
115.0
 20
811.5
 10
114.5
 20
811.5
 10
114.0
 20
811.5
 10
113.5
 20
811.5
 10
113.0
 20
811.5
 10
112.5
 20
812.0
 10
112.5
 20
812.5
 10
112.5
 20
813.0
 10
112.0
 20
813.0
 10
111.5
 20
813.0
 10
111.0
 20
813.0
 10
110.5
 20
813.0
 10
110.0
 20
813.0
 10
109.5
 20
813.0
 10
109.0
 20
813.0
 10
108.5
 20
813.0
 10
108.0
 20
813.0
 10
108.0
 20
812.5
 10
108.0
 20
812.0
 10
108.0
 20
811.5
 10
108.0
 20
811.0
 10
108.0
 20
810.5
 10
108.0
 20
810.0
 10
108.0
 20
809.5
 10
107.5
 20
809.0
 10
107.0
 20
809.0
 10
106.5
 20
809.0
 10
106.0
 20
809.0
 10
105.5
 20
809.0
 10
105.0
 20
809.0
 10
104.5
 20
809.0
 10
104.0
 20
809.0
 10
103.5
 20
809.0
 10
103.0
 20
809.0
 10
102.5
 20
809.0
 10
102.0
 20
809.0
 10
101.5
 20
809.0
 10
101.0
 20
809.0
 10
100.5
 20
809.0
 10
100.0
 20
809.5
 10
100.0
 20
810.0
 10
100.0
 20
810.5
 10
99.5
 20
810.5
 10
99.0
 20
810.5
 10
98.5
 20
810.5
 10
98.0
 20
810.5
 10
97.5
 20
810.5
 10
97.0
 20
810.5
 10
96.5
 20
811.0
 10
96.0
 20
811.0
 10
95.5
 20
811.0
 10
95.0
 20
811.0
 10
94.5
 20
811.5
 10
94.0
 20
811.5
 10
93.5
 20
812.0
 10
93.0
 20
812.5
 10
93.0
 20
813.0
 10
92.5
 20
813.0
 10
92.0
 20
813.0
 10
91.5
 20
813.0
 10
91.0
 20
813.5
 10
91.0
 20
814.0
 10
90.5
 20
814.5
 10
90.0
 20
814.5
 10
89.5
 20
814.5
 10
89.0
 20
815.0
 10
88.5
 20
815.0
 10
88.0
 20
815.0
 10
87.5
 20
815.0
 10
87.0
 20
815.0
 10
86.5
 20
814.5
 10
86.0
 20
814.0
 10
85.5
 20
813.5
 10
85.0
 20
813.5
 10
84.5
 20
813.5
 10
84.0
 20
813.5
 10
84.0
 20
813.0
 10
84.0
 20
812.5
 10
84.0
 20
812.0
 10
84.0
 20
811.5
 10
84.0
 20
811.0
 10
84.0
 20
810.5
 10
84.0
 20
810.0
 10
84.0
 20
809.5
 10
84.0
 20
809.0
 10
84.0
 20
808.5
 10
84.5
 20
808.0
 10
84.5
 20
807.5
 10
85.0
 20
807.0
 10
85.5
 20
806.5
 10
86.0
 20
806.0
 10
86.5
 20
805.5
 10
87.0
 20
805.0
 10
87.0
 20
804.5
 10
87.5
 20
804.5
 10
88.0
 20
804.5
 10
88.5
 20
804.0
 10
89.0
 20
803.5
 10
89.5
 20
803.0
 10
89.5
 20
802.5
 10
89.5
 20
802.0
 10
90.0
 20
801.5
 10
90.5
 20
801.5
 10
91.0
 20
801.5
 10
91.5
 20
801.5
 10
92.0
 20
801.5
 10
92.5
 20
801.5
 10
93.0
 20
801.5
 10
93.5
 20
801.5
 10
94.0
 20
801.5
 10
94.5
 20
801.5
 10
95.0
 20
801.5
 10
95.5
 20
801.5
 10
96.0
 20
801.5
 10
96.5
 20
801.5
 10
97.0
 20
801.5
 10
97.5
 20
801.5
 10
98.0
 20
801.5
 10
98.5
 20
801.5
 10
99.0
 20
801.5
 10
99.5
 20
801.5
 10
100.0
 20
801.5
 10
100.5
 20
801.5
 10
101.0
 20
801.5
 10
101.5
 20
801.5
 10
102.0
 20
801.5
 10
102.5
 20
801.5
 10
103.0
 20
801.5
 10
103.5
 20
801.5
 10
104.0
 20
801.5
 10
104.5
 20
801.5
 10
105.0
 20
801.5
 10
105.5
 20
801.5
 10
106.0
 20
801.5
 10
106.5
 20
801.5
 10
107.0
 20
801.5
 10
107.5
 20
801.5
 10
108.0
 20
801.5
 10
108.5
 20
801.5
 10
109.0
 20
801.5
 10
109.5
 20
801.5
 10
110.0
 20
801.5
 10
110.5
 20
801.5
 10
111.0
 20
801.5
 10
111.5
 20
802.0
 10
112.0
 20
802.0
 10
112.5
 20
802.0
 10
113.0
 20
802.0
 10
113.5
 20
802.0
 10
114.0
 20
802.0
 10
114.5
 20
802.0
 10
115.0
 20
802.0
 10
115.5
 20
802.0
 10
116.0
 20
802.0
 10
116.5
 20
802.0
 10
117.0
 20
802.0
 10
117.5
 20
802.0
 10
118.0
 20
802.0
 10
118.5
 20
802.0
 10
119.0
 20
802.0
 10
119.5
 20
802.0
 10
120.0
 20
802.0
 10
120.5
 20
802.0
 10
120.5
 20
802.5
 10
120.5
 20
803.0
 10
120.5
 20
803.5
 10
121.0
 20
804.0
 10
121.5
 20
804.5
 10
121.5
 20
805.0
 10
121.5
 20
805.5
 10
122.0
 20
806.0
 10
122.0
 20
806.5
 10
122.5
 20
807.0
 10
123.0
 20
807.5
 10
123.5
 20
808.0
 10
124.0
 20
808.0
 10
124.0
 20
808.5
 10
124.5
 20
809.0
 10
125.0
 20
809.0
 10
125.5
 20
809.0
 10
126.0
 20
809.0
 10
126.5
 20
809.0
 10
127.0
 20
809.0
 10
127.5
 20
809.0
 10
128.0
 20
809.0
 10
128.5
 20
809.0
 10
129.0
 20
809.0
 10
129.5
 20
808.5
 10
130.0
 20
808.0
 10
130.5
 20
808.0
 10
131.0
 20
808.0
 10
131.5
 20
808.0
 10
132.0
 20
808.0
 10
132.5
 20
808.0
 10
133.0
 20
808.0
 10
133.5
 20
808.0
 10
134.0
 20
808.0
 10
134.5
 20
808.0
 10
135.0
 20
808.0
 10
135.5
 20
808.0
 10
136.0
 20
808.0
 10
136.5
 20
808.5
 10
137.0
 20
809.0
 10
137.5
 20
809.0
 10
138.0
 20
809.0
 10
138.5
 20
809.0
 10
139.0
 20
809.0
 10
139.5
 20
809.0
 10
140.0
 20
809.0
 10
140.5
 20
809.0
 10
140.5
 20
809.5
 10
141.0
 20
810.0
 10
141.5
 20
810.0
 10
142.0
 20
810.0
 10
142.5
 20
810.0
 10
143.0
 20
810.0
 10
143.5
 20
810.0
 10
144.0
 20
809.5
 10
144.5
 20
809.0
 10
144.5
 20
808.5
 10
144.5
 20
808.0
 10
145.0
 20
807.5
 10
145.5
 20
807.5
 10
146.0
 20
807.0
 10
146.5
 20
807.0
 10
147.0
 20
807.0
 10
147.5
 20
807.0
 10
148.0
 20
807.0
 10
148.5
 20
806.5
 10
148.5
 20
806.0
 10
148.5
 20
805.5
 10
149.0
 20
805.5
 10
149.5
 20
805.0
 10
150.0
 20
805.0
 10
150.5
 20
805.0
 10
151.0
 20
805.0
 10
151.5
 20
805.0
 10
152.0
 20
805.5
 10
152.5
 20
805.5
 10
153.0
 20
805.5
 10
153.5
 20
806.0
 10
154.0
 20
806.0
 10
154.5
 20
806.0
 10
155.0
 20
806.5
 10
155.5
 20
806.5
 10
156.0
 20
806.5
 10
156.5
 20
807.0
 10
157.0
 20
807.0
 10
157.5
 20
807.5
 10
157.5
 20
808.0
 10
157.5
 20
808.5
 10
157.5
 20
809.0
 10
157.5
 20
809.5
 10
157.5
 20
810.0
 10
157.5
 20
810.5
 10
157.5
 20
811.0
 10
157.5
 20
811.5
 10
157.5
 20
812.0
 10
157.5
 20
812.5
 10
157.5
 20
813.0
 10
157.5
 20
813.5
 10
157.5
 20
814.0
 10
157.5
 20
814.5
 10
157.5
 20
815.0
 10
157.5
 20
815.5
 10
157.5
 20
816.0
 10
157.5
 20
816.5
 10
157.5
 20
817.0
 10
157.5
 20
817.5
 10
157.5
 20
818.0
 10
157.5
 20
818.5
 10
157.5
 20
819.0
 10
157.5
 20
819.5
 10
157.5
 20
820.0
 10
157.5
 20
820.5
 10
157.5
 20
821.0
 10
157.0
 20
821.5
 10
156.5
 20
821.5
 10
156.0
 20
822.0
 10
155.5
 20
822.0
 10
155.0
 20
822.5
 10
154.5
 20
823.0
 10
154.5
 20
823.5
 10
154.0
 20
823.5
 10
153.5
 20
823.5
 10
153.0
 20
823.5
 10
152.5
 20
823.5
 10
152.0
 20
823.5
 10
151.5
 20
823.5
 10
151.0
 20
823.0
 10
150.5
 20
822.5
 10
150.0
 20
822.5
 10
149.5
 20
822.0
 10
149.0
 20
822.0
 10
148.5
 20
821.5
 10
148.0
 20
821.0
 10
147.5
 20
821.0
 10
147.0
 20
821.0
 10
146.5
 20
821.0
 10
146.0
 20
821.0
 10
145.5
 20
821.0
 10
145.0
 20
821.0
 10
144.5
 20
821.0
 10
144.0
 20
821.0
 10
143.5
 20
821.0
 10
143.0
 20
821.5
 10
142.5
 20
822.0
 10
142.0
 20
822.0
 10
141.5
 20
822.5
 10
141.0
 20
823.0
 10
141.0
 20
823.5
 10
141.0
 20
824.0
 10
140.5
 20
824.0
 10
140.0
 20
824.0
 10
139.5
 20
824.0
 10
139.0
 20
824.0
 10
138.5
 20
824.0
 10
138.0
 20
824.0
 10
137.5
 20
824.0
 10
137.0
 20
824.0
 10
136.5
 20
824.0
 10
136.0
 20
824.0
  0
LWPOLYLINE
  5
EC
330
17
100
AcDbEntity
  8
CURB
370
25
100
AcDbPolyline
 90
420
 70
0
 10
1000.5
 20
828.5
 10
1000.5
 20
828.0
 10
1000.5
 20
827.5
 10
1000.5
 20
827.0
 10
1000.5
 20
826.5
 10
1000.5
 20
826.0
 10
1000.0
 20
825.5
 10
1000.0
 20
825.0
 10
1000.0
 20
824.5
 10
1000.0
 20
824.0
 10
1000.0
 20
823.5
 10
1000.0
 20
823.0
 10
1000.5
 20
822.5
 10
1000.5
 20
822.0
 10
1001.0
 20
821.5
 10
1001.0
 20
821.0
 10
1001.0
 20
820.5
 10
1001.0
 20
820.0
 10
1001.0
 20
819.5
 10
1001.0
 20
819.0
 10
1001.0
 20
818.5
 10
1001.0
 20
818.0
 10
1000.5
 20
817.5
 10
1000.0
 20
817.5
 10
999.5
 20
817.5
 10
999.0
 20
817.5
 10
998.5
 20
817.5
 10
998.0
 20
817.5
 10
997.5
 20
817.5
 10
997.0
 20
817.5
 10
996.5
 20
817.5
 10
996.0
 20
817.5
 10
995.5
 20
817.5
 10
995.0
 20
817.5
 10
994.5
 20
817.5
 10
994.0
 20
817.5
 10
993.5
 20
817.5
 10
993.0
 20
817.5
 10
992.5
 20
817.5
 10
992.0
 20
817.0
 10
992.0
 20
816.5
 10
992.0
 20
816.0
 10
992.0
 20
815.5
 10
992.0
 20
815.0
 10
992.0
 20
814.5
 10
992.0
 20
814.0
 10
992.0
 20
813.5
 10
992.0
 20
813.0
 10
991.5
 20
812.5
 10
991.0
 20
812.5
 10
990.5
 20
812.5
 10
990.0
 20
812.0
 10
990.0
 20
811.5
 10
990.0
 20
811.0
 10
989.5
 20
810.5
 10
989.0
 20
810.0
 10
988.5
 20
810.0
 10
988.5
 20
809.5
 10
988.0
 20
809.0
 10
988.0
 20
808.5
 10
988.0
 20
808.0
 10
988.0
 20
807.5
 10
988.0
 20
807.0
 10
988.0
 20
806.5
 10
988.0
 20
806.0
 10
988.0
 20
805.5
 10
988.0
 20
805.0
 10
988.5
 20
805.0
 10
989.0
 20
805.0
 10
989.5
 20
805.0
 10
990.0
 20
805.0
 10
990.5
 20
805.0
 10
991.0
 20
805.0
 10
991.5
 20
805.0
 10
992.0
 20
805.0
 10
992.5
 20
805.0
 10
993.0
 20
805.0
 10
993.5
 20
804.5
 10
994.0
 20
804.5
 10
994.5
 20
804.5
 10
995.0
 20
804.5
 10
995.5
 20
804.5
 10
996.0
 20
804.5
 10
996.5
 20
804.5
 10
997.0
 20
804.5
 10
997.5
 20
804.5
 10
998.0
 20
804.5
 10
998.5
 20
805.0
 10
998.5
 20
805.5
 10
998.5
 20
806.0
 10
998.5
 20
806.5
 10
998.5
 20
807.0
 10
998.5
 20
807.5
 10
998.5
 20
808.0
 10
999.0
 20
808.5
 10
999.5
 20
808.5
 10
999.5
 20
809.0
 10
999.5
 20
809.5
 10
999.5
 20
810.0
 10
999.5
 20
810.5
 10
999.5
 20
811.0
 10
999.5
 20
811.5
 10
999.5
 20
812.0
 10
999.5
 20
812.5
 10
1000.0
 20
813.0
 10
1000.5
 20
813.0
 10
1001.0
 20
813.0
 10
1001.5
 20
813.0
 10
1002.0
 20
813.0
 10
1002.5
 20
813.0
 10
1003.0
 20
812.5
 10
1003.0
 20
812.0
 10
1003.0
 20
811.5
 10
1003.0
 20
811.0
 10
1003.0
 20
810.5
 10
1003.0
 20
810.0
 10
1003.0
 20
809.5
 10
1003.0
 20
809.0
 10
1003.0
 20
808.5
 10
1003.5
 20
808.5
 10
1004.0
 20
808.5
 10
1004.5
 20
808.0
 10
1004.5
 20
807.5
 10
1004.5
 20
807.0
 10
1004.5
 20
806.5
 10
1004.5
 20
806.0
 10
1004.5
 20
805.5
 10
1005.0
 20
805.5
 10
1005.5
 20
805.0
 10
1005.5
 20
804.5
 10
1006.0
 20
804.5
 10
1006.5
 20
804.5
 10
1007.0
 20
804.5
 10
1007.5
 20
804.5
 10
1008.0
 20
804.5
 10
1008.5
 20
804.5
 10
1009.0
 20
804.5
 10
1009.5
 20
804.5
 10
1010.0
 20
804.5
 10
1010.5
 20
805.0
 10
1011.0
 20
805.0
 10
1011.5
 20
805.0
 10
1012.0
 20
805.0
 10
1012.5
 20
805.0
 10
1013.0
 20
805.0
 10
1013.5
 20
805.5
 10
1014.0
 20
805.5
 10
1014.5
 20
806.0
 10
1015.0
 20
806.0
 10
1015.5
 20
806.0
 10
1016.0
 20
806.0
 10
1016.5
 20
806.0
 10
1017.0
 20
806.0
 10
1017.5
 20
806.0
 10
1018.0
 20
806.0
 10
1018.5
 20
806.0
 10
1019.0
 20
806.5
 10
1019.5
 20
806.5
 10
1020.0
 20
806.5
 10
1020.5
 20
806.5
 10
1021.0
 20
807.0
 10
1021.5
 20
807.0
 10
1022.0
 20
807.0
 10
1022.5
 20
807.0
 10
1023.0
 20
807.0
 10
1023.5
 20
807.0
 10
1023.5
 20
807.5
 10
1023.0
 20
807.5
 10
1022.5
 20
807.5
 10
1022.0
 20
807.5
 10
1021.5
 20
807.5
 10
1021.0
 20
807.5
 10
1020.5
 20
807.5
 10
1020.0
 20
807.5
 10
1019.5
 20
807.0
 10
1019.0
 20
807.0
 10
1018.5
 20
807.0
 10
1018.0
 20
807.0
 10
1017.5
 20
806.5
 10
1017.0
 20
806.5
 10
1016.5
 20
806.5
 10
1016.0
 20
806.5
 10
1015.5
 20
806.5
 10
1015.0
 20
806.5
 10
1014.5
 20
806.5
 10
1014.0
 20
806.5
 10
1013.5
 20
806.5
 10
1013.0
 20
806.0
 10
1012.5
 20
806.0
 10
1012.0
 20
805.5
 10
1011.5
 20
805.5
 10
1011.0
 20
805.5
 10
1010.5
 20
805.5
 10
1010.0
 20
805.5
 10
1009.5
 20
805.5
 10
1009.0
 20
805.0
 10
1008.5
 20
805.0
 10
1008.0
 20
805.0
 10
1007.5
 20
805.0
 10
1007.0
 20
805.0
 10
1006.5
 20
805.0
 10
1006.0
 20
805.5
 10
1006.0
 20
806.0
 10
1005.5
 20
806.0
 10
1005.0
 20
806.5
 10
1005.0
 20
807.0
 10
1005.0
 20
807.5
 10
1005.0
 20
808.0
 10
1005.0
 20
808.5
 10
1005.0
 20
809.0
 10
1004.5
 20
809.0
 10
1004.0
 20
809.0
 10
1003.5
 20
809.5
 10
1003.5
 20
810.0
 10
1003.5
 20
810.5
 10
1003.5
 20
811.0
 10
1003.5
 20
811.5
 10
1003.5
 20
812.0
 10
1003.5
 20
812.5
 10
1003.5
 20
813.0
 10
1003.5
 20
813.5
 10
1003.0
 20
813.5
 10
1002.5
 20
813.5
 10
1002.0
 20
813.5
 10
1001.5
 20
813.5
 10
1001.0
 20
813.5
 10
1000.5
 20
813.5
 10
1000.0
 20
813.5
 10
999.5
 20
813.5
 10
999.0
 20
813.5
 10
999.0
 20
813.0
 10
999.0
 20
812.5
 10
999.0
 20
812.0
 10
999.0
 20
811.5
 10
999.0
 20
811.0
 10
999.0
 20
810.5
 10
999.0
 20
810.0
 10
999.0
 20
809.5
 10
998.5
 20
809.0
 10
998.0
 20
809.0
 10
998.0
 20
808.5
 10
998.0
 20
808.0
 10
998.0
 20
807.5
 10
998.0
 20
807.0
 10
998.0
 20
806.5
 10
998.0
 20
806.0
 10
997.5
 20
805.5
 10
997.0
 20
805.0
 10
996.5
 20
805.0
 10
996.0
 20
805.0
 10
995.5
 20
805.0
 10
995.0
 20
805.0
 10
994.5
 20
805.0
 10
994.0
 20
805.5
 10
993.5
 20
805.5
 10
993.0
 20
805.5
 10
992.5
 20
805.5
 10
992.0
 20
805.5
 10
991.5
 20
805.5
 10
991.0
 20
805.5
 10
990.5
 20
805.5
 10
990.0
 20
805.5
 10
989.5
 20
805.5
 10
989.0
 20
805.5
 10
988.5
 20
806.0
 10
988.5
 20
806.5
 10
988.5
 20
807.0
 10
988.5
 20
807.5
 10
988.5
 20
808.0
 10
989.0
 20
808.5
 10
989.0
 20
809.0
 10
989.5
 20
809.5
 10
990.0
 20
809.5
 10
990.5
 20
810.0
 10
990.5
 20
810.5
 10
990.5
 20
811.0
 10
991.0
 20
811.5
 10
991.5
 20
812.0
 10
992.0
 20
812.0
 10
992.5
 20
812.0
 10
992.5
 20
812.5
 10
992.5
 20
813.0
 10
992.5
 20
813.5
 10
992.5
 20
814.0
 10
992.5
 20
814.5
 10
992.5
 20
815.0
 10
992.5
 20
815.5
 10
992.5
 20
816.0
 10
993.0
 20
816.5
 10
993.5
 20
817.0
 10
994.0
 20
817.0
 10
994.5
 20
817.0
 10
995.0
 20
817.0
 10
995.5
 20
817.0
 10
996.0
 20
817.0
 10
996.5
 20
817.0
 10
997.0
 20
817.0
 10
997.5
 20
817.0
 10
998.0
 20
817.0
 10
998.5
 20
817.0
 10
999.0
 20
817.0
 10
999.5
 20
817.0
 10
1000.0
 20
817.0
 10
1000.5
 20
817.0
 10
1001.0
 20
817.0
 10
1001.5
 20
817.0
 10
1001.5
 20
817.5
 10
1001.5
 20
818.0
 10
1001.5
 20
818.5
 10
1001.5
 20
819.0
 10
1001.5
 20
819.5
 10
1001.5
 20
820.0
 10
1001.5
 20
820.5
 10
1001.5
 20
821.0
 10
1001.5
 20
821.5
 10
1001.5
 20
822.0
 10
1001.5
 20
822.5
 10
1001.0
 20
823.0
 10
1001.0
 20
823.5
 10
1000.5
 20
824.0
 10
1000.5
 20
824.5
 10
1001.0
 20
825.0
 10
1001.0
 20
825.5
 10
1001.0
 20
826.0
 10
1001.0
 20
826.5
 10
1001.0
 20
827.0
 10
1001.0
 20
827.5
 10
1001.5
 20
828.0
 10
1002.0
 20
828.0
 10
1002.5
 20
828.0
 10
1003.0
 20
828.0
 10
1003.5
 20
828.0
 10
1004.0
 20
828.0
 10
1004.5
 20
828.0
 10
1005.0
 20
828.0
 10
1005.5
 20
827.5
 10
1006.0
 20
827.5
 10
1006.5
 20
827.5
 10
1007.0
 20
827.5
 10
1007.5
 20
827.5
 10
1008.0
 20
827.5
 10
1008.5
 20
827.5
 10
1009.0
 20
827.5
 10
1009.5
 20
827.5
 10
1010.0
 20
827.5
 10
1010.5
 20
827.5
 10
1011.0
 20
828.0
 10
1011.5
 20
828.0
 10
1012.0
 20
828.0
 10
1012.5
 20
828.0
 10
1013.0
 20
828.0
 10
1013.5
 20
828.0
 10
1014.0
 20
828.0
 10
1014.5
 20
828.0
 10
1015.0
 20
828.0
 10
1015.5
 20
828.0
 10
1016.0
 20
828.0
 10
1016.5
 20
828.0
 10
1017.0
 20
828.0
 10
1017.5
 20
828.0
 10
1018.0
 20
827.5
 10
1018.5
 20
827.5
 10
1019.0
 20
827.5
 10
1019.5
 20
827.5
 10
1020.0
 20
827.0
 10
1020.5
 20
826.5
 10
1020.5
 20
826.0
 10
1021.0
 20
825.5
 10
1021.5
 20
825.5
 10
1022.0
 20
825.5
 10
1022.5
 20
825.5
 10
1023.0
 20
825.5
 10
1023.5
 20
825.5
 10
1023.5
 20
826.0
 10
1023.0
 20
826.0
 10
1022.5
 20
826.0
 10
1022.0
 20
826.0
 10
1021.5
 20
826.5
 10
1021.0
 20
827.0
 10
1021.0
 20
827.5
 10
1020.5
 20
828.0
 10
1020.0
 20
828.0
 10
1019.5
 20
828.0
 10
1019.0
 20
828.0
 10
1018.5
 20
828.5
 10
1018.0
 20
828.5
 10
1017.5
 20
828.5
 10
1017.0
 20
828.5
 10
1016.5
 20
828.5
 10
1016.0
 20
828.5
 10
1015.5
 20
828.5
 10
1015.0
 20
828.5
 10
1014.5
 20
828.5
 10
1014.0
 20
828.5
 10
1013.5
 20
828.5
 10
1013.0
 20
828.5
 10
1012.5
 20
828.5
 10
1012.0
 20
828.5
 10
1011.5
 20
828.5
 10
1011.0
 20
828.5
 10
1010.5
 20
828.5
 10
1010.0
 20
828.5
 10
1009.5
 20
828.0
 10
1009.0
 20
828.0
 10
1008.5
 20
828.0
 10
1008.0
 20
828.0
 10
1007.5
 20
828.0
 10
1007.0
 20
828.0
 10
1006.5
 20
828.0
 10
1006.0
 20
828.5
 10
1005.5
 20
828.5
 10
1005.0
 20
828.5
 10
1004.5
 20
828.5
 10
1004.0
 20
828.5
 10
1003.5
 20
828.5
 10
1003.0
 20
828.5
 10
1002.5
 20
828.5
 10
1002.0
 20
828.5
 10
1001.5
 20
828.5
 10
1001.0
 20
828.5
  0
LWPOLYLINE
  5
ED
330
17
100
AcDbEntity
  8
CURB
370
25
100
AcDbPolyline
 90
784
 70
0
 10
900.5
 20
841.0
 10
900.5
 20
840.5
 10
900.5
 20
840.0
 10
900.5
 20
839.5
 10
900.5
 20
839.0
 10
900.5
 20
838.5
 10
900.5
 20
838.0
 10
900.5
 20
837.5
 10
900.5
 20
837.0
 10
900.5
 20
836.5
 10
900.0
 20
836.0
 10
900.0
 20
835.5
 10
900.0
 20
835.0
 10
900.0
 20
834.5
 10
900.0
 20
834.0
 10
900.0
 20
833.5
 10
900.0
 20
833.0
 10
900.0
 20
832.5
 10
899.5
 20
832.0
 10
899.5
 20
831.5
 10
899.5
 20
831.0
 10
899.5
 20
830.5
 10
899.5
 20
830.0
 10
899.5
 20
829.5
 10
899.0
 20
829.0
 10
899.0
 20
828.5
 10
899.0
 20
828.0
 10
899.0
 20
827.5
 10
899.0
 20
827.0
 10
899.0
 20
826.5
 10
899.0
 20
826.0
 10
899.0
 20
825.5
 10
899.0
 20
825.0
 10
899.0
 20
824.5
 10
899.5
 20
824.0
 10
900.0
 20
823.5
 10
900.0
 20
823.0
 10
900.5
 20
822.5
 10
900.5
 20
822.0
 10
900.5
 20
821.5
 10
900.5
 20
821.0
 10
900.5
 20
820.5
 10
900.5
 20
820.0
 10
900.5
 20
819.5
 10
900.5
 20
819.0
 10
900.5
 20
818.5
 10
901.0
 20
818.5
 10
901.5
 20
818.5
 10
902.0
 20
818.5
 10
902.5
 20
818.0
 10
903.0
 20
817.5
 10
903.0
 20
817.0
 10
903.0
 20
816.5
 10
903.0
 20
816.0
 10
903.0
 20
815.5
 10
903.5
 20
815.0
 10
903.5
 20
814.5
 10
903.5
 20
814.0
 10
903.5
 20
813.5
 10
903.5
 20
813.0
 10
903.5
 20
812.5
 10
903.5
 20
812.0
 10
903.5
 20
811.5
 10
903.0
 20
811.0
 10
902.5
 20
810.5
 10
902.0
 20
810.0
 10
901.5
 20
809.5
 10
901.0
 20
809.5
 10
900.5
 20
809.0
 10
900.5
 20
808.5
 10
900.5
 20
808.0
 10
900.5
 20
807.5
 10
900.5
 20
807.0
 10
900.0
 20
806.5
 10
899.5
 20
806.0
 10
899.0
 20
806.0
 10
898.5
 20
806.0
 10
898.5
 20
805.5
 10
898.5
 20
805.0
 10
898.5
 20
804.5
 10
898.5
 20
804.0
 10
899.0
 20
804.0
 10
899.5
 20
804.0
 10
900.0
 20
804.0
 10
900.5
 20
803.5
 10
900.5
 20
803.0
 10
900.5
 20
802.5
 10
901.0
 20
802.5
 10
901.5
 20
802.5
 10
902.0
 20
802.5
 10
902.5
 20
802.5
 10
903.0
 20
802.0
 10
903.0
 20
801.5
 10
903.0
 20
801.0
 10
903.5
 20
801.0
 10
904.0
 20
800.5
 10
904.0
 20
800.0
 10
904.0
 20
799.5
 10
904.5
 20
799.0
 10
904.5
 20
798.5
 10
904.5
 20
798.0
 10
904.5
 20
797.5
 10
904.5
 20
797.0
 10
904.5
 20
796.5
 10
904.5
 20
796.0
 10
904.5
 20
795.5
 10
904.0
 20
795.0
 10
904.0
 20
794.5
 10
903.5
 20
794.0
 10
903.0
 20
794.0
 10
902.5
 20
793.5
 10
902.0
 20
793.5
 10
901.5
 20
793.0
 10
901.0
 20
793.0
 10
900.5
 20
793.0
 10
900.0
 20
792.5
 10
899.5
 20
792.0
 10
899.0
 20
792.0
 10
898.5
 20
792.0
 10
898.5
 20
791.5
 10
898.0
 20
791.0
 10
897.5
 20
791.0
 10
897.0
 20
791.0
 10
896.5
 20
791.0
 10
896.5
 20
790.5
 10
896.5
 20
790.0
 10
896.5
 20
789.5
 10
896.5
 20
789.0
 10
896.5
 20
788.5
 10
896.5
 20
788.0
 10
896.5
 20
787.5
 10
896.5
 20
787.0
 10
896.5
 20
786.5
 10
896.5
 20
786.0
 10
896.5
 20
785.5
 10
896.5
 20
785.0
 10
896.5
 20
784.5
 10
896.5
 20
784.0
 10
896.5
 20
783.5
 10
896.5
 20
783.0
 10
896.5
 20
782.5
 10
896.5
 20
782.0
 10
896.0
 20
781.5
 10
895.5
 20
781.5
 10
895.5
 20
781.0
 10
895.5
 20
780.5
 10
895.0
 20
780.0
 10
895.0
 20
779.5
 10
895.0
 20
779.0
 10
895.0
 20
778.5
 10
895.0
 20
778.0
 10
895.0
 20
777.5
 10
895.0
 20
777.0
 10
895.0
 20
776.5
 10
895.0
 20
776.0
 10
895.0
 20
775.5
 10
895.0
 20
775.0
 10
895.0
 20
774.5
 10
895.5
 20
774.0
 10
895.5
 20
773.5
 10
895.5
 20
773.0
 10
895.5
 20
772.5
 10
895.5
 20
772.0
 10
895.5
 20
771.5
 10
895.5
 20
771.0
 10
895.5
 20
770.5
 10
895.5
 20
770.0
 10
895.5
 20
769.5
 10
895.5
 20
769.0
 10
895.5
 20
768.5
 10
895.5
 20
768.0
 10
895.5
 20
767.5
 10
895.5
 20
767.0
 10
895.5
 20
766.5
 10
895.5
 20
766.0
 10
895.5
 20
765.5
 10
895.5
 20
765.0
 10
896.0
 20
765.0
 10
896.5
 20
765.0
 10
897.0
 20
764.5
 10
897.0
 20
764.0
 10
897.5
 20
764.0
 10
898.0
 20
764.0
 10
898.5
 20
764.0
 10
899.0
 20
764.0
 10
899.5
 20
764.0
 10
900.0
 20
764.0
 10
900.5
 20
764.0
 10
901.0
 20
764.0
 10
901.5
 20
764.0
 10
902.0
 20
764.0
 10
902.5
 20
764.0
 10
903.0
 20
764.0
 10
903.5
 20
763.5
 10
904.0
 20
763.5
 10
904.5
 20
763.0
 10
905.0
 20
762.5
 10
905.5
 20
762.0
 10
906.0
 20
761.5
 10
906.5
 20
761.0
 10
907.0
 20
760.5
 10
907.5
 20
760.0
 10
907.5
 20
759.5
 10
907.5
 20
759.0
 10
908.0
 20
758.5
 10
908.0
 20
758.0
 10
908.5
 20
757.5
 10
908.5
 20
757.0
 10
908.5
 20
756.5
 10
909.0
 20
756.0
 10
909.5
 20
756.0
 10
910.0
 20
756.0
 10
910.5
 20
756.0
 10
911.0
 20
756.0
 10
911.0
 20
756.5
 10
911.0
 20
757.0
 10
911.0
 20
757.5
 10
911.0
 20
758.0
 10
910.5
 20
758.5
 10
910.5
 20
759.0
 10
910.5
 20
759.5
 10
910.5
 20
760.0
 10
910.5
 20
760.5
 10
910.5
 20
761.0
 10
910.5
 20
761.5
 10
910.5
 20
762.0
 10
910.5
 20
762.5
 10
910.5
 20
763.0
 10
910.5
 20
763.5
 10
910.5
 20
764.0
 10
910.5
 20
764.5
 10
910.5
 20
765.0
 10
910.5
 20
765.5
 10
910.5
 20
766.0
 10
910.5
 20
766.5
 10
910.5
 20
767.0
 10
910.5
 20
767.5
 10
910.5
 20
768.0
 10
910.5
 20
768.5
 10
910.0
 20
769.0
 10
910.0
 20
769.5
 10
910.0
 20
770.0
 10
910.0
 20
770.5
 10
910.0
 20
771.0
 10
910.0
 20
771.5
 10
910.5
 20
772.0
 10
910.5
 20
772.5
 10
910.5
 20
773.0
 10
911.0
 20
773.5
 10
911.0
 20
774.0
 10
911.0
 20
774.5
 10
911.5
 20
775.0
 10
911.5
 20
775.5
 10
911.5
 20
776.0
 10
912.0
 20
776.5
 10
912.0
 20
777.0
 10
912.5
 20
777.5
 10
912.5
 20
778.0
 10
913.0
 20
778.5
 10
913.0
 20
779.0
 10
913.0
 20
779.5
 10
913.0
 20
780.0
 10
913.0
 20
780.5
 10
913.0
 20
781.0
 10
913.0
 20
781.5
 10
913.5
 20
782.0
 10
913.5
 20
782.5
 10
913.5
 20
783.0
 10
913.5
 20
783.5
 10
913.5
 20
784.0
 10
913.5
 20
784.5
 10
913.5
 20
785.0
 10
913.5
 20
785.5
 10
913.0
 20
785.5
 10
912.5
 20
786.0
 10
912.5
 20
786.5
 10
912.5
 20
787.0
 10
912.5
 20
787.5
 10
912.5
 20
788.0
 10
912.5
 20
788.5
 10
912.5
 20
789.0
 10
912.5
 20
789.5
 10
912.5
 20
790.0
 10
912.5
 20
790.5
 10
912.5
 20
791.0
 10
912.5
 20
791.5
 10
912.5
 20
792.0
 10
912.5
 20
792.5
 10
912.5
 20
793.0
 10
912.5
 20
793.5
 10
912.5
 20
794.0
 10
912.5
 20
794.5
 10
912.5
 20
795.0
 10
912.5
 20
795.5
 10
912.5
 20
796.0
 10
912.5
 20
796.5
 10
912.5
 20
797.0
 10
912.5
 20
797.5
 10
912.5
 20
798.0
 10
912.5
 20
798.5
 10
912.5
 20
799.0
 10
912.5
 20
799.5
 10
912.5
 20
800.0
 10
912.5
 20
800.5
 10
912.5
 20
801.0
 10
912.5
 20
801.5
 10
912.5
 20
802.0
 10
912.5
 20
802.5
 10
912.5
 20
803.0
 10
912.5
 20
803.5
 10
912.0
 20
803.5
 10
911.5
 20
804.0
 10
911.0
 20
804.0
 10
910.5
 20
804.0
 10
910.0
 20
804.5
 10
909.5
 20
804.5
 10
909.0
 20
805.0
 10
909.0
 20
805.5
 10
908.5
 20
806.0
 10
908.5
 20
806.5
 10
908.0
 20
807.0
 10
908.0
 20
807.5
 10
908.0
 20
808.0
 10
908.0
 20
808.5
 10
908.0
 20
809.0
 10
908.0
 20
809.5
 10
908.0
 20
810.0
 10
908.0
 20
810.5
 10
908.0
 20
811.0
 10
908.5
 20
811.5
 10
909.0
 20
811.5
 10
909.5
 20
812.0
 10
910.0
 20
812.5
 10
910.5
 20
812.5
 10
911.0
 20
812.5
 10
911.0
 20
813.0
 10
911.0
 20
813.5
 10
911.0
 20
814.0
 10
911.5
 20
814.5
 10
912.0
 20
815.0
 10
912.0
 20
815.5
 10
912.5
 20
816.0
 10
913.0
 20
816.5
 10
913.0
 20
817.0
 10
913.5
 20
817.5
 10
913.5
 20
818.0
 10
913.5
 20
818.5
 10
913.5
 20
819.0
 10
913.5
 20
819.5
 10
913.5
 20
820.0
 10
913.5
 20
820.5
 10
913.5
 20
821.0
 10
913.5
 20
821.5
 10
913.5
 20
822.0
 10
913.5
 20
822.5
 10
913.5
 20
823.0
 10
913.5
 20
823.5
 10
913.5
 20
824.0
 10
913.5
 20
824.5
 10
913.5
 20
825.0
 10
913.0
 20
825.0
 10
912.5
 20
825.0
 10
912.0
 20
825.5
 10
912.0
 20
826.0
 10
912.0
 20
826.5
 10
912.0
 20
827.0
 10
912.0
 20
827.5
 10
912.0
 20
828.0
 10
912.0
 20
828.5
 10
912.0
 20
829.0
 10
912.0
 20
829.5
 10
912.5
 20
830.0
 10
913.0
 20
830.0
 10
913.5
 20
830.0
 10
913.5
 20
830.5
 10
913.5
 20
831.0
 10
913.5
 20
831.5
 10
914.0
 20
832.0
 10
914.0
 20
832.5
 10
914.0
 20
833.0
 10
914.0
 20
833.5
 10
914.0
 20
834.0
 10
914.0
 20
834.5
 10
913.5
 20
835.0
 10
913.5
 20
835.5
 10
913.5
 20
836.0
 10
913.5
 20
836.5
 10
913.5
 20
837.0
 10
913.5
 20
837.5
 10
913.5
 20
838.0
 10
913.5
 20
838.5
 10
913.5
 20
839.0
 10
913.0
 20
839.5
 10
913.0
 20
840.0
 10
913.0
 20
840.5
 10
913.0
 20
841.0
 10
912.5
 20
841.0
 10
912.5
 20
840.5
 10
912.5
 20
840.0
 10
912.5
 20
839.5
 10
912.5
 20
839.0
 10
912.5
 20
838.5
 10
913.0
 20
838.0
 10
913.0
 20
837.5
 10
913.0
 20
837.0
 10
913.0
 20
836.5
 10
913.0
 20
836.0
 10
913.0
 20
835.5
 10
913.0
 20
835.0
 10
913.0
 20
834.5
 10
913.0
 20
834.0
 10
913.5
 20
833.5
 10
913.5
 20
833.0
 10
913.0
 20
832.5
 10
913.0
 20
832.0
 10
913.0
 20
831.5
 10
913.0
 20
831.0
 10
912.5
 20
830.5
 10
912.0
 20
830.5
 10
911.5
 20
830.5
 10
911.5
 20
830.0
 10
911.5
 20
829.5
 10
911.5
 20
829.0
 10
911.5
 20
828.5
 10
911.5
 20
828.0
 10
911.5
 20
827.5
 10
911.5
 20
827.0
 10
911.5
 20
826.5
 10
911.5
 20
826.0
 10
911.5
 20
825.5
 10
911.5
 20
825.0
 10
911.5
 20
824.5
 10
912.0
 20
824.5
 10
912.5
 20
824.5
 10
913.0
 20
824.0
 10
913.0
 20
823.5
 10
913.0
 20
823.0
 10
913.0
 20
822.5
 10
913.0
 20
822.0
 10
913.0
 20
821.5
 10
913.0
 20
821.0
 10
913.0
 20
820.5
 10
913.0
 20
820.0
 10
913.0
 20
819.5
 10
913.0
 20
819.0
 10
913.0
 20
818.5
 10
912.5
 20
818.0
 10
912.5
 20
817.5
 10
912.0
 20
817.0
 10
911.5
 20
816.5
 10
911.5
 20
816.0
 10
911.0
 20
815.5
 10
910.5
 20
815.0
 10
910.5
 20
814.5
 10
910.5
 20
814.0
 10
910.5
 20
813.5
 10
910.0
 20
813.0
 10
909.5
 20
813.0
 10
909.0
 20
813.0
 10
908.5
 20
812.5
 10
908.0
 20
812.0
 10
907.5
 20
812.0
 10
907.5
 20
811.5
 10
907.5
 20
811.0
 10
907.5
 20
810.5
 10
907.5
 20
810.0
 10
907.5
 20
809.5
 10
907.5
 20
809.0
 10
907.5
 20
808.5
 10
907.5
 20
808.0
 10
907.5
 20
807.5
 10
907.5
 20
807.0
 10
907.5
 20
806.5
 10
907.5
 20
806.0
 10
908.0
 20
805.5
 10
908.0
 20
805.0
 10
908.5
 20
804.5
 10
908.5
 20
804.0
 10
909.0
 20
804.0
 10
909.5
 20
803.5
 10
910.0
 20
803.5
 10
910.5
 20
803.5
 10
911.0
 20
803.0
 10
911.5
 20
803.0
 10
912.0
 20
802.5
 10
912.0
 20
802.0
 10
912.0
 20
801.5
 10
912.0
 20
801.0
 10
912.0
 20
800.5
 10
912.0
 20
800.0
 10
912.0
 20
799.5
 10
912.0
 20
799.0
 10
912.0
 20
798.5
 10
912.0
 20
798.0
 10
912.0
 20
797.5
 10
912.0
 20
797.0
 10
912.0
 20
796.5
 10
912.0
 20
796.0
 10
912.0
 20
795.5
 10
912.0
 20
795.0
 10
912.0
 20
794.5
 10
912.0
 20
794.0
 10
912.0
 20
793.5
 10
912.0
 20
793.0
 10
912.0
 20
792.5
 10
912.0
 20
792.0
 10
912.0
 20
791.5
 10
912.0
 20
791.0
 10
912.0
 20
790.5
 10
912.0
 20
790.0
 10
912.0
 20
789.5
 10
912.0
 20
789.0
 10
912.0
 20
788.5
 10
912.0
 20
788.0
 10
912.0
 20
787.5
 10
912.0
 20
787.0
 10
912.0
 20
786.5
 10
912.0
 20
786.0
 10
912.0
 20
785.5
 10
912.0
 20
785.0
 10
912.5
 20
785.0
 10
913.0
 20
784.5
 10
913.0
 20
784.0
 10
913.0
 20
783.5
 10
913.0
 20
783.0
 10
912.5
 20
782.5
 10
912.5
 20
782.0
 10
912.5
 20
781.5
 10
912.5
 20
781.0
 10
912.5
 20
780.5
 10
912.5
 20
780.0
 10
912.5
 20
779.5
 10
912.0
 20
779.0
 10
912.0
 20
778.5
 10
911.5
 20
778.0
 10
911.5
 20
777.5
 10
911.0
 20
777.0
 10
911.0
 20
776.5
 10
911.0
 20
776.0
 10
910.5
 20
775.5
 10
910.5
 20
775.0
 10
910.5
 20
774.5
 10
910.0
 20
774.0
 10
910.0
 20
773.5
 10
910.0
 20
773.0
 10
909.5
 20
772.5
 10
909.5
 20
772.0
 10
909.5
 20
771.5
 10
909.5
 20
771.0
 10
909.5
 20
770.5
 10
909.5
 20
770.0
 10
909.5
 20
769.5
 10
909.5
 20
769.0
 10
909.5
 20
768.5
 10
909.5
 20
768.0
 10
910.0
 20
767.5
 10
910.0
 20
767.0
 10
910.0
 20
766.5
 10
910.0
 20
766.0
 10
910.0
 20
765.5
 10
910.0
 20
765.0
 10
910.0
 20
764.5
 10
910.0
 20
764.0
 10
910.0
 20
763.5
 10
910.0
 20
763.0
 10
910.0
 20
762.5
 10
910.0
 20
762.0
 10
910.0
 20
761.5
 10
910.0
 20
761.0
 10
910.0
 20
760.5
 10
910.0
 20
760.0
 10
910.0
 20
759.5
 10
910.0
 20
759.0
 10
910.0
 20
758.5
 10
910.0
 20
758.0
 10
910.0
 20
757.5
 10
909.5
 20
757.0
 10
909.0
 20
757.5
 10
909.0
 20
758.0
 10
909.0
 20
758.5
 10
908.5
 20
759.0
 10
908.5
 20
759.5
 10
908.0
 20
760.0
 10
908.0
 20
760.5
 10
908.0
 20
761.0
 10
907.5
 20
761.5
 10
907.0
 20
762.0
 10
906.5
 20
762.5
 10
906.0
 20
763.0
 10
905.5
 20
763.5
 10
905.0
 20
764.0
 10
904.5
 20
764.0
 10
904.0
 20
764.5
 10
903.5
 20
764.5
 10
903.0
 20
764.5
 10
902.5
 20
764.5
 10
902.0
 20
764.5
 10
901.5
 20
764.5
 10
901.0
 20
764.5
 10
900.5
 20
764.5
 10
900.0
 20
764.5
 10
899.5
 20
764.5
 10
899.0
 20
764.5
 10
898.5
 20
764.5
 10
898.0
 20
764.5
 10
897.5
 20
765.0
 10
897.5
 20
765.5
 10
897.0
 20
765.5
 10
896.5
 20
765.5
 10
896.0
 20
766.0
 10
896.0
 20
766.5
 10
896.0
 20
767.0
 10
896.0
 20
767.5
 10
896.0
 20
768.0
 10
896.0
 20
768.5
 10
896.0
 20
769.0
 10
896.0
 20
769.5
 10
896.0
 20
770.0
 10
896.0
 20
770.5
 10
896.0
 20
771.0
 10
896.0
 20
771.5
 10
896.0
 20
772.0
 10
896.0
 20
772.5
 10
896.0
 20
773.0
 10
896.0
 20
773.5
 10
896.0
 20
774.0
 10
896.0
 20
774.5
 10
896.0
 20
775.0
 10
895.5
 20
775.5
 10
895.5
 20
776.0
 10
895.5
 20
776.5
 10
895.5
 20
777.0
 10
895.5
 20
777.5
 10
895.5
 20
778.0
 10
895.5
 20
778.5
 10
895.5
 20
779.0
 10
896.0
 20
779.5
 10
896.0
 20
780.0
 10
896.0
 20
780.5
 10
896.5
 20
781.0
 10
897.0
 20
781.0
 10
897.0
 20
781.5
 10
897.0
 20
782.0
 10
897.0
 20
782.5
 10
897.0
 20
783.0
 10
897.0
 20
783.5
 10
897.0
 20
784.0
 10
897.0
 20
784.5
 10
897.0
 20
785.0
 10
897.0
 20
785.5
 10
897.0
 20
786.0
 10
897.0
 20
786.5
 10
897.0
 20
787.0
 10
897.0
 20
787.5
 10
897.0
 20
788.0
 10
897.0
 20
788.5
 10
897.0
 20
789.0
 10
897.0
 20
789.5
 10
897.0
 20
790.0
 10
897.5
 20
790.5
 10
898.0
 20
790.5
 10
898.5
 20
790.5
 10
899.0
 20
790.5
 10
899.0
 20
791.0
 10
899.5
 20
791.5
 10
900.0
 20
791.5
 10
900.5
 20
791.5
 10
901.0
 20
792.0
 10
901.5
 20
792.5
 10
902.0
 20
792.5
 10
902.5
 20
792.5
 10
903.0
 20
793.0
 10
903.5
 20
793.0
 10
904.0
 20
793.5
 10
904.5
 20
793.5
 10
904.5
 20
794.0
 10
905.0
 20
794.5
 10
905.0
 20
795.0
 10
905.0
 20
795.5
 10
905.0
 20
796.0
 10
905.0
 20
796.5
 10
905.0
 20
797.0
 10
905.0
 20
797.5
 10
905.0
 20
798.0
 10
905.0
 20
798.5
 10
905.0
 20
799.0
 10
905.0
 20
799.5
 10
905.0
 20
800.0
 10
904.5
 20
800.5
 10
904.5
 20
801.0
 10
904.5
 20
801.5
 10
904.0
 20
801.5
 10
903.5
 20
802.0
 10
903.5
 20
802.5
 10
903.5
 20
803.0
 10
903.0
 20
803.0
 10
902.5
 20
803.0
 10
902.0
 20
803.0
 10
901.5
 20
803.0
 10
901.0
 20
803.5
 10
901.0
 20
804.0
 10
901.0
 20
804.5
 10
900.5
 20
804.5
 10
900.0
 20
804.5
 10
899.5
 20
804.5
 10
899.0
 20
805.0
 10
899.5
 20
805.5
 10
900.0
 20
805.5
 10
900.5
 20
805.5
 10
901.0
 20
806.0
 10
901.0
 20
806.5
 10
901.0
 20
807.0
 10
901.0
 20
807.5
 10
901.0
 20
808.0
 10
901.5
 20
808.5
 10
902.0
 20
809.0
 10
902.5
 20
809.0
 10
903.0
 20
809.5
 10
903.5
 20
810.0
 10
904.0
 20
810.5
 10
904.0
 20
811.0
 10
904.0
 20
811.5
 10
904.0
 20
812.0
 10
904.0
 20
812.5
 10
904.0
 20
813.0
 10
904.0
 20
813.5
 10
904.0
 20
814.0
 10
904.0
 20
814.5
 10
904.0
 20
815.0
 10
904.0
 20
815.5
 10
904.0
 20
816.0
 10
903.5
 20
816.5
 10
903.5
 20
817.0
 10
903.5
 20
817.5
 10
903.5
 20
818.0
 10
903.5
 20
818.5
 10
903.0
 20
819.0
 10
902.5
 20
819.0
 10
902.0
 20
819.0
 10
901.5
 20
819.0
 10
901.0
 20
819.5
 10
901.0
 20
820.0
 10
901.0
 20
820.5
 10
901.0
 20
821.0
 10
901.0
 20
821.5
 10
901.0
 20
822.0
 10
901.0
 20
822.5
 10
901.0
 20
823.0
 10
901.0
 20
823.5
 10
900.5
 20
824.0
 10
900.5
 20
824.5
 10
900.0
 20
825.0
 10
899.5
 20
825.5
 10
899.5
 20
826.0
 10
899.5
 20
826.5
 10
899.5
 20
827.0
 10
899.5
 20
827.5
 10
899.5
 20
828.0
 10
900.0
 20
828.5
 10
900.0
 20
829.0
 10
900.0
 20
829.5
 10
900.0
 20
830.0
 10
900.0
 20
830.5
 10
900.0
 20
831.0
 10
900.5
 20
831.5
 10
900.5
 20
832.0
 10
900.5
 20
832.5
 10
900.5
 20
833.0
 10
900.5
 20
833.5
 10
900.5
 20
834.0
 10
900.5
 20
834.5
 10
900.5
 20
835.0
 10
901.0
 20
835.5
 10
901.0
 20
836.0
 10
901.0
 20
836.5
 10
901.0
 20
837.0
 10
901.0
 20
837.5
 10
901.0
 20
838.0
 10
901.0
 20
838.5
 10
901.0
 20
839.0
 10
901.0
 20
839.5
 10
901.0
 20
840.0
 10
901.0
 20
840.5
 10
901.0
 20
841.0
  0
LWPOLYLINE
  5
EE
330
17
100
AcDbEntity
  8
CURB
370
25
100
AcDbPolyline
 90
180
 70
0
 10
856.5
 20
841.0
 10
856.5
 20
840.5
 10
856.5
 20
840.0
 10
856.5
 20
839.5
 10
857.0
 20
839.0
 10
857.0
 20
838.5
 10
857.0
 20
838.0
 10
857.0
 20
837.5
 10
857.0
 20
837.0
 10
857.0
 20
836.5
 10
857.0
 20
836.0
 10
857.0
 20
835.5
 10
857.0
 20
835.0
 10
857.0
 20
834.5
 10
857.0
 20
834.0
 10
856.5
 20
833.5
 10
856.0
 20
833.0
 10
856.0
 20
832.5
 10
856.0
 20
832.0
 10
856.0
 20
831.5
 10
856.0
 20
831.0
 10
856.0
 20
830.5
 10
856.0
 20
830.0
 10
856.0
 20
829.5
 10
856.0
 20
829.0
 10
856.0
 20
828.5
 10
856.0
 20
828.0
 10
856.0
 20
827.5
 10
856.0
 20
827.0
 10
856.0
 20
826.5
 10
856.0
 20
826.0
 10
856.0
 20
825.5
 10
856.0
 20
825.0
 10
856.0
 20
824.5
 10
856.0
 20
824.0
 10
856.0
 20
823.5
 10
856.0
 20
823.0
 10
856.0
 20
822.5
 10
856.5
 20
822.5
 10
857.0
 20
822.0
 10
857.0
 20
821.5
 10
857.5
 20
821.5
 10
858.0
 20
821.5
 10
858.5
 20
821.5
 10
859.0
 20
821.5
 10
859.5
 20
821.5
 10
860.0
 20
821.5
 10
860.5
 20
821.5
 10
861.0
 20
821.5
 10
861.5
 20
821.5
 10
862.0
 20
821.5
 10
862.0
 20
822.0
 10
862.5
 20
822.5
 10
863.0
 20
822.5
 10
863.5
 20
822.5
 10
864.0
 20
822.5
 10
864.5
 20
823.0
 10
864.5
 20
823.5
 10
864.5
 20
824.0
 10
864.5
 20
824.5
 10
864.5
 20
825.0
 10
864.5
 20
825.5
 10
864.5
 20
826.0
 10
864.5
 20
826.5
 10
864.5
 20
827.0
 10
864.5
 20
827.5
 10
864.5
 20
828.0
 10
865.0
 20
828.5
 10
865.0
 20
829.0
 10
865.0
 20
829.5
 10
865.0
 20
830.0
 10
865.0
 20
830.5
 10
865.0
 20
831.0
 10
865.0
 20
831.5
 10
865.0
 20
832.0
 10
865.5
 20
832.5
 10
865.5
 20
833.0
 10
865.5
 20
833.5
 10
865.5
 20
834.0
 10
865.5
 20
834.5
 10
865.0
 20
835.0
 10
865.0
 20
835.5
 10
865.0
 20
836.0
 10
865.0
 20
836.5
 10
864.5
 20
837.0
 10
864.5
 20
837.5
 10
864.5
 20
838.0
 10
864.5
 20
838.5
 10
864.0
 20
839.0
 10
864.0
 20
839.5
 10
864.0
 20
840.0
 10
864.0
 20
840.5
 10
864.0
 20
841.0
 10
863.5
 20
841.0
 10
863.5
 20
840.5
 10
863.5
 20
840.0
 10
863.5
 20
839.5
 10
863.5
 20
839.0
 10
863.5
 20
838.5
 10
863.5
 20
838.0
 10
864.0
 20
837.5
 10
864.0
 20
837.0
 10
864.0
 20
836.5
 10
864.0
 20
836.0
 10
864.5
 20
835.5
 10
864.5
 20
835.0
 10
864.5
 20
834.5
 10
864.5
 20
834.0
 10
865.0
 20
833.5
 10
864.5
 20
833.0
 10
864.5
 20
832.5
 10
864.5
 20
832.0
 10
864.5
 20
831.5
 10
864.5
 20
831.0
 10
864.5
 20
830.5
 10
864.5
 20
830.0
 10
864.5
 20
829.5
 10
864.0
 20
829.0
 10
864.0
 20
828.5
 10
864.0
 20
828.0
 10
864.0
 20
827.5
 10
864.0
 20
827.0
 10
864.0
 20
826.5
 10
864.0
 20
826.0
 10
864.0
 20
825.5
 10
864.0
 20
825.0
 10
864.0
 20
824.5
 10
864.0
 20
824.0
 10
863.5
 20
823.5
 10
863.0
 20
823.0
 10
862.5
 20
823.0
 10
862.0
 20
823.0
 10
861.5
 20
823.0
 10
861.5
 20
822.5
 10
861.0
 20
822.0
 10
860.5
 20
822.0
 10
860.0
 20
822.0
 10
859.5
 20
822.0
 10
859.0
 20
822.0
 10
858.5
 20
822.0
 10
858.0
 20
822.0
 10
857.5
 20
822.5
 10
857.5
 20
823.0
 10
857.0
 20
823.0
 10
856.5
 20
823.5
 10
856.5
 20
824.0
 10
856.5
 20
824.5
 10
856.5
 20
825.0
 10
856.5
 20
825.5
 10
856.5
 20
826.0
 10
856.5
 20
826.5
 10
856.5
 20
827.0
 10
856.5
 20
827.5
 10
856.5
 20
828.0
 10
856.5
 20
828.5
 10
856.5
 20
829.0
 10
856.5
 20
829.5
 10
856.5
 20
830.0
 10
856.5
 20
830.5
 10
856.5
 20
831.0
 10
856.5
 20
831.5
 10
856.5
 20
832.0
 10
857.0
 20
832.5
 10
857.5
 20
833.0
 10
857.5
 20
833.5
 10
857.5
 20
834.0
 10
857.5
 20
834.5
 10
857.5
 20
835.0
 10
857.5
 20
835.5
 10
857.5
 20
836.0
 10
857.5
 20
836.5
 10
857.5
 20
837.0
 10
857.5
 20
837.5
 10
857.5
 20
838.0
 10
857.5
 20
838.5
 10
857.5
 20
839.0
 10
857.5
 20
839.5
 10
857.5
 20
840.0
 10
857.0
 20
840.5
 10
857.0
 20
841.0
  0
LWPOLYLINE
  5
EF
330
17
100
AcDbEntity
  8
CURB
370
25
100
AcDbPolyline
 90
324
 70
0
 10
341.0
 20
841.0
 10
341.0
 20
840.5
 10
341.0
 20
840.0
 10
341.0
 20
839.5
 10
341.0
 20
839.0
 10
341.0
 20
838.5
 10
341.0
 20
838.0
 10
341.0
 20
837.5
 10
341.5
 20
837.0
 10
341.5
 20
836.5
 10
341.5
 20
836.0
 10
341.5
 20
835.5
 10
341.5
 20
835.0
 10
341.5
 20
834.5
 10
341.5
 20
834.0
 10
341.0
 20
833.5
 10
341.0
 20
833.0
 10
341.0
 20
832.5
 10
341.0
 20
832.0
 10
341.0
 20
831.5
 10
340.5
 20
831.0
 10
340.5
 20
830.5
 10
340.5
 20
830.0
 10
340.0
 20
829.5
 10
339.5
 20
829.5
 10
339.0
 20
829.0
 10
338.5
 20
829.0
 10
338.0
 20
829.0
 10
337.5
 20
829.0
 10
337.5
 20
828.5
 10
337.5
 20
828.0
 10
337.5
 20
827.5
 10
337.5
 20
827.0
 10
337.5
 20
826.5
 10
337.5
 20
826.0
 10
337.5
 20
825.5
 10
337.0
 20
825.0
 10
336.5
 20
824.5
 10
336.0
 20
824.5
 10
335.5
 20
824.0
 10
335.0
 20
824.0
 10
334.5
 20
823.5
 10
334.0
 20
823.5
 10
334.0
 20
823.0
 10
334.0
 20
822.5
 10
334.0
 20
822.0
 10
334.0
 20
821.5
 10
334.0
 20
821.0
 10
334.0
 20
820.5
 10
334.0
 20
820.0
 10
334.0
 20
819.5
 10
334.0
 20
819.0
 10
334.0
 20
818.5
 10
334.0
 20
818.0
 10
334.0
 20
817.5
 10
334.0
 20
817.0
 10
334.0
 20
816.5
 10
334.0
 20
816.0
 10
334.0
 20
815.5
 10
334.0
 20
815.0
 10
334.0
 20
814.5
 10
334.0
 20
814.0
 10
334.0
 20
813.5
 10
334.0
 20
813.0
 10
334.0
 20
812.5
 10
334.0
 20
812.0
 10
334.0
 20
811.5
 10
334.0
 20
811.0
 10
334.0
 20
810.5
 10
334.0
 20
810.0
 10
334.5
 20
810.0
 10
335.0
 20
810.0
 10
335.5
 20
810.0
 10
336.0
 20
810.0
 10
336.5
 20
810.0
 10
337.0
 20
810.0
 10
337.5
 20
809.5
 10
337.5
 20
809.0
 10
338.0
 20
809.0
 10
338.5
 20
808.5
 10
339.0
 20
808.5
 10
339.5
 20
808.5
 10
340.0
 20
808.5
 10
340.5
 20
808.5
 10
341.0
 20
808.5
 10
341.5
 20
808.5
 10
342.0
 20
808.5
 10
342.5
 20
808.5
 10
343.0
 20
808.5
 10
343.5
 20
808.5
 10
344.0
 20
808.5
 10
344.5
 20
808.5
 10
345.0
 20
809.0
 10
345.5
 20
809.0
 10
345.5
 20
809.5
 10
346.0
 20
810.0
 10
346.5
 20
810.0
 10
347.0
 20
810.0
 10
347.0
 20
810.5
 10
347.0
 20
811.0
 10
347.0
 20
811.5
 10
347.0
 20
812.0
 10
347.0
 20
812.5
 10
347.0
 20
813.0
 10
347.0
 20
813.5
 10
347.0
 20
814.0
 10
347.0
 20
814.5
 10
347.0
 20
815.0
 10
347.0
 20
815.5
 10
347.0
 20
816.0
 10
347.0
 20
816.5
 10
347.0
 20
817.0
 10
347.5
 20
817.5
 10
348.0
 20
817.5
 10
348.5
 20
817.5
 10
348.5
 20
818.0
 10
349.0
 20
818.5
 10
349.0
 20
819.0
 10
349.0
 20
819.5
 10
349.0
 20
820.0
 10
349.0
 20
820.5
 10
349.0
 20
821.0
 10
349.0
 20
821.5
 10
349.0
 20
822.0
 10
349.0
 20
822.5
 10
349.0
 20
823.0
 10
349.0
 20
823.5
 10
349.0
 20
824.0
 10
349.0
 20
824.5
 10
349.0
 20
825.0
 10
349.0
 20
825.5
 10
349.0
 20
826.0
 10
349.0
 20
826.5
 10
349.0
 20
827.0
 10
349.0
 20
827.5
 10
349.0
 20
828.0
 10
349.0
 20
828.5
 10
349.0
 20
829.0
 10
349.0
 20
829.5
 10
349.5
 20
830.0
 10
349.5
 20
830.5
 10
350.0
 20
831.0
 10
350.5
 20
831.0
 10
350.5
 20
831.5
 10
350.5
 20
832.0
 10
350.5
 20
832.5
 10
350.5
 20
833.0
 10
350.5
 20
833.5
 10
350.5
 20
834.0
 10
350.5
 20
834.5
 10
351.0
 20
835.0
 10
351.5
 20
835.0
 10
352.0
 20
835.0
 10
352.0
 20
835.5
 10
352.0
 20
836.0
 10
352.0
 20
836.5
 10
352.0
 20
837.0
 10
352.0
 20
837.5
 10
352.0
 20
838.0
 10
352.0
 20
838.5
 10
352.0
 20
839.0
 10
352.0
 20
839.5
 10
352.0
 20
840.0
 10
352.0
 20
840.5
 10
352.0
 20
841.0
 10
351.5
 20
841.0
 10
351.5
 20
840.5
 10
351.5
 20
840.0
 10
351.5
 20
839.5
 10
351.5
 20
839.0
 10
351.5
 20
838.5
 10
351.5
 20
838.0
 10
351.5
 20
837.5
 10
351.5
 20
837.0
 10
351.5
 20
836.5
 10
351.5
 20
836.0
 10
351.0
 20
835.5
 10
350.5
 20
835.5
 10
350.0
 20
835.5
 10
350.0
 20
835.0
 10
350.0
 20
834.5
 10
350.0
 20
834.0
 10
350.0
 20
833.5
 10
350.0
 20
833.0
 10
350.0
 20
832.5
 10
350.0
 20
832.0
 10
349.5
 20
831.5
 10
349.0
 20
831.5
 10
349.0
 20
831.0
 10
348.5
 20
830.5
 10
348.5
 20
830.0
 10
348.5
 20
829.5
 10
348.5
 20
829.0
 10
348.5
 20
828.5
 10
348.5
 20
828.0
 10
348.5
 20
827.5
 10
348.5
 20
827.0
 10
348.5
 20
826.5
 10
348.5
 20
826.0
 10
348.5
 20
825.5
 10
348.5
 20
825.0
 10
348.5
 20
824.5
 10
348.5
 20
824.0
 10
348.5
 20
823.5
 10
348.5
 20
823.0
 10
348.5
 20
822.5
 10
348.5
 20
822.0
 10
348.5
 20
821.5
 10
348.5
 20
821.0
 10
348.5
 20
820.5
 10
348.5
 20
820.0
 10
348.5
 20
819.5
 10
348.0
 20
819.0
 10
348.0
 20
818.5
 10
347.5
 20
818.0
 10
347.0
 20
818.0
 10
346.5
 20
818.0
 10
346.5
 20
817.5
 10
346.5
 20
817.0
 10
346.5
 20
816.5
 10
346.5
 20
816.0
 10
346.5
 20
815.5
 10
346.5
 20
815.0
 10
346.5
 20
814.5
 10
346.5
 20
814.0
 10
346.5
 20
813.5
 10
346.5
 20
813.0
 10
346.5
 20
812.5
 10
346.5
 20
812.0
 10
346.5
 20
811.5
 10
346.5
 20
811.0
 10
346.0
 20
810.5
 10
345.5
 20
810.5
 10
345.0
 20
810.5
 10
345.0
 20
810.0
 10
344.5
 20
809.5
 10
344.0
 20
809.5
 10
343.5
 20
809.0
 10
343.0
 20
809.0
 10
342.5
 20
809.0
 10
342.0
 20
809.0
 10
341.5
 20
809.0
 10
341.0
 20
809.0
 10
340.5
 20
809.0
 10
340.0
 20
809.0
 10
339.5
 20
809.0
 10
339.0
 20
809.5
 10
338.5
 20
809.5
 10
338.0
 20
810.0
 10
338.0
 20
810.5
 10
337.5
 20
810.5
 10
337.0
 20
810.5
 10
336.5
 20
810.5
 10
336.0
 20
810.5
 10
335.5
 20
810.5
 10
335.0
 20
810.5
 10
334.5
 20
811.0
 10
334.5
 20
811.5
 10
334.5
 20
812.0
 10
334.5
 20
812.5
 10
334.5
 20
813.0
 10
334.5
 20
813.5
 10
334.5
 20
814.0
 10
334.5
 20
814.5
 10
334.5
 20
815.0
 10
334.5
 20
815.5
 10
334.5
 20
816.0
 10
334.5
 20
816.5
 10
334.5
 20
817.0
 10
334.5
 20
817.5
 10
334.5
 20
818.0
 10
334.5
 20
818.5
 10
334.5
 20
819.0
 10
334.5
 20
819.5
 10
334.5
 20
820.0
 10
334.5
 20
820.5
 10
334.5
 20
821.0
 10
334.5
 20
821.5
 10
334.5
 20
822.0
 10
334.5
 20
822.5
 10
335.0
 20
823.0
 10
335.5
 20
823.0
 10
336.0
 20
823.5
 10
336.5
 20
823.5
 10
337.0
 20
824.0
 10
337.5
 20
824.0
 10
338.0
 20
824.5
 10
338.0
 20
825.0
 10
338.0
 20
825.5
 10
338.0
 20
826.0
 10
338.0
 20
826.5
 10
338.0
 20
827.0
 10
338.0
 20
827.5
 10
338.0
 20
828.0
 10
338.5
 20
828.5
 10
339.0
 20
828.5
 10
339.5
 20
828.5
 10
340.0
 20
828.5
 10
340.5
 20
829.0
 10
341.0
 20
829.0
 10
341.0
 20
829.5
 10
341.0
 20
830.0
 10
341.5
 20
830.5
 10
341.5
 20
831.0
 10
341.5
 20
831.5
 10
341.5
 20
832.0
 10
341.5
 20
832.5
 10
342.0
 20
833.0
 10
342.0
 20
833.5
 10
342.0
 20
834.0
 10
342.0
 20
834.5
 10
342.0
 20
835.0
 10
342.0
 20
835.5
 10
342.0
 20
836.0
 10
342.0
 20
836.5
 10
342.0
 20
837.0
 10
342.0
 20
837.5
 10
342.0
 20
838.0
 10
341.5
 20
838.5
 10
341.5
 20
839.0
 10
341.5
 20
839.5
 10
341.5
 20
840.0
 10
341.5
 20
840.5
 10
341.5
 20
841.0
  0
LWPOLYLINE
  5
F0
330
17
100
AcDbEntity
  8
CURB
370
25
100
AcDbPolyline
 90
48
 70
0
 10
302.0
 20
841.0
 10
302.0
 20
840.5
 10
302.0
 20
840.0
 10
302.0
 20
839.5
 10
302.0
 20
839.0
 10
302.5
 20
838.5
 10
303.0
 20
838.5
 10
303.5
 20
838.5
 10
304.0
 20
838.5
 10
304.5
 20
838.5
 10
305.0
 20
838.0
 10
305.5
 20
838.0
 10
306.0
 20
838.0
 10
306.5
 20
838.0
 10
307.0
 20
838.0
 10
307.5
 20
838.0
 10
308.0
 20
838.0
 10
308.5
 20
838.0
 10
309.0
 20
838.0
 10
309.5
 20
838.5
 10
310.0
 20
838.5
 10
310.5
 20
839.0
 10
311.0
 20
839.0
 10
311.0
 20
839.5
 10
311.0
 20
840.0
 10
311.0
 20
840.5
 10
311.0
 20
841.0
 10
310.5
 20
841.0
 10
310.5
 20
840.5
 10
310.5
 20
840.0
 10
310.0
 20
839.5
 10
309.5
 20
839.5
 10
309.0
 20
839.0
 10
308.5
 20
839.0
 10
308.0
 20
838.5
 10
307.5
 20
838.5
 10
307.0
 20
838.5
 10
306.5
 20
838.5
 10
306.0
 20
838.5
 10
305.5
 20
839.0
 10
305.0
 20
839.0
 10
304.5
 20
839.0
 10
304.0
 20
839.0
 10
303.5
 20
839.0
 10
303.0
 20
839.5
 10
302.5
 20
840.0
 10
302.5
 20
840.5
 10
302.5
 20
841.0
  0
LWPOLYLINE
  5
F1
330
17
100
AcDbEntity
  8
CURB
370
25
100
AcDbPolyline
 90
302
 70
0
 10
299.0
 20
841.0
 10
299.0
 20
840.5
 10
299.0
 20
840.0
 10
299.0
 20
839.5
 10
299.0
 20
839.0
 10
299.0
 20
838.5
 10
299.0
 20
838.0
 10
299.0
 20
837.5
 10
299.0
 20
837.0
 10
299.0
 20
836.5
 10
299.0
 20
836.0
 10
299.0
 20
835.5
 10
299.0
 20
835.0
 10
299.0
 20
834.5
 10
299.0
 20
834.0
 10
299.0
 20
833.5
 10
299.0
 20
833.0
 10
299.0
 20
832.5
 10
299.0
 20
832.0
 10
299.0
 20
831.5
 10
299.0
 20
831.0
 10
299.0
 20
830.5
 10
299.0
 20
830.0
 10
299.0
 20
829.5
 10
299.0
 20
829.0
 10
299.0
 20
828.5
 10
299.0
 20
828.0
 10
299.0
 20
827.5
 10
299.0
 20
827.0
 10
299.0
 20
826.5
 10
299.0
 20
826.0
 10
299.0
 20
825.5
 10
299.0
 20
825.0
 10
299.0
 20
824.5
 10
299.0
 20
824.0
 10
299.0
 20
823.5
 10
298.5
 20
823.0
 10
298.5
 20
822.5
 10
298.5
 20
822.0
 10
298.5
 20
821.5
 10
298.5
 20
821.0
 10
298.5
 20
820.5
 10
298.5
 20
820.0
 10
298.5
 20
819.5
 10
298.5
 20
819.0
 10
298.5
 20
818.5
 10
298.5
 20
818.0
 10
298.5
 20
817.5
 10
298.5
 20
817.0
 10
299.0
 20
817.0
 10
299.5
 20
816.5
 10
299.5
 20
816.0
 10
299.5
 20
815.5
 10
299.5
 20
815.0
 10
299.5
 20
814.5
 10
299.5
 20
814.0
 10
299.5
 20
813.5
 10
300.0
 20
813.0
 10
300.5
 20
813.0
 10
301.0
 20
813.0
 10
301.5
 20
813.0
 10
302.0
 20
813.0
 10
302.5
 20
813.0
 10
303.0
 20
813.0
 10
303.5
 20
813.0
 10
304.0
 20
813.0
 10
304.5
 20
813.0
 10
305.0
 20
813.0
 10
305.5
 20
813.0
 10
306.0
 20
813.0
 10
306.5
 20
813.0
 10
307.0
 20
813.0
 10
307.5
 20
813.0
 10
308.0
 20
813.0
 10
308.5
 20
813.0
 10
309.0
 20
813.0
 10
309.5
 20
813.0
 10
309.5
 20
813.5
 10
309.5
 20
814.0
 10
309.5
 20
814.5
 10
309.5
 20
815.0
 10
309.5
 20
815.5
 10
309.5
 20
816.0
 10
309.5
 20
816.5
 10
309.5
 20
817.0
 10
309.5
 20
817.5
 10
309.0
 20
817.5
 10
308.5
 20
817.5
 10
308.0
 20
817.5
 10
307.5
 20
818.0
 10
307.0
 20
818.0
 10
306.5
 20
818.5
 10
306.0
 20
819.0
 10
305.5
 20
819.5
 10
305.5
 20
820.0
 10
305.5
 20
820.5
 10
305.0
 20
820.5
 10
304.5
 20
821.0
 10
304.5
 20
821.5
 10
304.5
 20
822.0
 10
304.5
 20
822.5
 10
304.5
 20
823.0
 10
304.5
 20
823.5
 10
304.5
 20
824.0
 10
304.5
 20
824.5
 10
304.5
 20
825.0
 10
305.0
 20
825.5
 10
305.5
 20
825.5
 10
306.0
 20
826.0
 10
306.0
 20
826.5
 10
306.5
 20
827.0
 10
307.0
 20
827.0
 10
307.5
 20
827.0
 10
308.0
 20
827.0
 10
308.5
 20
827.0
 10
309.0
 20
827.0
 10
309.5
 20
827.0
 10
310.0
 20
827.0
 10
310.5
 20
827.0
 10
311.0
 20
827.5
 10
311.5
 20
827.5
 10
312.0
 20
828.0
 10
312.0
 20
828.5
 10
312.5
 20
829.0
 10
313.0
 20
829.5
 10
313.0
 20
830.0
 10
313.0
 20
830.5
 10
313.0
 20
831.0
 10
313.0
 20
831.5
 10
313.0
 20
832.0
 10
313.0
 20
832.5
 10
313.0
 20
833.0
 10
313.0
 20
833.5
 10
313.0
 20
834.0
 10
313.0
 20
834.5
 10
313.0
 20
835.0
 10
313.0
 20
835.5
 10
313.0
 20
836.0
 10
313.0
 20
836.5
 10
313.0
 20
837.0
 10
313.5
 20
837.5
 10
314.0
 20
837.5
 10
314.5
 20
837.5
 10
314.5
 20
838.0
 10
314.5
 20
838.5
 10
314.5
 20
839.0
 10
315.0
 20
839.5
 10
315.5
 20
839.5
 10
316.0
 20
839.5
 10
316.5
 20
839.5
 10
317.0
 20
839.5
 10
317.0
 20
840.0
 10
317.0
 20
840.5
 10
317.0
 20
841.0
 10
316.5
 20
841.0
 10
316.5
 20
840.5
 10
316.0
 20
840.0
 10
315.5
 20
840.0
 10
315.0
 20
840.0
 10
314.5
 20
840.0
 10
314.0
 20
840.0
 10
314.0
 20
839.5
 10
314.0
 20
839.0
 10
314.0
 20
838.5
 10
313.5
 20
838.0
 10
313.0
 20
838.0
 10
312.5
 20
838.0
 10
312.5
 20
837.5
 10
312.5
 20
837.0
 10
312.5
 20
836.5
 10
312.5
 20
836.0
 10
312.5
 20
835.5
 10
312.5
 20
835.0
 10
312.5
 20
834.5
 10
312.5
 20
834.0
 10
312.5
 20
833.5
 10
312.5
 20
833.0
 10
312.5
 20
832.5
 10
312.5
 20
832.0
 10
312.5
 20
831.5
 10
312.5
 20
831.0
 10
312.5
 20
830.5
 10
312.0
 20
830.0
 10
311.5
 20
829.5
 10
311.5
 20
829.0
 10
311.0
 20
828.5
 10
310.5
 20
828.0
 10
310.0
 20
828.0
 10
309.5
 20
827.5
 10
309.0
 20
827.5
 10
308.5
 20
827.5
 10
308.0
 20
827.5
 10
307.5
 20
827.5
 10
307.0
 20
827.5
 10
306.5
 20
827.5
 10
306.0
 20
827.5
 10
305.5
 20
827.5
 10
305.5
 20
827.0
 10
305.0
 20
826.5
 10
304.5
 20
826.0
 10
304.0
 20
826.0
 10
304.0
 20
825.5
 10
304.0
 20
825.0
 10
304.0
 20
824.5
 10
304.0
 20
824.0
 10
304.0
 20
823.5
 10
304.0
 20
823.0
 10
304.0
 20
822.5
 10
304.0
 20
822.0
 10
304.0
 20
821.5
 10
304.0
 20
821.0
 10
304.0
 20
820.5
 10
304.0
 20
820.0
 10
304.5
 20
820.0
 10
305.0
 20
819.5
 10
305.0
 20
819.0
 10
305.0
 20
818.5
 10
305.5
 20
818.0
 10
306.0
 20
817.5
 10
306.5
 20
817.5
 10
307.0
 20
817.0
 10
307.5
 20
817.0
 10
308.0
 20
817.0
 10
308.5
 20
817.0
 10
309.0
 20
816.5
 10
309.0
 20
816.0
 10
309.0
 20
815.5
 10
309.0
 20
815.0
 10
309.0
 20
814.5
 10
309.0
 20
814.0
 10
308.5
 20
813.5
 10
308.0
 20
813.5
 10
307.5
 20
813.5
 10
307.0
 20
813.5
 10
306.5
 20
813.5
 10
306.0
 20
813.5
 10
305.5
 20
813.5
 10
305.0
 20
813.5
 10
304.5
 20
813.5
 10
304.0
 20
813.5
 10
303.5
 20
813.5
 10
303.0
 20
813.5
 10
302.5
 20
813.5
 10
302.0
 20
813.5
 10
301.5
 20
813.5
 10
301.0
 20
813.5
 10
300.5
 20
814.0
 10
300.0
 20
814.5
 10
300.0
 20
815.0
 10
300.0
 20
815.5
 10
300.0
 20
816.0
 10
300.0
 20
816.5
 10
300.0
 20
817.0
 10
300.0
 20
817.5
 10
299.5
 20
817.5
 10
299.0
 20
818.0
 10
299.0
 20
818.5
 10
299.0
 20
819.0
 10
299.0
 20
819.5
 10
299.0
 20
820.0
 10
299.0
 20
820.5
 10
299.0
 20
821.0
 10
299.0
 20
821.5
 10
299.0
 20
822.0
 10
299.5
 20
822.5
 10
299.5
 20
823.0
 10
299.5
 20
823.5
 10
299.5
 20
824.0
 10
299.5
 20
824.5
 10
299.5
 20
825.0
 10
299.5
 20
825.5
 10
299.5
 20
826.0
 10
299.5
 20
826.5
 10
299.5
 20
827.0
 10
299.5
 20
827.5
 10
299.5
 20
828.0
 10
299.5
 20
828.5
 10
299.5
 20
829.0
 10
299.5
 20
829.5
 10
299.5
 20
830.0
 10
299.5
 20
830.5
 10
299.5
 20
831.0
 10
299.5
 20
831.5
 10
299.5
 20
832.0
 10
299.5
 20
832.5
 10
299.5
 20
833.0
 10
299.5
 20
833.5
 10
299.5
 20
834.0
 10
299.5
 20
834.5
 10
299.5
 20
835.0
 10
299.5
 20
835.5
 10
299.5
 20
836.0
 10
299.5
 20
836.5
 10
299.5
 20
837.0
 10
299.5
 20
837.5
 10
299.5
 20
838.0
 10
299.5
 20
838.5
 10
299.5
 20
839.0
 10
299.5
 20
839.5
 10
299.5
 20
840.0
 10
299.5
 20
840.5
 10
299.5
 20
841.0
  0
LWPOLYLINE
  5
F2
330
17
100
AcDbEntity
  8
CURB
370
25
100
AcDbPolyline
 90
320
 70
0
 10
165.5
 20
841.0
 10
165.5
 20
840.5
 10
165.5
 20
840.0
 10
165.0
 20
839.5
 10
165.0
 20
839.0
 10
165.0
 20
838.5
 10
165.0
 20
838.0
 10
165.0
 20
837.5
 10
165.0
 20
837.0
 10
165.0
 20
836.5
 10
165.0
 20
836.0
 10
165.0
 20
835.5
 10
165.0
 20
835.0
 10
165.0
 20
834.5
 10
165.5
 20
834.0
 10
165.5
 20
833.5
 10
165.5
 20
833.0
 10
165.5
 20
832.5
 10
165.5
 20
832.0
 10
165.5
 20
831.5
 10
165.5
 20
831.0
 10
165.5
 20
830.5
 10
165.5
 20
830.0
 10
165.5
 20
829.5
 10
165.5
 20
829.0
 10
165.5
 20
828.5
 10
165.5
 20
828.0
 10
165.5
 20
827.5
 10
165.5
 20
827.0
 10
165.5
 20
826.5
 10
165.5
 20
826.0
 10
165.5
 20
825.5
 10
165.5
 20
825.0
 10
165.5
 20
824.5
 10
165.5
 20
824.0
 10
165.5
 20
823.5
 10
165.5
 20
823.0
 10
165.5
 20
822.5
 10
165.5
 20
822.0
 10
165.5
 20
821.5
 10
165.5
 20
821.0
 10
165.5
 20
820.5
 10
165.5
 20
820.0
 10
165.5
 20
819.5
 10
165.5
 20
819.0
 10
165.5
 20
818.5
 10
165.5
 20
818.0
 10
165.5
 20
817.5
 10
165.5
 20
817.0
 10
165.5
 20
816.5
 10
165.5
 20
816.0
 10
165.5
 20
815.5
 10
165.5
 20
815.0
 10
165.5
 20
814.5
 10
165.5
 20
814.0
 10
165.5
 20
813.5
 10
165.5
 20
813.0
 10
165.5
 20
812.5
 10
165.5
 20
812.0
 10
165.5
 20
811.5
 10
165.5
 20
811.0
 10
165.5
 20
810.5
 10
165.5
 20
810.0
 10
165.5
 20
809.5
 10
165.5
 20
809.0
 10
165.5
 20
808.5
 10
165.5
 20
808.0
 10
165.5
 20
807.5
 10
165.5
 20
807.0
 10
165.5
 20
806.5
 10
165.5
 20
806.0
 10
165.5
 20
805.5
 10
166.0
 20
805.5
 10
166.5
 20
805.5
 10
167.0
 20
805.5
 10
167.5
 20
805.0
 10
168.0
 20
805.0
 10
168.5
 20
805.0
 10
169.0
 20
805.0
 10
169.5
 20
805.0
 10
170.0
 20
805.0
 10
170.5
 20
805.5
 10
171.0
 20
805.5
 10
171.5
 20
806.0
 10
172.0
 20
806.0
 10
172.5
 20
806.5
 10
172.5
 20
807.0
 10
172.5
 20
807.5
 10
172.5
 20
808.0
 10
172.5
 20
808.5
 10
172.5
 20
809.0
 10
172.5
 20
809.5
 10
173.0
 20
810.0
 10
173.0
 20
810.5
 10
173.0
 20
811.0
 10
173.0
 20
811.5
 10
173.0
 20
812.0
 10
173.0
 20
812.5
 10
173.0
 20
813.0
 10
173.0
 20
813.5
 10
173.0
 20
814.0
 10
173.0
 20
814.5
 10
173.0
 20
815.0
 10
173.0
 20
815.5
 10
172.5
 20
815.5
 10
172.0
 20
815.5
 10
171.5
 20
815.5
 10
171.0
 20
816.0
 10
171.0
 20
816.5
 10
171.0
 20
817.0
 10
171.0
 20
817.5
 10
171.0
 20
818.0
 10
171.0
 20
818.5
 10
171.0
 20
819.0
 10
171.0
 20
819.5
 10
171.0
 20
820.0
 10
171.0
 20
820.5
 10
171.0
 20
821.0
 10
171.0
 20
821.5
 10
171.0
 20
822.0
 10
171.0
 20
822.5
 10
171.0
 20
823.0
 10
171.0
 20
823.5
 10
171.0
 20
824.0
 10
170.5
 20
824.0
 10
170.0
 20
824.0
 10
169.5
 20
824.5
 10
169.5
 20
825.0
 10
169.5
 20
825.5
 10
169.5
 20
826.0
 10
169.5
 20
826.5
 10
169.5
 20
827.0
 10
169.0
 20
827.0
 10
168.5
 20
827.5
 10
168.5
 20
828.0
 10
168.0
 20
828.5
 10
168.0
 20
829.0
 10
168.0
 20
829.5
 10
168.0
 20
830.0
 10
168.0
 20
830.5
 10
168.0
 20
831.0
 10
168.0
 20
831.5
 10
168.0
 20
832.0
 10
168.0
 20
832.5
 10
168.0
 20
833.0
 10
168.0
 20
833.5
 10
168.0
 20
834.0
 10
168.5
 20
834.5
 10
169.0
 20
835.0
 10
169.5
 20
835.0
 10
169.5
 20
835.5
 10
170.0
 20
836.0
 10
170.0
 20
836.5
 10
170.0
 20
837.0
 10
170.5
 20
837.5
 10
171.0
 20
837.5
 10
171.5
 20
838.0
 10
171.5
 20
838.5
 10
171.5
 20
839.0
 10
171.5
 20
839.5
 10
171.5
 20
840.0
 10
171.5
 20
840.5
 10
171.5
 20
841.0
 10
171.0
 20
841.0
 10
171.0
 20
840.5
 10
171.0
 20
840.0
 10
171.0
 20
839.5
 10
171.0
 20
839.0
 10
170.5
 20
838.5
 10
170.0
 20
838.0
 10
169.5
 20
838.0
 10
169.5
 20
837.5
 10
169.5
 20
837.0
 10
169.0
 20
836.5
 10
169.0
 20
836.0
 10
168.5
 20
835.5
 10
168.0
 20
835.5
 10
167.5
 20
835.0
 10
167.5
 20
834.5
 10
167.5
 20
834.0
 10
167.5
 20
833.5
 10
167.5
 20
833.0
 10
167.5
 20
832.5
 10
167.5
 20
832.0
 10
167.5
 20
831.5
 10
167.5
 20
831.0
 10
167.5
 20
830.5
 10
167.5
 20
830.0
 10
167.5
 20
829.5
 10
167.5
 20
829.0
 10
167.5
 20
828.5
 10
167.5
 20
828.0
 10
167.5
 20
827.5
 10
168.0
 20
827.0
 10
168.0
 20
826.5
 10
168.5
 20
826.5
 10
169.0
 20
826.0
 10
169.0
 20
825.5
 10
169.0
 20
825.0
 10
169.0
 20
824.5
 10
169.0
 20
824.0
 10
169.0
 20
823.5
 10
169.5
 20
823.5
 10
170.0
 20
823.5
 10
170.5
 20
823.0
 10
170.5
 20
822.5
 10
170.5
 20
822.0
 10
170.5
 20
821.5
 10
170.5
 20
821.0
 10
170.5
 20
820.5
 10
170.5
 20
820.0
 10
170.5
 20
819.5
 10
170.5
 20
819.0
 10
170.5
 20
818.5
 10
170.5
 20
818.0
 10
170.5
 20
817.5
 10
170.5
 20
817.0
 10
170.5
 20
816.5
 10
170.5
 20
816.0
 10
170.5
 20
815.5
 10
170.5
 20
815.0
 10
171.0
 20
815.0
 10
171.5
 20
815.0
 10
172.0
 20
815.0
 10
172.5
 20
814.5
 10
172.5
 20
814.0
 10
172.5
 20
813.5
 10
172.5
 20
813.0
 10
172.5
 20
812.5
 10
172.5
 20
812.0
 10
172.5
 20
811.5
 10
172.5
 20
811.0
 10
172.0
 20
810.5
 10
172.0
 20
810.0
 10
172.0
 20
809.5
 10
172.0
 20
809.0
 10
172.0
 20
808.5
 10
172.0
 20
808.0
 10
172.0
 20
807.5
 10
171.5
 20
807.0
 10
171.0
 20
806.5
 10
170.5
 20
806.5
 10
170.0
 20
806.0
 10
169.5
 20
806.0
 10
169.0
 20
805.5
 10
168.5
 20
805.5
 10
168.0
 20
806.0
 10
167.5
 20
806.0
 10
167.0
 20
806.0
 10
166.5
 20
806.0
 10
166.0
 20
806.5
 10
166.0
 20
807.0
 10
166.0
 20
807.5
 10
166.0
 20
808.0
 10
166.0
 20
808.5
 10
166.0
 20
809.0
 10
166.0
 20
809.5
 10
166.0
 20
810.0
 10
166.0
 20
810.5
 10
166.0
 20
811.0
 10
166.0
 20
811.5
 10
166.0
 20
812.0
 10
166.0
 20
812.5
 10
166.0
 20
813.0
 10
166.0
 20
813.5
 10
166.0
 20
814.0
 10
166.0
 20
814.5
 10
166.0
 20
815.0
 10
166.0
 20
815.5
 10
166.0
 20
816.0
 10
166.0
 20
816.5
 10
166.0
 20
817.0
 10
166.0
 20
817.5
 10
166.0
 20
818.0
 10
166.0
 20
818.5
 10
166.0
 20
819.0
 10
166.0
 20
819.5
 10
166.0
 20
820.0
 10
166.0
 20
820.5
 10
166.0
 20
821.0
 10
166.0
 20
821.5
 10
166.0
 20
822.0
 10
166.0
 20
822.5
 10
166.0
 20
823.0
 10
166.0
 20
823.5
 10
166.0
 20
824.0
 10
166.0
 20
824.5
 10
166.0
 20
825.0
 10
166.0
 20
825.5
 10
166.0
 20
826.0
 10
166.0
 20
826.5
 10
166.0
 20
827.0
 10
166.0
 20
827.5
 10
166.0
 20
828.0
 10
166.0
 20
828.5
 10
166.0
 20
829.0
 10
166.0
 20
829.5
 10
166.0
 20
830.0
 10
166.0
 20
830.5
 10
166.0
 20
831.0
 10
166.0
 20
831.5
 10
166.0
 20
832.0
 10
166.0
 20
832.5
 10
166.0
 20
833.0
 10
166.0
 20
833.5
 10
166.0
 20
834.0
 10
166.0
 20
834.5
 10
166.0
 20
835.0
 10
165.5
 20
835.5
 10
165.5
 20
836.0
 10
165.5
 20
836.5
 10
165.5
 20
837.0
 10
165.5
 20
837.5
 10
165.5
 20
838.0
 10
165.5
 20
838.5
 10
166.0
 20
839.0
 10
166.0
 20
839.5
 10
166.0
 20
840.0
 10
166.0
 20
840.5
 10
166.0
 20
841.0
  0
ENDSEC
  0
SECTION
  2
OBJECTS
  0
DICTIONARY
  5
A
330
0
100
AcDbDictionary
281
1
  3
ACAD_COLOR
350
B
  3
ACAD_GROUP
350
C
  3
ACAD_LAYOUT
350
D
  3
ACAD_MATERIAL
350
E
  3
ACAD_MLEADERSTYLE
350
F
  3
ACAD_MLINESTYLE
350
10
  3
ACAD_PLOTSETTINGS
350
11
  3
ACAD_PLOTSTYLENAME
350
12
  3
ACAD_SCALELIST
350
14
  3
ACAD_TABLESTYLE
350
15
  3
ACAD_VISUALSTYLE
350
16
  3
EZDXF_META
350
2D
  0
DICTIONARY
  5
B
330
A
100
AcDbDictionary
281
1
  0
DICTIONARY
  5
C
330
A
100
AcDbDictionary
281
1
  0
DICTIONARY
  5
D
330
A
100
AcDbDictionary
281
1
  3
Model
350
1A
  3
Layout1
350
1E
  0
DICTIONARY
  5
E
330
A
100
AcDbDictionary
281
1
  3
ByBlock
350
1F
  3
ByLayer
350
20
  3
Global
350
21
  0
DICTIONARY
  5
F
330
A
100
AcDbDictionary
281
1
  3
Standard
350
2C
  0
DICTIONARY
  5
10
330
A
100
AcDbDictionary
281
1
  3
Standard
350
22
  0
DICTIONARY
  5
11
330
A
100
AcDbDictionary
281
1
  0
ACDBDICTIONARYWDFLT
  5
12
330
A
100
AcDbDictionary
281
1
  3
Normal
350
13
100
AcDbDictionaryWithDefault
340
13
  0
ACDBPLACEHOLDER
  5
13
330
12
  0
DICTIONARY
  5
14
330
A
100
AcDbDictionary
281
1
  0
DICTIONARY
  5
15
330
A
100
AcDbDictionary
281
1
  0
DICTIONARY
  5
16
330
A
100
AcDbDictionary
281
1
  3
2dWireframe
350
5A
  3
Basic
350
5B
  3
Brighten
350
5C
  3
ColorChange
350
5D
  3
Conceptual
350
5E
  3
Dim
350
5F
  3
EdgeColorOff
350
60
  3
Facepattern
350
61
  3
Flat
350
62
  3
FlatWithEdges
350
63
  3
Gouraud
350
64
  3
GouraudWithEdges
350
65
  3
Hidden
350
66
  3
JitterOff
350
67
  3
Linepattern
350
68
  3
Modeling
350
69
  3
OverhangOff
350
6A
  3
Realistic
350
6B
  3
Shaded
350
6C
  3
Shaded with edges
350
6D
  3
Shades of Gray
350
6E
  3
Sketchy
350
6F
  3
Thicken
350
70
  3
Wireframe
350
71
  3
X-Ray
350
72
  0
LAYOUT
  5
1A
330
D
100
AcDbPlotSettings
  1

  4
A3
  6

 40
7.5
 41
20.0
 42
7.5
 43
20.0
 44
420.0
 45
297.0
 46
0.0
 47
0.0
 48
0.0
 49
0.0
140
0.0
141
0.0
142
1.0
143
1.0
 70
1024
 72
1
 73
0
 74
5
  7

 75
16
 76
0
 77
2
 78
300
147
1.0
148
0.0
149
0.0
100
AcDbLayout
  1
Model
 70
1
 71
0
 10
0.0
 20
0.0
 11
420.0
 21
297.0
 12
0.0
 22
0.0
 32
0.0
 14
1e+20
 24
1e+20
 34
1e+20
 15
-1e+20
 25
-1e+20
 35
-1e+20
146
0.0
 13
0.0
 23
0.0
 33
0.0
 16
1.0
 26
0.0
 36
0.0
 17
0.0
 27
1.0
 37
0.0
 76
1
330
17
  0
LAYOUT
  5
1E
330
D
100
AcDbPlotSettings
  1

  4
A3
  6

 40
7.5
 41
20.0
 42
7.5
 43
20.0
 44
420.0
 45
297.0
 46
0.0
 47
0.0
 48
0.0
 49
0.0
140
0.0
141
0.0
142
1.0
143
1.0
 70
0
 72
1
 73
0
 74
5
  7

 75
16
 76
0
 77
2
 78
300
147
1.0
148
0.0
149
0.0
100
AcDbLayout
  1
Layout1
 70
1
 71
1
 10
0.0
 20
0.0
 11
420.0
 21
297.0
 12
0.0
 22
0.0
 32
0.0
 14
1e+20
 24
1e+20
 34
1e+20
 15
-1e+20
 25
-1e+20
 35
-1e+20
146
0.0
 13
0.0
 23
0.0
 33
0.0
 16
1.0
 26
0.0
 36
0.0
 17
0.0
 27
1.0
 37
0.0
 76
1
330
1B
  0
MATERIAL
  5
1F
102
{ACAD_REACTORS
330
E
102
}
330
E
100
AcDbMaterial
  1
ByBlock
  2

 70
0
 40
1.0
 71
1
 41
1.0
 91
-1023410177
 42
1.0
 72
1
  3

 73
1
 74
1
 75
1
 44
0.5
 73
0
 45
1.0
 46
1.0
 77
1
  4

 78
1
 79
1
170
1
 48
1.0
171
1
  6

172
1
173
1
174
1
140
1.0
141
1.0
175
1
  7

176
1
177
1
178
1
143
1.0
179
1
  8

270
1
271
1
272
1
145
1.0
146
1.0
273
1
  9

274
1
275
1
276
1
 42
1.0
 72
1
  3

 73
1
 74
1
 75
1
 94
63
  0
MATERIAL
  5
20
102
{ACAD_REACTORS
330
E
102
}
330
E
100
AcDbMaterial
  1
ByLayer
  2

 70
0
 40
1.0
 71
1
 41
1.0
 91
-1023410177
 42
1.0
 72
1
  3

 73
1
 74
1
 75
1
 44
0.5
 73
0
 45
1.0
 46
1.0
 77
1
  4

 78
1
 79
1
170
1
 48
1.0
171
1
  6

172
1
173
1
174
1
140
1.0
141
1.0
175
1
  7

176
1
177
1
178
1
143
1.0
179
1
  8

270
1
271
1
272
1
145
1.0
146
1.0
273
1
  9

274
1
275
1
276
1
 42
1.0
 72
1
  3

 73
1
 74
1
 75
1
 94
63
  0
MATERIAL
  5
21
102
{ACAD_REACTORS
330
E
102
}
330
E
100
AcDbMaterial
  1
Global
  2

 70
0
 40
1.0
 71
1
 41
1.0
 91
-1023410177
 42
1.0
 72
1
  3

 73
1
 74
1
 75
1
 44
0.5
 73
0
 45
1.0
 46
1.0
 77
1
  4

 78
1
 79
1
170
1
 48
1.0
171
1
  6

172
1
173
1
174
1
140
1.0
141
1.0
175
1
  7

176
1
177
1
178
1
143
1.0
179
1
  8

270
1
271
1
272
1
145
1.0
146
1.0
273
1
  9

274
1
275
1
276
1
 42
1.0
 72
1
  3

 73
1
 74
1
 75
1
 94
63
  0
MLINESTYLE
  5
22
102
{ACAD_REACTORS
330
10
102
}
330
10
100
AcDbMlineStyle
  2
Standard
 70
0
  3

 62
256
 51
90.0
 52
90.0
 71
2
 49
0.5
 62
256
  6
BYLAYER
 49
-0.5
 62
256
  6
BYLAYER
  0
MLEADERSTYLE
  5
2C
102
{ACAD_REACTORS
330
F
102
}
330
F
100
AcDbMLeaderStyle
179
2
170
2
171
1
172
0
 90
2
 40
0.0
 41
0.0
173
1
 91
-1056964608
 92
-2
290
1
 42
2.0
291
1
 43
8.0
  3
Standard
 44
4.0
300

342
29
174
1
175
1
176
0
178
1
 93
-1056964608
 45
4.0
292
0
297
0
 46
4.0
 94
-1056964608
 47
1.0
 49
1.0
140
1.0
294
1
141
0.0
177
0
142
1.0
295
0
296
0
143
3.75
271
0
272
9
273
9
  0
DICTIONARY
  5
2D
330
A
100
AcDbDictionary
280
1
281
1
  3
CREATED_BY_EZDXF
350
2E
  3
WRITTEN_BY_EZDXF
350
F5
  0
DICTIONARYVAR
  5
2E
330
2D
100
DictionaryVariables
280
0
  1
1.4.3 @ 2026-01-18T02:00:44.829932+00:00
  0
VISUALSTYLE
  5
5A
102
{ACAD_REACTORS
330
16
102
}
330
16
100
AcDbVisualStyle
  2
2dWireframe
 70
4
177
3
291
0
 70
58
 90
2
176
1
 90
2
176
1
 90
0
176
1
 90
0
176
1
 40
0.6
176
1
 40
30.0
176
1
 62
7
420
16777215
176
1
 90
1
176
1
 90
4
176
1
 62
7
176
1
 62
257
176
1
 90
1
176
1
 90
1
176
1
 40
1.0
176
1
 90
8
176
1
 62
7
176
1
 40
1.0
176
1
 90
1
176
1
 90
6
176
1
 90
2
176
1
 62
7
176
1
 90
5
176
1
 90
0
176
1
 90
0
176
1
290
0
176
1
 90
1
176
1
 40
0.0
176
1
 90
0
176
1
290
1
176
1
290
1
176
1
290
0
176
1
290
0
176
1
290
0
176
1
290
0
176
1
290
0
176
1
290
0
176
1
290
0
176
1
 90
50
176
1
 40
0.0
176
1
 40
1.0
176
1
 90
0
176
1
 62
18
420
0
176
1
 90
50
176
1
 90
3
176
1
 62
5
420
255
176
1
290
0
176
1
 90
50
176
1
 90
50
176
1
 90
50
176
1
290
0
176
1
 90
50
176
1
 62
256
176
0
 40
1.0
176
0
 90
2
176
1
  1
strokes_ogs.tif
176
1
290
0
176
1
 40
1.0
176
1
 40
1.0
176
1
  0
VISUALSTYLE
  5
5B
102
{ACAD_REACTORS
330
16
102
}
330
16
100
AcDbVisualStyle
  2
Basic
 70
7
177
3
291
1
 70
58
 90
2
176
1
 90
2
176
1
 90
0
176
1
 90
1
176
1
 40
0.6
176
1
 40
30.0
176
1
 62
7
420
16777215
176
1
 90
1
176
1
 90
4
176
1
 62
7
176
1
 62
257
176
1
 90
1
176
1
 90
1
176
1
 40
1.0
176
1
 90
8
176
1
 62
7
176
1
 40
1.0
176
1
 90
1
176
1
 90
6
176
1
 90
2
176
1
 62
7
176
1
 90
5
176
1
 90
0
176
1
 90
0
176
1
290
0
176
1
 90
1
176
1
 40
0.0
176
1
 90
0
176
1
290
0
176
1
290
1
176
1
290
1
176
1
290
0
176
1
290
0
176
1
290
0
176
1
290
0
176
1
290
0
176
1
290
0
176
1
 90
50
176
1
 40
0.0
176
1
 40
1.0
176
1
 90
0
176
1
 62
18
420
0
176
1
 90
50
176
1
 90
3
176
1
 62
5
420
255
176
1
290
0
176
1
 90
50
176
1
 90
50
176
1
 90
50
176
1
290
0
176
1
 90
50
176
1
 62
256
176
0
 40
1.0
176
0
 90
2
176
1
  1
strokes_ogs.tif
176
1
290
0
176
1
 40
1.0
176
1
 40
1.0
176
1
  0
VISUALSTYLE
  5
5C
102
{ACAD_REACTORS
330
16
102
}
330
16
100
AcDbVisualStyle
  2
Brighten
 70
12
177
3
291
1
 70
58
 90
2
176
1
 90
2
176
1
 90
0
176
1
 90
2
176
1
 40
0.6
176
1
 40
30.0
176
1
 62
7
420
16777215
176
1
 90
1
176
1
 90
4
176
1
 62
7
176
1
 62
257
176
1
 90
1
176
1
 90
1
176
1
 40
1.0
176
1
 90
8
176
1
 62
7
176
1
 40
1.0
176
1
 90
1
176
1
 90
6
176
1
 90
2
176
1
 62
7
176
1
 90
5
176
1
 90
0
176
1
 90
0
176
1
290
0
176
1
 90
1
176
1
 40
0.0
176
1
 90
0
176
1
290
0
176
1
290
1
176
1
290
1
176
1
290
0
176
1
290
0
176
1
290
0
176
1
290
0
176
1
290
0
176
1
290
0
176
1
 90
50
176
1
 40
0.0
176
1
 40
1.0
176
1
 90
0
176
1
 62
18
420
0
176
1
 90
50
176
1
 90
3
176
1
 62
5
420
255
176
1
290
0
176
1
 90
50
176
1
 90
50
176
1
 90
50
176
1
290
0
176
1
 90
50
176
1
 62
256
176
0
 40
1.0
176
0
 90
2
176
1
  1
strokes_ogs.tif
176
1
290
0
176
1
 40
1.0
176
1
 40
1.0
176
1
  0
VISUALSTYLE
  5
5D
102
{ACAD_REACTORS
330
16
102
}
330
16
100
AcDbVisualStyle
  2
ColorChange
 70
16
177
3
291
1
 70
58
 90
2
176
1
 90
2
176
1
 90
0
176
1
 90
2
176
1
 40
0.6
176
1
 40
30.0
176
1
 62
7
420
16777215
176
1
 90
1
176
1
 90
4
176
1
 62
7
176
1
 62
257
176
1
 90
1
176
1
 90
1
176
1
 40
1.0
176
1
 90
8
176
1
 62
7
176
1
 40
1.0
176
1
 90
1
176
1
 90
6
176
1
 90
2
176
1
 62
7
176
1
 90
5
176
1
 90
0
176
1
 90
0
176
1
290
0
176
1
 90
1
176
1
 40
0.0
176
1
 90
0
176
1
290
0
176
1
290
1
176
1
290
1
176
1
290
0
176
1
290
0
176
1
290
0
176
1
290
0
176
1
290
0
176
1
290
0
176
1
 90
50
176
1
 40
0.0
176
1
 40
1.0
176
1
 90
0
176
1
 62
18
420
0
176
1
 90
50
176
1
 90
3
176
1
 62
5
420
255
176
1
290
0
176
1
 90
50
176
1
 90
50
176
1
 90
50
176
1
290
0
176
1
 90
50
176
1
 62
256
176
0
 40
1.0
176
0
 90
2
176
1
  1
strokes_ogs.tif
176
1
290
0
176
1
 40
1.0
176
1
 40
1.0
176
1
  0
VISUALSTYLE
  5
5E
102
{ACAD_REACTORS
330
16
102
}
330
16
100
AcDbVisualStyle
  2
Conceptual
 70
9
177
3
291
0
 70
58
 90
2
176
1
 90
2
176
1
 90
0
176
1
 90
3
176
1
 40
0.6
176
1
 40
30.0
176
1
 62
7
420
16777215
176
1
 90
1
176
1
 90
4
176
1
 62
7
176
1
 62
257
176
1
 90
1
176
1
 90
1
176
1
 40
1.0
176
1
 90
8
176
1
 62
7
176
1
 40
1.0
176
1
 90
1
176
1
 90
6
176
1
 90
2
176
1
 62
7
176
1
 90
5
176
1
 90
0
176
1
 90
0
176
1
290
0
176
1
 90
1
176
1
 40
0.0
176
1
 90
0
176
1
290
0
176
1
290
1
176
1
290
1
176
1
290
0
176
1
290
0
176
1
290
0
176
1
290
0
176
1
290
0
176
1
290
0
176
1
 90
50
176
1
 40
0.0
176
1
 40
1.0
176
1
 90
0
176
1
 62
18
420
0
176
1
 90
50
176
1
 90
3
176
1
 62
5
420
255
176
1
290
0
176
1
 90
50
176
1
 90
50
176
1
 90
50
176
1
290
0
176
1
 90
50
176
1
 62
256
176
0
 40
1.0
176
0
 90
2
176
1
  1
strokes_ogs.tif
176
1
290
0
176
1
 40
1.0
176
1
 40
1.0
176
1
  0
VISUALSTYLE
  5
5F
102
{ACAD_REACTORS
330
16
102
}
330
16
100
AcDbVisualStyle
  2
Dim
 70
11
177
3
291
1
 70
58
 90
2
176
1
 90
2
176
1
 90
0
176
1
 90
2
176
1
 40
0.6
176
1
 40
30.0
176
1
 62
7
420
16777215
176
1
 90
1
176
1
 90
4
176
1
 62
7
176
1
 62
257
176
1
 90
1
176
1
 90
1
176
1
 40
1.0
176
1
 90
8
176
1
 62
7
176
1
 40
1.0
176
1
 90
1
176
1
 90
6
176
1
 90
2
176
1
 62
7
176
1
 90
5
176
1
 90
0
176
1
 90
0
176
1
290
0
176
1
 90
1
176
1
 40
0.0
176
1
 90
0
176
1
290
0
176
1
290
1
176
1
290
1
176
1
290
0
176
1
290
0
176
1
290
0
176
1
290
0
176
1
290
0
176
1
290
0
176
1
 90
50
176
1
 40
0.0
176
1
 40
1.0
176
1
 90
0
176
1
 62
18
420
0
176
1
 90
50
176
1
 90
3
176
1
 62
5
420
255
176
1
290
0
176
1
 90
50
176
1
 90
50
176
1
 90
50
176
1
290
0
176
1
 90
50
176
1
 62
256
176
0
 40
1.0
176
0
 90
2
176
1
  1
strokes_ogs.tif
176
1
290
0
176
1
 40
1.0
176
1
 40
1.0
176
1
  0
VISUALSTYLE
  5
60
102
{ACAD_REACTORS
330
16
102
}
330
16
100
AcDbVisualStyle
  2
EdgeColorOff
 70
22
177
3
291
1
 70
58
 90
2
176
1
 90
2
176
1
 90
0
176
1
 90
2
176
1
 40
0.6
176
1
 40
30.0
176
1
 62
7
420
16777215
176
1
 90
1
176
1
 90
4
176
1
 62
7
176
1
 62
257
176
1
 90
1
176
1
 90
1
176
1
 40
1.0
176
1
 90
8
176
1
 62
7
176
1
 40
1.0
176
1
 90
1
176
1
 90
6
176
1
 90
2
176
1
 62
7
176
1
 90
5
176
1
 90
0
176
1
 90
0
176
1
290
0
176
1
 90
1
176
1
 40
0.0
176
1
 90
0
176
1
290
0
176
1
290
1
176
1
290
1
176
1
290
0
176
1
290
0
176
1
290
0
176
1
290
0
176
1
290
0
176
1
290
0
176
1
 90
50
176
1
 40
0.0
176
1
 40
1.0
176
1
 90
0
176
1
 62
18
420
0
176
1
 90
50
176
1
 90
3
176
1
 62
5
420
255
176
1
290
0
176
1
 90
50
176
1
 90
50
176
1
 90
50
176
1
290
0
176
1
 90
50
176
1
 62
256
176
0
 40
1.0
176
0
 90
2
176
1
  1
strokes_ogs.tif
176
1
290
0
176
1
 40
1.0
176
1
 40
1.0
176
1
  0
VISUALSTYLE
  5
61
102
{ACAD_REACTORS
330
16
102
}
330
16
100
AcDbVisualStyle
  2
Facepattern
 70
15
177
3
291
1
 70
58
 90
2
176
1
 90
2
176
1
 90
0
176
1
 90
2
176
1
 40
0.6
176
1
 40
30.0
176
1
 62
7
420
16777215
176
1
 90
1
176
1
 90
4
176
1
 62
7
176
1
 62
257
176
1
 90
1
176
1
 90
1
176
1
 40
1.0
176
1
 90
8
176
1
 62
7
176
1
 40
1.0
176
1
 90
1
176
1
 90
6
176
1
 90
2
176
1
 62
7
176
1
 90
5
176
1
 90
0
176
1
 90
0
176
1
290
0
176
1
 90
1
176
1
 40
0.0
176
1
 90
0
176
1
290
0
176
1
290
1
176
1
290
1
176
1
290
0
176
1
290
0
176
1
290
0
176
1
290
0
176
1
290
0
176
1
290
0
176
1
 90
50
176
1
 40
0.0
176
1
 40
1.0
176
1
 90
0
176
1
 62
18
420
0
176
1
 90
50
176
1
 90
3
176
1
 62
5
420
255
176
1
290
0
176
1
 90
50
176
1
 90
50
176
1
 90
50
176
1
290
0
176
1
 90
50
176
1
 62
256
176
0
 40
1.0
176
0
 90
2
176
1
  1
strokes_ogs.tif
176
1
290
0
176
1
 40
1.0
176
1
 40
1.0
176
1
  0
VISUALSTYLE
  5
62
102
{ACAD_REACTORS
330
16
102
}
330
16
100
AcDbVisualStyle
  2
Flat
 70
0
177
3
291
1
 70
58
 90
2
176
1
 90
2
176
1
 90
0
176
1
 90
2
176
1
 40
0.6
176
1
 40
30.0
176
1
 62
7
420
16777215
176
1
 90
1
176
1
 90
4
176
1
 62
7
176
1
 62
257
176
1
 90
1
176
1
 90
1
176
1
 40
1.0
176
1
 90
8
176
1
 62
7
176
1
 40
1.0
176
1
 90
1
176
1
 90
6
176
1
 90
2
176
1
 62
7
176
1
 90
5
176
1
 90
0
176
1
 90
0
176
1
290
0
176
1
 90
1
176
1
 40
0.0
176
1
 90
0
176
1
290
0
176
1
290
1
176
1
290
1
176
1
290
0
176
1
290
0
176
1
290
0
176
1
290
0
176
1
290
0
176
1
290
0
176
1
 90
50
176
1
 40
0.0
176
1
 40
1.0
176
1
 90
0
176
1
 62
18
420
0
176
1
 90
50
176
1
 90
3
176
1
 62
5
420
255
176
1
290
0
176
1
 90
50
176
1
 90
50
176
1
 90
50
176
1
290
0
176
1
 90
50
176
1
 62
256
176
0
 40
1.0
176
0
 90
2
176
1
  1
strokes_ogs.tif
176
1
290
0
176
1
 40
1.0
176
1
 40
1.0
176
1
  0
VISUALSTYLE
  5
63
102
{ACAD_REACTORS
330
16
102
}
330
16
100
AcDbVisualStyle
  2
FlatWithEdges
 70
1
177
3
291
1
 70
58
 90
2
176
1
 90
2
176
1
 90
0
176
1
 90
2
176
1
 40
0.6
176
1
 40
30.0
176
1
 62
7
420
16777215
176
1
 90
1
176
1
 90
4
176
1
 62
7
176
1
 62
257
176
1
 90
1
176
1
 90
1
176
1
 40
1.0
176
1
 90
8
176
1
 62
7
176
1
 40
1.0
176
1
 90
1
176
1
 90
6
176
1
 90
2
176
1
 62
7
176
1
 90
5
176
1
 90
0
176
1
 90
0
176
1
290
0
176
1
 90
1
176
1
 40
0.0
176
1
 90
0
176
1
290
0
176
1
290
1
176
1
290
1
176
1
290
0
176
1
290
0
176
1
290
0
176
1
290
0
176
1
290
0
176
1
290
0
176
1
 90
50
176
1
 40
0.0
176
1
 40
1.0
176
1
 90
0
176
1
 62
18
420
0
176
1
 90
50
176
1
 90
3
176
1
 62
5
420
255
176
1
290
0
176
1
 90
50
176
1
 90
50
176
1
 90
50
176
1
290
0
176
1
 90
50
176
1
 62
256
176
0
 40
1.0
176
0
 90
2
176
1
  1
strokes_ogs.tif
176
1
290
0
176
1
 40
1.0
176
1
 40
1.0
176
1
  0
VISUALSTYLE
  5
64
102
{ACAD_REACTORS
330
16
102
}
330
16
100
AcDbVisualStyle
  2
Gouraud
 70
2
177
3
291
1
 70
58
 90
2
176
1
 90
2
176
1
 90
0
176
1
 90
2
176
1
 40
0.6
176
1
 40
30.0
176
1
 62
7
420
16777215
176
1
 90
1
176
1
 90
4
176
1
 62
7
176
1
 62
257
176
1
 90
1
176
1
 90
1
176
1
 40
1.0
176
1
 90
8
176
1
 62
7
176
1
 40
1.0
176
1
 90
1
176
1
 90
6
176
1
 90
2
176
1
 62
7
176
1
 90
5
176
1
 90
0
176
1
 90
0
176
1
290
0
176
1
 90
1
176
1
 40
0.0
176
1
 90
0
176
1
290
0
176
1
290
1
176
1
290
1
176
1
290
0
176
1
290
0
176
1
290
0
176
1
290
0
176
1
290
0
176
1
290
0
176
1
 90
50
176
1
 40
0.0
176
1
 40
1.0
176
1
 90
0
176
1
 62
18
420
0
176
1
 90
50
176
1
 90
3
176
1
 62
5
420
255
176
1
290
0
176
1
 90
50
176
1
 90
50
176
1
 90
50
176
1
290
0
176
1
 90
50
176
1
 62
256
176
0
 40
1.0
176
0
 90
2
176
1
  1
strokes_ogs.tif
176
1
290
0
176
1
 40
1.0
176
1
 40
1.0
176
1
  0
VISUALSTYLE
  5
65
102
{ACAD_REACTORS
330
16
102
}
330
16
100
AcDbVisualStyle
  2
GouraudWithEdges
 70
3
177
3
291
1
 70
58
 90
2
176
1
 90
2
176
1
 90
0
176
1
 90
2
176
1
 40
0.6
176
1
 40
30.0
176
1
 62
7
420
16777215
176
1
 90
1
176
1
 90
4
176
1
 62
7
176
1
 62
257
176
1
 90
1
176
1
 90
1
176
1
 40
1.0
176
1
 90
8
176
1
 62
7
176
1
 40
1.0
176
1
 90
1
176
1
 90
6
176
1
 90
2
176
1
 62
7
176
1
 90
5
176
1
 90
0
176
1
 90
0
176
1
290
0
176
1
 90
1
176
1
 40
0.0
176
1
 90
0
176
1
290
0
176
1
290
1
176
1
290
1
176
1
290
0
176
1
290
0
176
1
290
0
176
1
290
0
176
1
290
0
176
1
290
0
176
1
 90
50
176
1
 40
0.0
176
1
 40
1.0
176
1
 90
0
176
1
 62
18
420
0
176
1
 90
50
176
1
 90
3
176
1
 62
5
420
255
176
1
290
0
176
1
 90
50
176
1
 90
50
176
1
 90
50
176
1
290
0
176
1
 90
50
176
1
 62
256
176
0
 40
1.0
176
0
 90
2
176
1
  1
strokes_ogs.tif
176
1
290
0
176
1
 40
1.0
176
1
 40
1.0
176
1
  0
VISUALSTYLE
  5
66
102
{ACAD_REACTORS
330
16
102
}
330
16
100
AcDbVisualStyle
  2
Hidden
 70
6
177
3
291
0
 70
58
 90
2
176
1
 90
2
176
1
 90
0
176
1
 90
1
176
1
 40
0.6
176
1
 40
30.0
176
1
 62
7
420
16777215
176
1
 90
1
176
1
 90
4
176
1
 62
7
176
1
 62
257
176
1
 90
1
176
1
 90
1
176
1
 40
1.0
176
1
 90
8
176
1
 62
7
176
1
 40
1.0
176
1
 90
1
176
1
 90
6
176
1
 90
2
176
1
 62
7
176
1
 90
5
176
1
 90
0
176
1
 90
0
176
1
290
0
176
1
 90
1
176
1
 40
0.0
176
1
 90
0
176
1
290
0
176
1
290
1
176
1
290
1
176
1
290
0
176
1
290
0
176
1
290
0
176
1
290
0
176
1
290
0
176
1
290
0
176
1
 90
50
176
1
 40
0.0
176
1
 40
1.0
176
1
 90
0
176
1
 62
18
420
0
176
1
 90
50
176
1
 90
3
176
1
 62
5
420
255
176
1
290
0
176
1
 90
50
176
1
 90
50
176
1
 90
50
176
1
290
0
176
1
 90
50
176
1
 62
256
176
0
 40
1.0
176
0
 90
2
176
1
  1
strokes_ogs.tif
176
1
290
0
176
1
 40
1.0
176
1
 40
1.0
176
1
  0
VISUALSTYLE
  5
67
102
{ACAD_REACTORS
330
16
102
}
330
16
100
AcDbVisualStyle
  2
JitterOff
 70
20
177
3
291
1
 70
58
 90
2
176
1
 90
2
176
1
 90
0
176
1
 90
2
176
1
 40
0.6
176
1
 40
30.0
176
1
 62
7
420
16777215
176
1
 90
1
176
1
 90
4
176
1
 62
7
176
1
 62
257
176
1
 90
1
176
1
 90
1
176
1
 40
1.0
176
1
 90
8
176
1
 62
7
176
1
 40
1.0
176
1
 90
1
176
1
 90
6
176
1
 90
2
176
1
 62
7
176
1
 90
5
176
1
 90
0
176
1
 90
0
176
1
290
0
176
1
 90
1
176
1
 40
0.0
176
1
 90
0
176
1
290
0
176
1
290
1
176
1
290
1
176
1
290
0
176
1
290
0
176
1
290
0
176
1
290
0
176
1
290
0
176
1
290
0
176
1
 90
50
176
1
 40
0.0
176
1
 40
1.0
176
1
 90
0
176
1
 62
18
420
0
176
1
 90
50
176
1
 90
3
176
1
 62
5
420
255
176
1
290
0
176
1
 90
50
176
1
 90
50
176
1
 90
50
176
1
290
0
176
1
 90
50
176
1
 62
256
176
0
 40
1.0
176
0
 90
2
176
1
  1
strokes_ogs.tif
176
1
290
0
176
1
 40
1.0
176
1
 40
1.0
176
1
  0
VISUALSTYLE
  5
68
102
{ACAD_REACTORS
330
16
102
}
330
16
100
AcDbVisualStyle
  2
Linepattern
 70
14
177
3
291
1
 70
58
 90
2
176
1
 90
2
176
1
 90
0
176
1
 90
2
176
1
 40
0.6
176
1
 40
30.0
176
1
 62
7
420
16777215
176
1
 90
1
176
1
 90
4
176
1
 62
7
176
1
 62
257
176
1
 90
1
176
1
 90
1
176
1
 40
1.0
176
1
 90
8
176
1
 62
7
176
1
 40
1.0
176
1
 90
1
176
1
 90
6
176
1
 90
2
176
1
 62
7
176
1
 90
5
176
1
 90
0
176
1
 90
0
176
1
290
0
176
1
 90
1
176
1
 40
0.0
176
1
 90
0
176
1
290
0
176
1
290
1
176
1
290
1
176
1
290
0
176
1
290
0
176
1
290
0
176
1
290
0
176
1
290
0
176
1
290
0
176
1
 90
50
176
1
 40
0.0
176
1
 40
1.0
176
1
 90
0
176
1
 62
18
420
0
176
1
 90
50
176
1
 90
3
176
1
 62
5
420
255
176
1
290
0
176
1
 90
50
176
1
 90
50
176
1
 90
50
176
1
290
0
176
1
 90
50
176
1
 62
256
176
0
 40
1.0
176
0
 90
2
176
1
  1
strokes_ogs.tif
176
1
290
0
176
1
 40
1.0
176
1
 40
1.0
176
1
  0
VISUALSTYLE
  5
69
102
{ACAD_REACTORS
330
16
102
}
330
16
100
AcDbVisualStyle
  2
Modeling
 70
10
177
3
291
0
 70
58
 90
2
176
1
 90
2
176
1
 90
0
176
1
 90
2
176
1
 40
0.6
176
1
 40
30.0
176
1
 62
7
420
16777215
176
1
 90
1
176
1
 90
4
176
1
 62
7
176
1
 62
257
176
1
 90
1
176
1
 90
1
176
1
 40
1.0
176
1
 90
8
176
1
 62
7
176
1
 40
1.0
176
1
 90
1
176
1
 90
6
176
1
 90
2
176
1
 62
7
176
1
 90
5
176
1
 90
0
176
1
 90
0
176
1
290
0
176
1
 90
1
176
1
 40
0.0
176
1
 90
0
176
1
290
0
176
1
290
1
176
1
290
1
176
1
290
0
176
1
290
0
176
1
290
0
176
1
290
0
176
1
290
0
176
1
290
0
176
1
 90
50
176
1
 40
0.0
176
1
 40
1.0
176
1
 90
0
176
1
 62
18
420
0
176
1
 90
50
176
1
 90
3
176
1
 62
5
420
255
176
1
290
0
176
1
 90
50
176
1
 90
50
176
1
 90
50
176
1
290
0
176
1
 90
50
176
1
 62
256
176
0
 40
1.0
176
0
 90
2
176
1
  1
strokes_ogs.tif
176
1
290
0
176
1
 40
1.0
176
1
 40
1.0
176
1
  0
VISUALSTYLE
  5
6A
102
{ACAD_REACTORS
330
16
102
}
330
16
100
AcDbVisualStyle
  2
OverhangOff
 70
21
177
3
291
1
 70
58
 90
2
176
1
 90
2
176
1
 90
0
176
1
 90
2
176
1
 40
0.6
176
1
 40
30.0
176
1
 62
7
420
16777215
176
1
 90
1
176
1
 90
4
176
1
 62
7
176
1
 62
257
176
1
 90
1
176
1
 90
1
176
1
 40
1.0
176
1
 90
8
176
1
 62
7
176
1
 40
1.0
176
1
 90
1
176
1
 90
6
176
1
 90
2
176
1
 62
7
176
1
 90
5
176
1
 90
0
176
1
 90
0
176
1
290
0
176
1
 90
1
176
1
 40
0.0
176
1
 90
0
176
1
290
0
176
1
290
1
176
1
290
1
176
1
290
0
176
1
290
0
176
1
290
0
176
1
290
0
176
1
290
0
176
1
290
0
176
1
 90
50
176
1
 40
0.0
176
1
 40
1.0
176
1
 90
0
176
1
 62
18
420
0
176
1
 90
50
176
1
 90
3
176
1
 62
5
420
255
176
1
290
0
176
1
 90
50
176
1
 90
50
176
1
 90
50
176
1
290
0
176
1
 90
50
176
1
 62
256
176
0
 40
1.0
176
0
 90
2
176
1
  1
strokes_ogs.tif
176
1
290
0
176
1
 40
1.0
176
1
 40
1.0
176
1
  0
VISUALSTYLE
  5
6B
102
{ACAD_REACTORS
330
16
102
}
330
16
100
AcDbVisualStyle
  2
Realistic
 70
8
177
3
291
0
 70
58
 90
2
176
1
 90
2
176
1
 90
0
176
1
 90
2
176
1
 40
0.6
176
1
 40
30.0
176
1
 62
7
420
16777215
176
1
 90
1
176
1
 90
4
176
1
 62
7
176
1
 62
257
176
1
 90
1
176
1
 90
1
176
1
 40
1.0
176
1
 90
8
176
1
 62
7
176
1
 40
1.0
176
1
 90
1
176
1
 90
6
176
1
 90
2
176
1
 62
7
176
1
 90
5
176
1
 90
0
176
1
 90
0
176
1
290
0
176
1
 90
1
176
1
 40
0.0
176
1
 90
0
176
1
290
0
176
1
290
1
176
1
290
1
176
1
290
0
176
1
290
0
176
1
290
0
176
1
290
0
176
1
290
0
176
1
290
0
176
1
 90
50
176
1
 40
0.0
176
1
 40
1.0
176
1
 90
0
176
1
 62
18
420
0
176
1
 90
50
176
1
 90
3
176
1
 62
5
420
255
176
1
290
0
176
1
 90
50
176
1
 90
50
176
1
 90
50
176
1
290
0
176
1
 90
50
176
1
 62
256
176
0
 40
1.0
176
0
 90
2
176
1
  1
strokes_ogs.tif
176
1
290
0
176
1
 40
1.0
176
1
 40
1.0
176
1
  0
VISUALSTYLE
  5
6C
102
{ACAD_REACTORS
330
16
102
}
330
16
100
AcDbVisualStyle
  2
Shaded
 70
27
177
3
291
0
 70
58
 90
2
176
1
 90
2
176
1
 90
0
176
1
 90
2
176
1
 40
0.6
176
1
 40
30.0
176
1
 62
7
420
16777215
176
1
 90
1
176
1
 90
4
176
1
 62
7
176
1
 62
257
176
1
 90
1
176
1
 90
1
176
1
 40
1.0
176
1
 90
8
176
1
 62
7
176
1
 40
1.0
176
1
 90
1
176
1
 90
6
176
1
 90
2
176
1
 62
7
176
1
 90
5
176
1
 90
0
176
1
 90
0
176
1
290
0
176
1
 90
1
176
1
 40
0.0
176
1
 90
0
176
1
290
0
176
1
290
1
176
1
290
1
176
1
290
0
176
1
290
0
176
1
290
0
176
1
290
0
176
1
290
0
176
1
290
0
176
1
 90
50
176
1
 40
0.0
176
1
 40
1.0
176
1
 90
0
176
1
 62
18
420
0
176
1
 90
50
176
1
 90
3
176
1
 62
5
420
255
176
1
290
0
176
1
 90
50
176
1
 90
50
176
1
 90
50
176
1
290
0
176
1
 90
50
176
1
 62
256
176
0
 40
1.0
176
0
 90
2
176
1
  1
strokes_ogs.tif
176
1
290
0
176
1
 40
1.0
176
1
 40
1.0
176
1
  0
VISUALSTYLE
  5
6D
102
{ACAD_REACTORS
330
16
102
}
330
16
100
AcDbVisualStyle
  2
Shaded with edges
 70
26
177
3
291
0
 70
58
 90
2
176
1
 90
2
176
1
 90
0
176
1
 90
2
176
1
 40
0.6
176
1
 40
30.0
176
1
 62
7
420
16777215
176
1
 90
1
176
1
 90
4
176
1
 62
7
176
1
 62
257
176
1
 90
1
176
1
 90
1
176
1
 40
1.0
176
1
 90
8
176
1
 62
7
176
1
 40
1.0
176
1
 90
1
176
1
 90
6
176
1
 90
2
176
1
 62
7
176
1
 90
5
176
1
 90
0
176
1
 90
0
176
1
290
0
176
1
 90
1
176
1
 40
0.0
176
1
 90
0
176
1
290
0
176
1
290
1
176
1
290
1
176
1
290
0
176
1
290
0
176
1
290
0
176
1
290
0
176
1
290
0
176
1
290
0
176
1
 90
50
176
1
 40
0.0
176
1
 40
1.0
176
1
 90
0
176
1
 62
18
420
0
176
1
 90
50
176
1
 90
3
176
1
 62
5
420
255
176
1
290
0
176
1
 90
50
176
1
 90
50
176
1
 90
50
176
1
290
0
176
1
 90
50
176
1
 62
256
176
0
 40
1.0
176
0
 90
2
176
1
  1
strokes_ogs.tif
176
1
290
0
176
1
 40
1.0
176
1
 40
1.0
176
1
  0
VISUALSTYLE
  5
6E
102
{ACAD_REACTORS
330
16
102
}
330
16
100
AcDbVisualStyle
  2
Shades of Gray
 70
23
177
3
291
0
 70
58
 90
2
176
1
 90
2
176
1
 90
0
176
1
 90
2
176
1
 40
0.6
176
1
 40
30.0
176
1
 62
7
420
16777215
176
1
 90
1
176
1
 90
4
176
1
 62
7
176
1
 62
257
176
1
 90
1
176
1
 90
1
176
1
 40
1.0
176
1
 90
8
176
1
 62
7
176
1
 40
1.0
176
1
 90
1
176
1
 90
6
176
1
 90
2
176
1
 62
7
176
1
 90
5
176
1
 90
0
176
1
 90
0
176
1
290
0
176
1
 90
1
176
1
 40
0.0
176
1
 90
0
176
1
290
0
176
1
290
1
176
1
290
1
176
1
290
0
176
1
290
0
176
1
290
0
176
1
290
0
176
1
290
0
176
1
290
0
176
1
 90
50
176
1
 40
0.0
176
1
 40
1.0
176
1
 90
0
176
1
 62
18
420
0
176
1
 90
50
176
1
 90
3
176
1
 62
5
420
255
176
1
290
0
176
1
 90
50
176
1
 90
50
176
1
 90
50
176
1
290
0
176
1
 90
50
176
1
 62
256
176
0
 40
1.0
176
0
 90
2
176
1
  1
strokes_ogs.tif
176
1
290
0
176
1
 40
1.0
176
1
 40
1.0
176
1
  0
VISUALSTYLE
  5
6F
102
{ACAD_REACTORS
330
16
102
}
330
16
100
AcDbVisualStyle
  2
Sketchy
 70
24
177
3
291
0
 70
58
 90
2
176
1
 90
2
176
1
 90
0
176
1
 90
1
176
1
 40
0.6
176
1
 40
30.0
176
1
 62
7
420
16777215
176
1
 90
1
176
1
 90
4
176
1
 62
7
176
1
 62
257
176
1
 90
1
176
1
 90
1
176
1
 40
1.0
176
1
 90
8
176
1
 62
7
176
1
 40
1.0
176
1
 90
1
176
1
 90
6
176
1
 90
2
176
1
 62
7
176
1
 90
5
176
1
 90
0
176
1
 90
0
176
1
290
0
176
1
 90
1
176
1
 40
0.0
176
1
 90
0
176
1
290
0
176
1
290
1
176
1
290
1
176
1
290
0
176
1
290
0
176
1
290
0
176
1
290
0
176
1
290
0
176
1
290
0
176
1
 90
50
176
1
 40
0.0
176
1
 40
1.0
176
1
 90
0
176
1
 62
18
420
0
176
1
 90
50
176
1
 90
3
176
1
 62
5
420
255
176
1
290
0
176
1
 90
50
176
1
 90
50
176
1
 90
50
176
1
290
0
176
1
 90
50
176
1
 62
256
176
0
 40
1.0
176
0
 90
2
176
1
  1
strokes_ogs.tif
176
1
290
0
176
1
 40
1.0
176
1
 40
1.0
176
1
  0
VISUALSTYLE
  5
70
102
{ACAD_REACTORS
330
16
102
}
330
16
100
AcDbVisualStyle
  2
Thicken
 70
13
177
3
291
1
 70
58
 90
2
176
1
 90
2
176
1
 90
0
176
1
 90
2
176
1
 40
0.6
176
1
 40
30.0
176
1
 62
7
420
16777215
176
1
 90
1
176
1
 90
4
176
1
 62
7
176
1
 62
257
176
1
 90
1
176
1
 90
1
176
1
 40
1.0
176
1
 90
8
176
1
 62
7
176
1
 40
1.0
176
1
 90
1
176
1
 90
6
176
1
 90
2
176
1
 62
7
176
1
 90
5
176
1
 90
0
176
1
 90
0
176
1
290
0
176
1
 90
1
176
1
 40
0.0
176
1
 90
0
176
1
290
0
176
1
290
1
176
1
290
1
176
1
290
0
176
1
290
0
176
1
290
0
176
1
290
0
176
1
290
0
176
1
290
0
176
1
 90
50
176
1
 40
0.0
176
1
 40
1.0
176
1
 90
0
176
1
 62
18
420
0
176
1
 90
50
176
1
 90
3
176
1
 62
5
420
255
176
1
290
0
176
1
 90
50
176
1
 90
50
176
1
 90
50
176
1
290
0
176
1
 90
50
176
1
 62
256
176
0
 40
1.0
176
0
 90
2
176
1
  1
strokes_ogs.tif
176
1
290
0
176
1
 40
1.0
176
1
 40
1.0
176
1
  0
VISUALSTYLE
  5
71
102
{ACAD_REACTORS
330
16
102
}
330
16
100
AcDbVisualStyle
  2
Wireframe
 70
5
177
3
291
0
 70
58
 90
2
176
1
 90
2
176
1
 90
0
176
1
 90
0
176
1
 40
0.6
176
1
 40
30.0
176
1
 62
7
420
16777215
176
1
 90
1
176
1
 90
4
176
1
 62
7
176
1
 62
257
176
1
 90
1
176
1
 90
1
176
1
 40
1.0
176
1
 90
8
176
1
 62
7
176
1
 40
1.0
176
1
 90
1
176
1
 90
6
176
1
 90
2
176
1
 62
7
176
1
 90
5
176
1
 90
0
176
1
 90
0
176
1
290
0
176
1
 90
1
176
1
 40
0.0
176
1
 90
0
176
1
290
0
176
1
290
1
176
1
290
1
176
1
290
0
176
1
290
0
176
1
290
0
176
1
290
0
176
1
290
0
176
1
290
0
176
1
 90
50
176
1
 40
0.0
176
1
 40
1.0
176
1
 90
0
176
1
 62
18
420
0
176
1
 90
50
176
1
 90
3
176
1
 62
5
420
255
176
1
290
0
176
1
 90
50
176
1
 90
50
176
1
 90
50
176
1
290
0
176
1
 90
50
176
1
 62
256
176
0
 40
1.0
176
0
 90
2
176
1
  1
strokes_ogs.tif
176
1
290
0
176
1
 40
1.0
176
1
 40
1.0
176
1
  0
VISUALSTYLE
  5
72
102
{ACAD_REACTORS
330
16
102
}
330
16
100
AcDbVisualStyle
  2
X-Ray
 70
25
177
3
291
0
 70
58
 90
2
176
1
 90
2
176
1
 90
0
176
1
 90
2
176
1
 40
0.5
176
1
 40
30.0
176
1
 62
7
420
16777215
176
1
 90
1
176
1
 90
4
176
1
 62
7
176
1
 62
257
176
1
 90
1
176
1
 90
1
176
1
 40
1.0
176
1
 90
8
176
1
 62
7
176
1
 40
1.0
176
1
 90
1
176
1
 90
6
176
1
 90
2
176
1
 62
7
176
1
 90
5
176
1
 90
0
176
1
 90
0
176
1
290
0
176
1
 90
1
176
1
 40
0.0
176
1
 90
0
176
1
290
0
176
1
290
1
176
1
290
1
176
1
290
0
176
1
290
0
176
1
290
0
176
1
290
0
176
1
290
0
176
1
290
0
176
1
 90
50
176
1
 40
0.0
176
1
 40
1.0
176
1
 90
0
176
1
 62
18
420
0
176
1
 90
50
176
1
 90
3
176
1
 62
5
420
255
176
1
290
0
176
1
 90
50
176
1
 90
50
176
1
 90
50
176
1
290
0
176
1
 90
50
176
1
 62
256
176
0
 40
1.0
176
0
 90
2
176
1
  1
strokes_ogs.tif
176
1
290
0
176
1
 40
1.0
176
1
 40
1.0
176
1
  0
DICTIONARYVAR
  5
F5
330
2D
100
DictionaryVariables
280
0
  1
1.4.3 @ 2026-01-18T02:00:45.052219+00:00
  0
ENDSEC
  0
EOF
